filename,novelty_score,flagged
sample_00001.jpg,0.38779078189905347,False
sample_00002.jpg,0.41459800723410367,False
sample_00003.jpg,0.3541263788740371,False
sample_00004.jpg,0.43800594130563003,False
sample_00005.jpg,0.3981806132602265,False
sample_00006.jpg,0.49626174466451545,False
sample_00007.jpg,0.3846133474348786,False
sample_00008.jpg,0.3613004126173298,False
sample_00009.jpg,0.41946653410621254,False
sample_00010.jpg,0.456829519120305,False
sample_00011.jpg,0.3768388687778265,False
sample_00012.jpg,0.4263832213101352,False
sample_00013.jpg,0.38437430129423095,False
sample_00014.jpg,0.4455656015518819,False
sample_00015.jpg,0.47563153037667194,False
sample_00016.jpg,0.4489555929930099,False
sample_00017.jpg,0.44945755540219096,False
sample_00018.jpg,0.5246284460052613,False
sample_00019.jpg,0.43192799732294124,False
sample_00020.jpg,0.4267096486322358,False
sample_00021.jpg,0.39717879050052685,False
sample_00022.jpg,0.35918164149753096,False
sample_00023.jpg,0.4059951467887213,False
sample_00024.jpg,0.3967283310485985,False
sample_00025.jpg,0.4549130554189609,False
sample_00026.jpg,0.4376791346542991,False
sample_00027.jpg,0.4532023096275762,False
sample_00028.jpg,0.43007666990999055,False
sample_00029.jpg,0.4535993684438711,False
sample_00030.jpg,0.4140116292948685,False
sample_00031.jpg,0.4491489132228964,False
sample_00032.jpg,0.3710662352059436,False
sample_00033.jpg,0.4110003474302561,False
sample_00034.jpg,0.3923933943306961,False
sample_00035.jpg,0.3942119812838874,False
sample_00036.jpg,0.4521833848882274,False
sample_00037.jpg,0.45107593883418584,False
sample_00038.jpg,0.40672741459009504,False
sample_00039.jpg,0.46782712258129144,False
sample_00040.jpg,0.4355891411260819,False
sample_00041.jpg,0.4317079796144698,False
sample_00042.jpg,0.39207278181896665,False
sample_00043.jpg,0.40729438520864714,False
sample_00044.jpg,0.39172069336397947,False
sample_00045.jpg,0.431915121481431,False
sample_00046.jpg,0.39414501813029834,False
sample_00047.jpg,0.3843002294359979,False
sample_00048.jpg,0.4207191819876928,False
sample_00049.jpg,0.3637886521572563,False
sample_00050.jpg,0.4305556221877365,False
sample_00051.jpg,0.4622511523288928,False
sample_00052.jpg,0.4013561171039945,False
sample_00053.jpg,0.402151104818405,False
sample_00054.jpg,0.4108855829579421,False
sample_00055.jpg,0.3981372994263499,False
sample_00056.jpg,0.40379291862537764,False
sample_00057.jpg,0.4589196185882137,False
sample_00058.jpg,0.3786492478506409,False
sample_00059.jpg,0.47299386719614683,False
sample_00060.jpg,0.4720098369086629,False
sample_00061.jpg,0.4194480035609756,False
sample_00062.jpg,0.4365641416091203,False
sample_00063.jpg,0.408930199720606,False
sample_00064.jpg,0.4611021198769442,False
sample_00065.jpg,0.4244393542815642,False
sample_00066.jpg,0.47682998323089315,False
sample_00067.jpg,0.4613371841537687,False
sample_00068.jpg,0.4024257113373524,False
sample_00069.jpg,0.434668046853587,False
sample_00070.jpg,0.4582433817349419,False
sample_00071.jpg,0.41811745848438103,False
sample_00072.jpg,0.3813924401086736,False
sample_00073.jpg,0.438234363685835,False
sample_00074.jpg,0.39313126075096255,False
sample_00075.jpg,0.39287459100220834,False
sample_00076.jpg,0.4266323253535186,False
sample_00077.jpg,0.36517591926054804,False
sample_00078.jpg,0.41118808197154205,False
sample_00079.jpg,0.44911548041775673,False
sample_00080.jpg,0.43734119886775225,False
sample_00081.jpg,0.47586041416091995,False
sample_00082.jpg,0.4110633634129091,False
sample_00083.jpg,0.41106297769313555,False
sample_00084.jpg,0.3951220383648914,False
sample_00085.jpg,0.46939065118883205,False
sample_00086.jpg,0.4011352119134162,False
sample_00087.jpg,0.40679847815572917,False
sample_00088.jpg,0.4608621693360306,False
sample_00089.jpg,0.3934176121991743,False
sample_00090.jpg,0.4852344515610863,False
sample_00091.jpg,0.39987426303289497,False
sample_00092.jpg,0.4256900389577404,False
sample_00093.jpg,0.4444698578204202,False
sample_00094.jpg,0.39308573328410373,False
sample_00095.jpg,0.37712153918929314,False
sample_00096.jpg,0.38727956375197986,False
sample_00097.jpg,0.43141982263910716,False
sample_00098.jpg,0.42473436546798987,False
sample_00099.jpg,0.4261438375797552,False
sample_00100.jpg,0.41269732489239086,False
sample_00101.jpg,0.38180887212653636,False
sample_00102.jpg,0.393549159437745,False
sample_00103.jpg,0.4527480671808092,False
sample_00104.jpg,0.4299346015283209,False
sample_00105.jpg,0.4481661151540581,False
sample_00106.jpg,0.36739889919771357,False
sample_00107.jpg,0.37330625934411854,False
sample_00108.jpg,0.3970763888556166,False
sample_00109.jpg,0.37105737683631407,False
sample_00110.jpg,0.37279101866701103,False
sample_00111.jpg,0.4652964460207095,False
sample_00112.jpg,0.42444448118170347,False
sample_00113.jpg,0.4224695659428082,False
sample_00114.jpg,0.3835096282402841,False
sample_00115.jpg,0.3574909870034059,False
sample_00116.jpg,0.47073688948450665,False
sample_00117.jpg,0.39049115902198656,False
sample_00118.jpg,0.45257576611922085,False
sample_00119.jpg,0.3917085610295605,False
sample_00120.jpg,0.42280131023016776,False
sample_00121.jpg,0.3638862354061173,False
sample_00122.jpg,0.40035168150319117,False
sample_00123.jpg,0.3901835855969064,False
sample_00124.jpg,0.40441828305342453,False
sample_00125.jpg,0.40431166304754984,False
sample_00126.jpg,0.4518000772858463,False
sample_00127.jpg,0.3901674881783828,False
sample_00128.jpg,0.39338058796373326,False
sample_00129.jpg,0.4075862219729023,False
sample_00130.jpg,0.4380382285457693,False
sample_00131.jpg,0.40766520502322473,False
sample_00132.jpg,0.40928433811284287,False
sample_00133.jpg,0.4295239224969828,False
sample_00134.jpg,0.4057831922928601,False
sample_00135.jpg,0.3697412868219729,False
sample_00136.jpg,0.4358610437590355,False
sample_00137.jpg,0.42118215126195746,False
sample_00138.jpg,0.39563060609870276,False
sample_00139.jpg,0.37501560850200205,False
sample_00140.jpg,0.5589336822273338,True
sample_00141.jpg,0.38830126198565224,False
sample_00142.jpg,0.4147279854526945,False
sample_00143.jpg,0.4058366458789652,False
sample_00144.jpg,0.39780219946310436,False
sample_00145.jpg,0.4090956311371994,False
sample_00146.jpg,0.4146866857389952,False
sample_00147.jpg,0.45789036495839663,False
sample_00148.jpg,0.4018462640039055,False
sample_00149.jpg,0.3826239109883731,False
sample_00150.jpg,0.42363026377001733,False
sample_00151.jpg,0.4107320985128179,False
sample_00152.jpg,0.41200927606884374,False
sample_00153.jpg,0.3987474572718419,False
sample_00154.jpg,0.44052714920869124,False
sample_00155.jpg,0.37624750382194183,False
sample_00156.jpg,0.40115801913939103,False
sample_00157.jpg,0.40068715244312897,False
sample_00158.jpg,0.42778917275340295,False
sample_00159.jpg,0.4797371831805092,False
sample_00160.jpg,0.39802918617745325,False
sample_00161.jpg,0.4082238597706146,False
sample_00162.jpg,0.38571255709633956,False
sample_00163.jpg,0.35836702663481357,False
sample_00164.jpg,0.46577568662057367,False
sample_00165.jpg,0.4626618118061035,False
sample_00166.jpg,0.37941301496474644,False
sample_00167.jpg,0.4552610844230265,False
sample_00168.jpg,0.3985426924163487,False
sample_00169.jpg,0.3802970975890044,False
sample_00170.jpg,0.4402582236035645,False
sample_00171.jpg,0.40702746266750633,False
sample_00172.jpg,0.48222558214200545,False
sample_00173.jpg,0.401306796945749,False
sample_00174.jpg,0.4577254768143093,False
sample_00175.jpg,0.4491289879076294,False
sample_00176.jpg,0.43613059803508225,False
sample_00177.jpg,0.3703700930439147,False
sample_00178.jpg,0.3577152121269608,False
sample_00179.jpg,0.4113820291149442,False
sample_00180.jpg,0.40748084338996404,False
sample_00181.jpg,0.3887387481275842,False
sample_00182.jpg,0.43179754287810834,False
sample_00183.jpg,0.3873204932570792,False
sample_00184.jpg,0.41072475460092384,False
sample_00185.jpg,0.44604550037359014,False
sample_00186.jpg,0.3990056189490913,False
sample_00187.jpg,0.4286718527326287,False
sample_00188.jpg,0.3738980451603763,False
sample_00189.jpg,0.3895757540226915,False
sample_00190.jpg,0.46974082514160265,False
sample_00191.jpg,0.44063448813908235,False
sample_00192.jpg,0.39006061133035536,False
sample_00193.jpg,0.39905597026873785,False
sample_00194.jpg,0.36659311141606127,False
sample_00195.jpg,0.4534840401551709,False
sample_00196.jpg,0.46880278871940073,False
sample_00197.jpg,0.4597941078014684,False
sample_00198.jpg,0.39387671656152234,False
sample_00199.jpg,0.4384631431514617,False
sample_00200.jpg,0.4304433328808459,False
sample_00201.jpg,0.41293083946766573,False
sample_00202.jpg,0.3859864871591459,False
sample_00203.jpg,0.386610489795782,False
sample_00204.jpg,0.4600238396087425,False
sample_00205.jpg,0.40035303818298124,False
sample_00206.jpg,0.4152809225829443,False
sample_00207.jpg,0.4040947585449645,False
sample_00208.jpg,0.37244238357812237,False
sample_00209.jpg,0.4363232658187688,False
sample_00210.jpg,0.42536123952000715,False
sample_00211.jpg,0.44368351996453814,False
sample_00212.jpg,0.43255223759427064,False
sample_00213.jpg,0.4497972629867612,False
sample_00214.jpg,0.3970311400484032,False
sample_00215.jpg,0.4357020964404184,False
sample_00216.jpg,0.42763071465418223,False
sample_00217.jpg,0.44839938245289984,False
sample_00218.jpg,0.43158031956470533,False
sample_00219.jpg,0.40146241921445186,False
sample_00220.jpg,0.4311349864097609,False
sample_00221.jpg,0.40745349808599546,False
sample_00222.jpg,0.4994689416863299,False
sample_00223.jpg,0.4533146213209863,False
sample_00224.jpg,0.47827804762667453,False
sample_00225.jpg,0.43561620545762947,False
sample_00226.jpg,0.4954853439047451,False
sample_00227.jpg,0.4686563915415668,False
sample_00228.jpg,0.38529026370257485,False
sample_00229.jpg,0.3666420380083928,False
sample_00230.jpg,0.5023149902170655,False
sample_00231.jpg,0.4303239739153292,False
sample_00232.jpg,0.5051655216059906,False
sample_00233.jpg,0.48359310938202393,False
sample_00234.jpg,0.35757965968469335,False
sample_00235.jpg,0.37097259746721256,False
sample_00236.jpg,0.4127334735063723,False
sample_00237.jpg,0.43065552814524855,False
sample_00238.jpg,0.3904835465853991,False
sample_00239.jpg,0.4657362803217122,False
sample_00240.jpg,0.4303015668156423,False
sample_00241.jpg,0.4405365625760433,False
sample_00242.jpg,0.4535480632079158,False
sample_00243.jpg,0.38072704162931975,False
sample_00244.jpg,0.36690762706703545,False
sample_00245.jpg,0.36213291331302816,False
sample_00246.jpg,0.42354302480907957,False
sample_00247.jpg,0.42506386477937796,False
sample_00248.jpg,0.42018512495562144,False
sample_00249.jpg,0.3995518461882803,False
sample_00250.jpg,0.4479295702341924,False
sample_00251.jpg,0.44221852612937435,False
sample_00252.jpg,0.39283742640362845,False
sample_00253.jpg,0.3754899596372488,False
sample_00254.jpg,0.43444402424699313,False
sample_00255.jpg,0.4380630148421393,False
sample_00256.jpg,0.3757216158881313,False
sample_00257.jpg,0.3963351802511094,False
sample_00258.jpg,0.40717704764975693,False
sample_00259.jpg,0.4082876628517919,False
sample_00260.jpg,0.3910420713843532,False
sample_00261.jpg,0.4364667434296179,False
sample_00262.jpg,0.5376765264390264,True
sample_00263.jpg,0.4174246924083934,False
sample_00264.jpg,0.4544916499305157,False
sample_00265.jpg,0.39818637843484345,False
sample_00266.jpg,0.3972250781323409,False
sample_00267.jpg,0.40576633355705,False
sample_00268.jpg,0.36360700345596236,False
sample_00269.jpg,0.4850422575272506,False
sample_00270.jpg,0.43704047242850586,False
sample_00271.jpg,0.4016329176027856,False
sample_00272.jpg,0.4156149137797916,False
sample_00273.jpg,0.4204189721313796,False
sample_00274.jpg,0.4121021542298313,False
sample_00275.jpg,0.42535240518736706,False
sample_00276.jpg,0.4545189515164782,False
sample_00277.jpg,0.41820135586640567,False
sample_00278.jpg,0.4375836356948479,False
sample_00279.jpg,0.42632345821757267,False
sample_00280.jpg,0.4543928975805357,False
sample_00281.jpg,0.36119529919449034,False
sample_00282.jpg,0.36108605977337016,False
sample_00283.jpg,0.41287806674093497,False
sample_00284.jpg,0.3876936416965438,False
sample_00285.jpg,0.39588092623411036,False
sample_00286.jpg,0.4195557587847765,False
sample_00287.jpg,0.3876484783268891,False
sample_00288.jpg,0.36554269040373394,False
sample_00289.jpg,0.3644077979389564,False
sample_00290.jpg,0.40212060884340317,False
sample_00291.jpg,0.4237358804694061,False
sample_00292.jpg,0.45032890015979954,False
sample_00293.jpg,0.40760602248185385,False
sample_00294.jpg,0.39157332062753264,False
sample_00295.jpg,0.39985851472992,False
sample_00296.jpg,0.448637250226081,False
sample_00297.jpg,0.4454993706493013,False
sample_00298.jpg,0.4212405610007575,False
sample_00299.jpg,0.48646968039838695,False
sample_00300.jpg,0.4197897304841194,False
sample_00301.jpg,0.42149876102861944,False
sample_00302.jpg,0.44764517074848775,False
sample_00303.jpg,0.4703202316965227,False
sample_00304.jpg,0.4951181889625745,False
sample_00305.jpg,0.4002907171136143,False
sample_00306.jpg,0.4366522738907268,False
sample_00307.jpg,0.47700635266030683,False
sample_00308.jpg,0.4986303128083787,False
sample_00309.jpg,0.43467619826472437,False
sample_00310.jpg,0.4218619767976482,False
sample_00311.jpg,0.38283214686367834,False
sample_00312.jpg,0.4624164950480826,False
sample_00313.jpg,0.39974528686994215,False
sample_00314.jpg,0.41403372156176016,False
sample_00315.jpg,0.44760227659194085,False
sample_00316.jpg,0.46904911009298966,False
sample_00317.jpg,0.43073308194417953,False
sample_00318.jpg,0.39019378009514066,False
sample_00319.jpg,0.4935812311759976,False
sample_00320.jpg,0.4134676839216025,False
sample_00321.jpg,0.4197141500793246,False
sample_00322.jpg,0.4330959313641475,False
sample_00323.jpg,0.39360853483486447,False
sample_00324.jpg,0.3955636493750568,False
sample_00325.jpg,0.4181960276978241,False
sample_00326.jpg,0.4543636673904238,False
sample_00327.jpg,0.4141884250129528,False
sample_00328.jpg,0.4717969211056241,False
sample_00329.jpg,0.40314075296081137,False
sample_00330.jpg,0.3973242023109884,False
sample_00331.jpg,0.4717025030179933,False
sample_00332.jpg,0.4288755400012884,False
sample_00333.jpg,0.47616959407568477,False
sample_00334.jpg,0.40711977137204775,False
sample_00335.jpg,0.3926523475008698,False
sample_00336.jpg,0.4480817267006664,False
sample_00337.jpg,0.46547872350318037,False
sample_00338.jpg,0.44213548310439177,False
sample_00339.jpg,0.4480501435365814,False
sample_00340.jpg,0.44011973646026864,False
sample_00341.jpg,0.37967830748021686,False
sample_00342.jpg,0.38455374862481556,False
sample_00343.jpg,0.3821228828176655,False
sample_00344.jpg,0.45057369747821097,False
sample_00345.jpg,0.46357192236128525,False
sample_00346.jpg,0.5025054147013165,False
sample_00347.jpg,0.4710945556336671,False
sample_00348.jpg,0.4233861835426858,False
sample_00349.jpg,0.4331347288162659,False
sample_00350.jpg,0.35980109644465996,False
sample_00351.jpg,0.4392510250138089,False
sample_00352.jpg,0.44908081514077414,False
sample_00353.jpg,0.41944658244661226,False
sample_00354.jpg,0.37859974933246987,False
sample_00355.jpg,0.4096861165919616,False
sample_00356.jpg,0.5242142385671404,False
sample_00357.jpg,0.4436086495574205,False
sample_00358.jpg,0.40134063296044276,False
sample_00359.jpg,0.4393710638717031,False
sample_00360.jpg,0.45936256584426505,False
sample_00361.jpg,0.3933754833238165,False
sample_00362.jpg,0.4273108099462108,False
sample_00363.jpg,0.4431082512571042,False
sample_00364.jpg,0.46812578222403267,False
sample_00365.jpg,0.43209672818071576,False
sample_00366.jpg,0.4737117854761476,False
sample_00367.jpg,0.4289806208157118,False
sample_00368.jpg,0.4415611760288548,False
sample_00369.jpg,0.41037037540609816,False
sample_00370.jpg,0.42169408625679244,False
sample_00371.jpg,0.4688593030728243,False
sample_00372.jpg,0.430339522646101,False
sample_00373.jpg,0.39276626225124195,False
sample_00374.jpg,0.40911237757579505,False
sample_00375.jpg,0.40844169180090734,False
sample_00376.jpg,0.4611173371310253,False
sample_00377.jpg,0.44112296241340465,False
sample_00378.jpg,0.38277027408455616,False
sample_00379.jpg,0.4084767088133628,False
sample_00380.jpg,0.49574080033484547,False
sample_00381.jpg,0.432195998854541,False
sample_00382.jpg,0.39223947496699096,False
sample_00383.jpg,0.3864665975029471,False
sample_00384.jpg,0.40416289709711445,False
sample_00385.jpg,0.4094676844554507,False
sample_00386.jpg,0.45711192545850854,False
sample_00387.jpg,0.4380717158097307,False
sample_00388.jpg,0.45084121576573427,False
sample_00389.jpg,0.4301119055488766,False
sample_00390.jpg,0.3760633072104466,False
sample_00391.jpg,0.38703844508062085,False
sample_00392.jpg,0.3848001900020837,False
sample_00393.jpg,0.4479541449598816,False
sample_00394.jpg,0.44407017398757603,False
sample_00395.jpg,0.4030683081847682,False
sample_00396.jpg,0.44192768113428904,False
sample_00397.jpg,0.3893711943571269,False
sample_00398.jpg,0.5482917734999735,True
sample_00399.jpg,0.399228132234553,False
sample_00400.jpg,0.41661079268213896,False
sample_00401.jpg,0.43026572631881915,False
sample_00402.jpg,0.4187487346856833,False
sample_00403.jpg,0.42079757893791936,False
sample_00404.jpg,0.42038646003619434,False
sample_00405.jpg,0.41683310051821765,False
sample_00406.jpg,0.4195156674322353,False
sample_00407.jpg,0.39564954403862,False
sample_00408.jpg,0.4111249004226923,False
sample_00409.jpg,0.43248232941047166,False
sample_00410.jpg,0.4474714474971551,False
sample_00411.jpg,0.45433274506325383,False
sample_00412.jpg,0.42855856374007034,False
sample_00413.jpg,0.4669539251756649,False
sample_00414.jpg,0.4263182682427705,False
sample_00415.jpg,0.417018200316118,False
sample_00416.jpg,0.47201035554441617,False
sample_00417.jpg,0.39430942052089024,False
sample_00418.jpg,0.41289790400569054,False
sample_00419.jpg,0.38197293948147815,False
sample_00420.jpg,0.4154607031055356,False
sample_00421.jpg,0.3946958657628058,False
sample_00422.jpg,0.3884556817128849,False
sample_00423.jpg,0.39662026924854715,False
sample_00424.jpg,0.4469256699408544,False
sample_00425.jpg,0.415389043545969,False
sample_00426.jpg,0.3656374844017983,False
sample_00427.jpg,0.4088433202387942,False
sample_00428.jpg,0.4480778327025245,False
sample_00429.jpg,0.409687698929233,False
sample_00430.jpg,0.4036883490396387,False
sample_00431.jpg,0.3816329374611056,False
sample_00432.jpg,0.4608750936321439,False
sample_00433.jpg,0.4343510208890742,False
sample_00434.jpg,0.39664144375026494,False
sample_00435.jpg,0.4232069550125979,False
sample_00436.jpg,0.3606084996402285,False
sample_00437.jpg,0.3918236093850342,False
sample_00438.jpg,0.4454792611561603,False
sample_00439.jpg,0.4061333508441465,False
sample_00440.jpg,0.4468836307882628,False
sample_00441.jpg,0.43862239371135797,False
sample_00442.jpg,0.3997109377488361,False
sample_00443.jpg,0.38452092607441907,False
sample_00444.jpg,0.36637304202111354,False
sample_00445.jpg,0.36936050383286273,False
sample_00446.jpg,0.3767667032848944,False
sample_00447.jpg,0.42149112227032554,False
sample_00448.jpg,0.36678807512338846,False
sample_00449.jpg,0.39176734577473554,False
sample_00450.jpg,0.42078832775467295,False
sample_00451.jpg,0.48993324730995647,False
sample_00452.jpg,0.431800676255559,False
sample_00453.jpg,0.3941541583045209,False
sample_00454.jpg,0.42613243799431727,False
sample_00455.jpg,0.4764864453249085,False
sample_00456.jpg,0.4105853976057865,False
sample_00457.jpg,0.3859555554657187,False
sample_00458.jpg,0.420936780649508,False
sample_00459.jpg,0.42416487620599536,False
sample_00460.jpg,0.4528610426679037,False
sample_00461.jpg,0.4056457406109482,False
sample_00462.jpg,0.43209296192684654,False
sample_00463.jpg,0.3990754895476532,False
sample_00464.jpg,0.4142368852601382,False
sample_00465.jpg,0.4696212460334721,False
sample_00466.jpg,0.37837386989840344,False
sample_00467.jpg,0.43399956358092484,False
sample_00468.jpg,0.4043595296012775,False
sample_00469.jpg,0.40246521374135746,False
sample_00470.jpg,0.4540946995117937,False
sample_00471.jpg,0.44620517702950485,False
sample_00472.jpg,0.40304556198324454,False
sample_00473.jpg,0.41221658221396074,False
sample_00474.jpg,0.40196704653381765,False
sample_00475.jpg,0.3683957700132521,False
sample_00476.jpg,0.4345608009933083,False
sample_00477.jpg,0.4471505561635278,False
sample_00478.jpg,0.4316786185186936,False
sample_00479.jpg,0.4758599239113665,False
sample_00480.jpg,0.39472409800801567,False
sample_00481.jpg,0.5130583819123561,False
sample_00482.jpg,0.38530240610089217,False
sample_00483.jpg,0.4112427849880368,False
sample_00484.jpg,0.4129473844568394,False
sample_00485.jpg,0.38192843006745514,False
sample_00486.jpg,0.4367862145645868,False
sample_00487.jpg,0.4390150535217384,False
sample_00488.jpg,0.38982992624068485,False
sample_00489.jpg,0.49516310971540645,False
sample_00490.jpg,0.4225355741707546,False
sample_00491.jpg,0.4194013627959361,False
sample_00492.jpg,0.4745630611216144,False
sample_00493.jpg,0.4358896623317678,False
sample_00494.jpg,0.3603825766307038,False
sample_00495.jpg,0.3768477980787587,False
sample_00496.jpg,0.45195235349617235,False
sample_00497.jpg,0.3895463982334205,False
sample_00498.jpg,0.4493503629364141,False
sample_00499.jpg,0.4172530324054945,False
sample_00500.jpg,0.46010741326453164,False
sample_00501.jpg,0.4370907042882715,False
sample_00502.jpg,0.4083340942598285,False
sample_00503.jpg,0.4427245441452001,False
sample_00504.jpg,0.42150010229878365,False
sample_00505.jpg,0.4339789938971504,False
sample_00506.jpg,0.46251891690277147,False
sample_00507.jpg,0.41913659771516576,False
sample_00508.jpg,0.44158120221693614,False
sample_00509.jpg,0.4639214536749031,False
sample_00510.jpg,0.38740557427079947,False
sample_00511.jpg,0.42658026017370143,False
sample_00512.jpg,0.48293144841057023,False
sample_00513.jpg,0.3784662756266871,False
sample_00514.jpg,0.43178168542555606,False
sample_00515.jpg,0.41373974227100935,False
sample_00516.jpg,0.40051027064528844,False
sample_00517.jpg,0.49638123923175265,False
sample_00518.jpg,0.49651654688711566,False
sample_00519.jpg,0.39532209179913325,False
sample_00520.jpg,0.4398969888605282,False
sample_00521.jpg,0.36454652326653725,False
sample_00522.jpg,0.409299628517207,False
sample_00523.jpg,0.4226297277433648,False
sample_00524.jpg,0.4074479070250251,False
sample_00525.jpg,0.41575600117231015,False
sample_00526.jpg,0.45492933914729644,False
sample_00527.jpg,0.3857991459529532,False
sample_00528.jpg,0.44749429448076194,False
sample_00529.jpg,0.3970360296556277,False
sample_00530.jpg,0.40061236363848596,False
sample_00531.jpg,0.39854731130471244,False
sample_00532.jpg,0.37333020907958087,False
sample_00533.jpg,0.3922542248806383,False
sample_00534.jpg,0.41144833007509846,False
sample_00535.jpg,0.3887680480443824,False
sample_00536.jpg,0.3992744578166491,False
sample_00537.jpg,0.43755861840624327,False
sample_00538.jpg,0.4509315653721489,False
sample_00539.jpg,0.4446028010364654,False
sample_00540.jpg,0.404465225435158,False
sample_00541.jpg,0.47743680112968667,False
sample_00542.jpg,0.4176699509291817,False
sample_00543.jpg,0.42307059628534255,False
sample_00544.jpg,0.4575793982921215,False
sample_00545.jpg,0.3888429709338219,False
sample_00546.jpg,0.3863292627159661,False
sample_00547.jpg,0.4345167580663549,False
sample_00548.jpg,0.43141226410447414,False
sample_00549.jpg,0.38203161718793543,False
sample_00550.jpg,0.4822767044259356,False
sample_00551.jpg,0.4579427285527689,False
sample_00552.jpg,0.3972496729136517,False
sample_00553.jpg,0.41767095886032,False
sample_00554.jpg,0.41332401322767776,False
sample_00555.jpg,0.43904946453766347,False
sample_00556.jpg,0.3776301819569764,False
sample_00557.jpg,0.4741373855603783,False
sample_00558.jpg,0.44288129671815063,False
sample_00559.jpg,0.40890348259224596,False
sample_00560.jpg,0.44695051068962266,False
sample_00561.jpg,0.4764845042191374,False
sample_00562.jpg,0.4792057687566899,False
sample_00563.jpg,0.4204463246061127,False
sample_00564.jpg,0.44229765639069063,False
sample_00565.jpg,0.4556619850424508,False
sample_00566.jpg,0.437570725599212,False
sample_00567.jpg,0.4792394737466828,False
sample_00568.jpg,0.3744736338383226,False
sample_00569.jpg,0.40260724341683835,False
sample_00570.jpg,0.3993411564257089,False
sample_00571.jpg,0.4274433699606686,False
sample_00572.jpg,0.46913385756527615,False
sample_00573.jpg,0.4632634491571302,False
sample_00574.jpg,0.39248528598476917,False
sample_00575.jpg,0.4331393422252682,False
sample_00576.jpg,0.5227312039019647,False
sample_00577.jpg,0.4078097341608232,False
sample_00578.jpg,0.38971222358250673,False
sample_00579.jpg,0.4518032366788829,False
sample_00580.jpg,0.4227150610200536,False
sample_00581.jpg,0.41299305660201613,False
sample_00582.jpg,0.4060899882767577,False
sample_00583.jpg,0.3625013912843651,False
sample_00584.jpg,0.37371525122426197,False
sample_00585.jpg,0.3832147165553391,False
sample_00586.jpg,0.39922589145508236,False
sample_00587.jpg,0.40852908841077884,False
sample_00588.jpg,0.4616606891547511,False
sample_00589.jpg,0.4459991358630761,False
sample_00590.jpg,0.47954920171621596,False
sample_00591.jpg,0.4651019965768535,False
sample_00592.jpg,0.47119753112536744,False
sample_00593.jpg,0.4357948044958449,False
sample_00594.jpg,0.414450443602257,False
sample_00595.jpg,0.41387176715517754,False
sample_00596.jpg,0.3975414660592201,False
sample_00597.jpg,0.5074029369600892,False
sample_00598.jpg,0.3888978289766648,False
sample_00599.jpg,0.41000476807953856,False
sample_00600.jpg,0.4214937433533368,False
sample_00601.jpg,0.3766307534140552,False
sample_00602.jpg,0.4482629714021251,False
sample_00603.jpg,0.35935652692313785,False
sample_00604.jpg,0.3904189923664745,False
sample_00605.jpg,0.44510028167807136,False
sample_00606.jpg,0.47572184512811794,False
sample_00607.jpg,0.3844095802502956,False
sample_00608.jpg,0.43961179741448225,False
sample_00609.jpg,0.4595110544095359,False
sample_00610.jpg,0.4645935670781234,False
sample_00611.jpg,0.40927140945461615,False
sample_00612.jpg,0.4502530697637246,False
sample_00613.jpg,0.3971017247150951,False
sample_00614.jpg,0.4124704381903469,False
sample_00615.jpg,0.3623725710909283,False
sample_00616.jpg,0.3912852648222587,False
sample_00617.jpg,0.35332309872619777,False
sample_00618.jpg,0.42705292555446184,False
sample_00619.jpg,0.45274115419878513,False
sample_00620.jpg,0.3671449724074673,False
sample_00621.jpg,0.44474218561632267,False
sample_00622.jpg,0.4798668976740501,False
sample_00623.jpg,0.41186264826843133,False
sample_00624.jpg,0.43040578501974147,False
sample_00625.jpg,0.47981142124325116,False
sample_00626.jpg,0.3955382613981534,False
sample_00627.jpg,0.40047903351085795,False
sample_00628.jpg,0.4127775282505463,False
sample_00629.jpg,0.4266718695782692,False
sample_00630.jpg,0.3641627964083353,False
sample_00631.jpg,0.4358241760435439,False
sample_00632.jpg,0.44425596449927834,False
sample_00633.jpg,0.41329668340303183,False
sample_00634.jpg,0.46977024742128864,False
sample_00635.jpg,0.3862125817550802,False
sample_00636.jpg,0.4026616326997946,False
sample_00637.jpg,0.3693111153769858,False
sample_00638.jpg,0.4620103750782989,False
sample_00639.jpg,0.4918653781937213,False
sample_00640.jpg,0.3657212367892378,False
sample_00641.jpg,0.38539389449957207,False
sample_00642.jpg,0.440178080767811,False
sample_00643.jpg,0.4188089414462627,False
sample_00644.jpg,0.40275805867506576,False
sample_00645.jpg,0.4003563397553429,False
sample_00646.jpg,0.44766574488927646,False
sample_00647.jpg,0.3840543581699114,False
sample_00648.jpg,0.4176812948832973,False
sample_00649.jpg,0.3630089310956618,False
sample_00650.jpg,0.3850340487304732,False
sample_00651.jpg,0.41811518537272296,False
sample_00652.jpg,0.40369160754556516,False
sample_00653.jpg,0.3917950523645287,False
sample_00654.jpg,0.4103341349580288,False
sample_00655.jpg,0.4251781187869063,False
sample_00656.jpg,0.39512387925617193,False
sample_00657.jpg,0.49906807945495474,False
sample_00658.jpg,0.43395279156978106,False
sample_00659.jpg,0.3835321624878376,False
sample_00660.jpg,0.4079046896105136,False
sample_00661.jpg,0.37574158685059833,False
sample_00662.jpg,0.368736389012594,False
sample_00663.jpg,0.40252428868960916,False
sample_00664.jpg,0.42243683757542577,False
sample_00665.jpg,0.368689183316554,False
sample_00666.jpg,0.37908788158233464,False
sample_00667.jpg,0.45987329236818775,False
sample_00668.jpg,0.37593762750707926,False
sample_00669.jpg,0.42281279034275954,False
sample_00670.jpg,0.4085955800063696,False
sample_00671.jpg,0.40181735765069204,False
sample_00672.jpg,0.4519990218776598,False
sample_00673.jpg,0.39717033647757,False
sample_00674.jpg,0.3896362121999957,False
sample_00675.jpg,0.425414388621283,False
sample_00676.jpg,0.40721819976306806,False
sample_00677.jpg,0.395089226485211,False
sample_00678.jpg,0.43090919569760333,False
sample_00679.jpg,0.3932248326023584,False
sample_00680.jpg,0.39142805123726415,False
sample_00681.jpg,0.4223001454507099,False
sample_00682.jpg,0.405644219227594,False
sample_00683.jpg,0.3882710116343963,False
sample_00684.jpg,0.3813793736803128,False
sample_00685.jpg,0.4545348982368931,False
sample_00686.jpg,0.4338998927695888,False
sample_00687.jpg,0.3956079763232448,False
sample_00688.jpg,0.40733325283468946,False
sample_00689.jpg,0.42333648013386327,False
sample_00690.jpg,0.3709118532054171,False
sample_00691.jpg,0.3955869724128072,False
sample_00692.jpg,0.4639076655511749,False
sample_00693.jpg,0.4425111446776108,False
sample_00694.jpg,0.4171909232268909,False
sample_00695.jpg,0.41642274121438727,False
sample_00696.jpg,0.3684614798588587,False
sample_00697.jpg,0.37227487961364,False
sample_00698.jpg,0.41606031400376164,False
sample_00699.jpg,0.39000280756170225,False
sample_00700.jpg,0.4385396942160535,False
sample_00701.jpg,0.444896361595811,False
sample_00702.jpg,0.44606252582647404,False
sample_00703.jpg,0.44874730839831084,False
sample_00704.jpg,0.43275743455297316,False
sample_00705.jpg,0.42817496773787456,False
sample_00706.jpg,0.4184044471553881,False
sample_00707.jpg,0.46774380250630554,False
sample_00708.jpg,0.3971312293706143,False
sample_00709.jpg,0.4400366735030218,False
sample_00710.jpg,0.4376402208160829,False
sample_00711.jpg,0.43733612192539917,False
sample_00712.jpg,0.41510359952895953,False
sample_00713.jpg,0.46655003979495646,False
sample_00714.jpg,0.47376956352212773,False
sample_00715.jpg,0.3837795482709644,False
sample_00716.jpg,0.3718385467191897,False
sample_00717.jpg,0.3826255196573598,False
sample_00718.jpg,0.4855842815393618,False
sample_00719.jpg,0.44653394204691027,False
sample_00720.jpg,0.3763329575990638,False
sample_00721.jpg,0.4213724626045617,False
sample_00722.jpg,0.44111960465969224,False
sample_00723.jpg,0.4033591983367761,False
sample_00724.jpg,0.3661188077558123,False
sample_00725.jpg,0.37392329812620767,False
sample_00726.jpg,0.4386076690762184,False
sample_00727.jpg,0.37328457883970606,False
sample_00728.jpg,0.42319034588617893,False
sample_00729.jpg,0.4285919519423748,False
sample_00730.jpg,0.3922995096623893,False
sample_00731.jpg,0.44172059208420816,False
sample_00732.jpg,0.4152107017680039,False
sample_00733.jpg,0.41781715503726913,False
sample_00734.jpg,0.4554383758775177,False
sample_00735.jpg,0.425570258653858,False
sample_00736.jpg,0.42641361895655977,False
sample_00737.jpg,0.43533632341487255,False
sample_00738.jpg,0.44482477256728503,False
sample_00739.jpg,0.3912401654955447,False
sample_00740.jpg,0.42251174924076856,False
sample_00741.jpg,0.47098241775980176,False
sample_00742.jpg,0.4324666772107231,False
sample_00743.jpg,0.4543146058353633,False
sample_00744.jpg,0.46914381636576263,False
sample_00745.jpg,0.49993689789160134,False
sample_00746.jpg,0.3686273840343925,False
sample_00747.jpg,0.44636132706836557,False
sample_00748.jpg,0.46648617516307117,False
sample_00749.jpg,0.38931865221724904,False
sample_00750.jpg,0.3749340679903991,False
sample_00751.jpg,0.40376336838870824,False
sample_00752.jpg,0.3884262362238126,False
sample_00753.jpg,0.40682007773995144,False
sample_00754.jpg,0.4099574911548393,False
sample_00755.jpg,0.42351700843877177,False
sample_00756.jpg,0.4610453044657993,False
sample_00757.jpg,0.42069991742157686,False
sample_00758.jpg,0.3943100330155054,False
sample_00759.jpg,0.42528713290450976,False
sample_00760.jpg,0.4220611557099672,False
sample_00761.jpg,0.39028180616554053,False
sample_00762.jpg,0.4221478984492672,False
sample_00763.jpg,0.45505690842056284,False
sample_00764.jpg,0.4613076960786633,False
sample_00765.jpg,0.393016417560354,False
sample_00766.jpg,0.3904772983612607,False
sample_00767.jpg,0.46194072088877364,False
sample_00768.jpg,0.4075331197788108,False
sample_00769.jpg,0.38070385751962454,False
sample_00770.jpg,0.4332890829831557,False
sample_00771.jpg,0.39746436868757035,False
sample_00772.jpg,0.37665870186382167,False
sample_00773.jpg,0.37705802625686685,False
sample_00774.jpg,0.38430264984581425,False
sample_00775.jpg,0.45651655360537224,False
sample_00776.jpg,0.3733063697575224,False
sample_00777.jpg,0.4184844991803804,False
sample_00778.jpg,0.40046600513145714,False
sample_00779.jpg,0.4006501341516138,False
sample_00780.jpg,0.4101639064627714,False
sample_00781.jpg,0.3670420489092699,False
sample_00782.jpg,0.45334828620270956,False
sample_00783.jpg,0.442059895951321,False
sample_00784.jpg,0.443824571890184,False
sample_00785.jpg,0.3890809146093049,False
sample_00786.jpg,0.3880970218552186,False
sample_00787.jpg,0.40019135653730226,False
sample_00788.jpg,0.44930976613804563,False
sample_00789.jpg,0.421887441845562,False
sample_00790.jpg,0.3580637829751963,False
sample_00791.jpg,0.3931016049705775,False
sample_00792.jpg,0.45163725322578585,False
sample_00793.jpg,0.38540169958850495,False
sample_00794.jpg,0.41643875311810524,False
sample_00795.jpg,0.3915514757308234,False
sample_00796.jpg,0.47623982463343667,False
sample_00797.jpg,0.41281833621795694,False
sample_00798.jpg,0.38375231999315335,False
sample_00799.jpg,0.39355066776287145,False
sample_00800.jpg,0.40396391245768387,False
sample_00801.jpg,0.4573014077000617,False
sample_00802.jpg,0.4245123670178293,False
sample_00803.jpg,0.3930024726088732,False
sample_00804.jpg,0.3914418457692821,False
sample_00805.jpg,0.41745399437197017,False
sample_00806.jpg,0.3890707230326861,False
sample_00807.jpg,0.3833772571557922,False
sample_00808.jpg,0.40030669590337925,False
sample_00809.jpg,0.42822348960172146,False
sample_00810.jpg,0.39000073463615154,False
sample_00811.jpg,0.36232524924914017,False
sample_00812.jpg,0.4134826581397054,False
sample_00813.jpg,0.41010401831702475,False
sample_00814.jpg,0.4668920016879494,False
sample_00815.jpg,0.48516836757280635,False
sample_00816.jpg,0.4160767229143604,False
sample_00817.jpg,0.3908935164564144,False
sample_00818.jpg,0.48096289774612844,False
sample_00819.jpg,0.4087782578710587,False
sample_00820.jpg,0.44064011949526677,False
sample_00821.jpg,0.42394957519408166,False
sample_00822.jpg,0.4171188052867462,False
sample_00823.jpg,0.39824600204032073,False
sample_00824.jpg,0.41245547589632947,False
sample_00825.jpg,0.3795912389996761,False
sample_00826.jpg,0.40732110291959694,False
sample_00827.jpg,0.4276606287116942,False
sample_00828.jpg,0.4032969084493866,False
sample_00829.jpg,0.3865282904437591,False
sample_00830.jpg,0.4581042514539612,False
sample_00831.jpg,0.43819995780862064,False
sample_00832.jpg,0.39678573939755446,False
sample_00833.jpg,0.42721941979091793,False
sample_00834.jpg,0.5077882467470853,False
sample_00835.jpg,0.4382941122820529,False
sample_00836.jpg,0.4200119824717522,False
sample_00837.jpg,0.42401149946395794,False
sample_00838.jpg,0.3675219910273045,False
sample_00839.jpg,0.4072597869311523,False
sample_00840.jpg,0.3937763128789784,False
sample_00841.jpg,0.4106177492680575,False
sample_00842.jpg,0.42644923231466636,False
sample_00843.jpg,0.43122940755821537,False
sample_00844.jpg,0.3862667303964087,False
sample_00845.jpg,0.4628751821069004,False
sample_00846.jpg,0.40477402425943987,False
sample_00847.jpg,0.44932552663958714,False
sample_00848.jpg,0.43150351435357426,False
sample_00849.jpg,0.4873990327451926,False
sample_00850.jpg,0.41134218369555525,False
sample_00851.jpg,0.3790926602307984,False
sample_00852.jpg,0.44034266445746256,False
sample_00853.jpg,0.44669355904532776,False
sample_00854.jpg,0.3976046072072354,False
sample_00855.jpg,0.45858971181779334,False
sample_00856.jpg,0.4432316056104366,False
sample_00857.jpg,0.41637546149662796,False
sample_00858.jpg,0.4445009362636137,False
sample_00859.jpg,0.37802828641732383,False
sample_00860.jpg,0.4819922878745745,False
sample_00861.jpg,0.42570767540492294,False
sample_00862.jpg,0.42572669813063435,False
sample_00863.jpg,0.42310421330731696,False
sample_00864.jpg,0.40026364914045254,False
sample_00865.jpg,0.3879209214029977,False
sample_00866.jpg,0.5093528400442734,False
sample_00867.jpg,0.38448092108270593,False
sample_00868.jpg,0.38185774430409003,False
sample_00869.jpg,0.4106097272446674,False
sample_00870.jpg,0.4142722596474947,False
sample_00871.jpg,0.4231221426040945,False
sample_00872.jpg,0.429120020106701,False
sample_00873.jpg,0.4545182633511859,False
sample_00874.jpg,0.4004706512684942,False
sample_00875.jpg,0.38358680738945156,False
sample_00876.jpg,0.38777689153335887,False
sample_00877.jpg,0.3895792408763648,False
sample_00878.jpg,0.40315920211699346,False
sample_00879.jpg,0.41445731410089853,False
sample_00880.jpg,0.412990918085373,False
sample_00881.jpg,0.4019130669408955,False
sample_00882.jpg,0.45314805122133855,False
sample_00883.jpg,0.3834518260243316,False
sample_00884.jpg,0.3849240513281328,False
sample_00885.jpg,0.44842148373336393,False
sample_00886.jpg,0.40751116650540836,False
sample_00887.jpg,0.43142427266139177,False
sample_00888.jpg,0.4023512665830312,False
sample_00889.jpg,0.36198368562330274,False
sample_00890.jpg,0.4099458106691461,False
sample_00891.jpg,0.41393725504517864,False
sample_00892.jpg,0.46191595499176263,False
sample_00893.jpg,0.4428554975514619,False
sample_00894.jpg,0.4004095613076563,False
sample_00895.jpg,0.4165536209832403,False
sample_00896.jpg,0.4333153415587699,False
sample_00897.jpg,0.48332105568477046,False
sample_00898.jpg,0.4687440096893854,False
sample_00899.jpg,0.4077584256518965,False
sample_00900.jpg,0.4148416807187815,False
sample_00901.jpg,0.3815957687585839,False
sample_00902.jpg,0.4065104624012832,False
sample_00903.jpg,0.492530702382394,False
sample_00904.jpg,0.39611045528524813,False
sample_00905.jpg,0.43289283878546375,False
sample_00906.jpg,0.4123151914200025,False
sample_00907.jpg,0.4342173261217313,False
sample_00908.jpg,0.4707165272234821,False
sample_00909.jpg,0.3708053092747753,False
sample_00910.jpg,0.44758738699109435,False
sample_00911.jpg,0.37034153422629457,False
sample_00912.jpg,0.3608112879310413,False
sample_00913.jpg,0.47035248216199743,False
sample_00914.jpg,0.40348469067029336,False
sample_00915.jpg,0.4434412359331695,False
sample_00916.jpg,0.4617211655036885,False
sample_00917.jpg,0.47748687280731267,False
sample_00918.jpg,0.4241565911098045,False
sample_00919.jpg,0.40815100965128037,False
sample_00920.jpg,0.39827550992899136,False
sample_00921.jpg,0.3810967838311788,False
sample_00922.jpg,0.47971210313292445,False
sample_00923.jpg,0.3668936685966637,False
sample_00924.jpg,0.48706312147112574,False
sample_00925.jpg,0.43855937519081245,False
sample_00926.jpg,0.3737479248557556,False
sample_00927.jpg,0.39841945324940026,False
sample_00928.jpg,0.43835150340569695,False
sample_00929.jpg,0.4086313907596197,False
sample_00930.jpg,0.46234620335333915,False
sample_00931.jpg,0.44123135207024755,False
sample_00932.jpg,0.4034431170890341,False
sample_00933.jpg,0.40146130469071173,False
sample_00934.jpg,0.4253623946574379,False
sample_00935.jpg,0.384180786043274,False
sample_00936.jpg,0.4017488806237148,False
sample_00937.jpg,0.3902371470538598,False
sample_00938.jpg,0.43341121513753406,False
sample_00939.jpg,0.4247745547236711,False
sample_00940.jpg,0.44237267621245635,False
sample_00941.jpg,0.4167368974108297,False
sample_00942.jpg,0.4409787624444624,False
sample_00943.jpg,0.4151396527138372,False
sample_00944.jpg,0.4401810069074173,False
sample_00945.jpg,0.4113157705321287,False
sample_00946.jpg,0.402612577577748,False
sample_00947.jpg,0.4302065507412205,False
sample_00948.jpg,0.4195815347089878,False
sample_00949.jpg,0.42679470149826176,False
sample_00950.jpg,0.40675918345219697,False
sample_00951.jpg,0.387972019269012,False
sample_00952.jpg,0.3835259804704071,False
sample_00953.jpg,0.38176700152749216,False
sample_00954.jpg,0.4316688768298565,False
sample_00955.jpg,0.5411841535789146,True
sample_00956.jpg,0.44163550662490275,False
sample_00957.jpg,0.4275800493682145,False
sample_00958.jpg,0.4030012793795543,False
sample_00959.jpg,0.40108464790631915,False
sample_00960.jpg,0.4069646199259923,False
sample_00961.jpg,0.3859714690394959,False
sample_00962.jpg,0.3689747344589441,False
sample_00963.jpg,0.36473566933907636,False
sample_00964.jpg,0.43461668834207556,False
sample_00965.jpg,0.3675504903021225,False
sample_00966.jpg,0.44922862917686934,False
sample_00967.jpg,0.40120155256714046,False
sample_00968.jpg,0.4173796195454907,False
sample_00969.jpg,0.458704562482575,False
sample_00970.jpg,0.4514010762165334,False
sample_00971.jpg,0.38827963704462565,False
sample_00972.jpg,0.3875547872675853,False
sample_00973.jpg,0.4104525574750998,False
sample_00974.jpg,0.446087497426368,False
sample_00975.jpg,0.43645071902900673,False
sample_00976.jpg,0.41334639552439634,False
sample_00977.jpg,0.46032900299615354,False
sample_00978.jpg,0.4488251805249722,False
sample_00979.jpg,0.3971403023024601,False
sample_00980.jpg,0.39226971272182687,False
sample_00981.jpg,0.45257522730337,False
sample_00982.jpg,0.3972128381743287,False
sample_00983.jpg,0.4006176692039983,False
sample_00984.jpg,0.5282239405830609,True
sample_00985.jpg,0.48113606440583995,False
sample_00986.jpg,0.49357065894345464,False
sample_00987.jpg,0.40711148901984096,False
sample_00988.jpg,0.4361643787157613,False
sample_00989.jpg,0.37865105385293185,False
sample_00990.jpg,0.5029510423033204,False
sample_00991.jpg,0.4583174972941359,False
sample_00992.jpg,0.4483534057575554,False
sample_00993.jpg,0.46515121293776124,False
sample_00994.jpg,0.38432442405089007,False
sample_00995.jpg,0.4707090353703301,False
sample_00996.jpg,0.44648015351499487,False
sample_00997.jpg,0.4288026845359478,False
sample_00998.jpg,0.456269841655724,False
sample_00999.jpg,0.3843625063606743,False
sample_01000.jpg,0.37169402417309044,False
sample_01001.jpg,0.4088081877997286,False
sample_01002.jpg,0.41280448384518553,False
sample_01003.jpg,0.37825795687270664,False
sample_01004.jpg,0.4099051287174348,False
sample_01005.jpg,0.42730341321851,False
sample_01006.jpg,0.45092867329458247,False
sample_01007.jpg,0.46114131496204713,False
sample_01008.jpg,0.48258930991996224,False
sample_01009.jpg,0.41033991445668083,False
sample_01010.jpg,0.4527581352939798,False
sample_01011.jpg,0.4610149597487828,False
sample_01012.jpg,0.4394954405678507,False
sample_01013.jpg,0.44134310651525555,False
sample_01014.jpg,0.45555495203859225,False
sample_01015.jpg,0.49816654115291703,False
sample_01016.jpg,0.40748498520876303,False
sample_01017.jpg,0.3764406822430194,False
sample_01018.jpg,0.3924189206395042,False
sample_01019.jpg,0.3960624035604048,False
sample_01020.jpg,0.4741556668540416,False
sample_01021.jpg,0.5034102290815005,False
sample_01022.jpg,0.4200498091767461,False
sample_01023.jpg,0.4239222231380518,False
sample_01024.jpg,0.372822396910006,False
sample_01025.jpg,0.3578846069188362,False
sample_01026.jpg,0.5283417415351707,True
sample_01027.jpg,0.41824070948718306,False
sample_01028.jpg,0.4346580832848688,False
sample_01029.jpg,0.4072426775432667,False
sample_01030.jpg,0.4005786052746154,False
sample_01031.jpg,0.38109652560008694,False
sample_01032.jpg,0.40024805339149316,False
sample_01033.jpg,0.42105336577414393,False
sample_01034.jpg,0.42023441528508154,False
sample_01035.jpg,0.3950793940418774,False
sample_01036.jpg,0.45998555440974015,False
sample_01037.jpg,0.4210229873219438,False
sample_01038.jpg,0.4126125971902704,False
sample_01039.jpg,0.38421644575906383,False
sample_01040.jpg,0.41370641526542706,False
sample_01041.jpg,0.4129098999954632,False
sample_01042.jpg,0.42765285274731907,False
sample_01043.jpg,0.4158350337902163,False
sample_01044.jpg,0.4453067430651675,False
sample_01045.jpg,0.47629413473030763,False
sample_01046.jpg,0.443365790074298,False
sample_01047.jpg,0.4054272190079012,False
sample_01048.jpg,0.40769252797578914,False
sample_01049.jpg,0.4539863310438823,False
sample_01050.jpg,0.41299854449680606,False
sample_01051.jpg,0.4568874435420342,False
sample_01052.jpg,0.42562150427123,False
sample_01053.jpg,0.4176688090295409,False
sample_01054.jpg,0.38832463307740556,False
sample_01055.jpg,0.4226682920644969,False
sample_01056.jpg,0.45748309390889746,False
sample_01057.jpg,0.4217499320197031,False
sample_01058.jpg,0.4178321766743504,False
sample_01059.jpg,0.41687585240445274,False
sample_01060.jpg,0.46704150774044284,False
sample_01061.jpg,0.4194957526483114,False
sample_01062.jpg,0.371069476948483,False
sample_01063.jpg,0.4453015954706515,False
sample_01064.jpg,0.4329382907553502,False
sample_01065.jpg,0.39689530694052655,False
sample_01066.jpg,0.4020236128243952,False
sample_01067.jpg,0.40400553144419893,False
sample_01068.jpg,0.43136627410093686,False
sample_01069.jpg,0.3768082583083822,False
sample_01070.jpg,0.41494638905406506,False
sample_01071.jpg,0.4500547623431682,False
sample_01072.jpg,0.38981394793454655,False
sample_01073.jpg,0.4032995119615988,False
sample_01074.jpg,0.40763690967631877,False
sample_01075.jpg,0.4491655464958704,False
sample_01076.jpg,0.4135388329147434,False
sample_01077.jpg,0.42951474884279195,False
sample_01078.jpg,0.40009202523569387,False
sample_01079.jpg,0.4154401727482981,False
sample_01080.jpg,0.4215100650314121,False
sample_01081.jpg,0.3674294971217725,False
sample_01082.jpg,0.46101980380537205,False
sample_01083.jpg,0.4327907404075452,False
sample_01084.jpg,0.3867444464495191,False
sample_01085.jpg,0.37817468079644173,False
sample_01086.jpg,0.47514357213725505,False
sample_01087.jpg,0.4074849040488,False
sample_01088.jpg,0.4573539828991205,False
sample_01089.jpg,0.3781674401102148,False
sample_01090.jpg,0.4194837592540648,False
sample_01091.jpg,0.3939278721849829,False
sample_01092.jpg,0.3911084036801332,False
sample_01093.jpg,0.48890368739847456,False
sample_01094.jpg,0.47897211158849684,False
sample_01095.jpg,0.40483065077582675,False
sample_01096.jpg,0.3704299156333789,False
sample_01097.jpg,0.4062153525701136,False
sample_01098.jpg,0.3607890064320231,False
sample_01099.jpg,0.36451562364876383,False
sample_01100.jpg,0.4904690512269673,False
sample_01101.jpg,0.4207096197394805,False
sample_01102.jpg,0.37788332794984597,False
sample_01103.jpg,0.4134573028854244,False
sample_01104.jpg,0.424479998820408,False
sample_01105.jpg,0.41260666898569665,False
sample_01106.jpg,0.467209037357854,False
sample_01107.jpg,0.48588531371087373,False
sample_01108.jpg,0.44263683619499616,False
sample_01109.jpg,0.4561293312752922,False
sample_01110.jpg,0.42276845788132694,False
sample_01111.jpg,0.46498542248883734,False
sample_01112.jpg,0.46026541287947037,False
sample_01113.jpg,0.45417101262206294,False
sample_01114.jpg,0.4072101592549834,False
sample_01115.jpg,0.4594875286091851,False
sample_01116.jpg,0.3783545714401457,False
sample_01117.jpg,0.43128118824972395,False
sample_01118.jpg,0.3948864407673098,False
sample_01119.jpg,0.38249728925728377,False
sample_01120.jpg,0.41839961466703585,False
sample_01121.jpg,0.4167314251145054,False
sample_01122.jpg,0.44260818016499415,False
sample_01123.jpg,0.40158580114241776,False
sample_01124.jpg,0.3636593580197765,False
sample_01125.jpg,0.46250100957684803,False
sample_01126.jpg,0.42255453668278437,False
sample_01127.jpg,0.4425577732329501,False
sample_01128.jpg,0.4278627061988029,False
sample_01129.jpg,0.39997926714779974,False
sample_01130.jpg,0.45902115794525516,False
sample_01131.jpg,0.48836135197318187,False
sample_01132.jpg,0.42627824735758957,False
sample_01133.jpg,0.43579241269573116,False
sample_01134.jpg,0.376959680323745,False
sample_01135.jpg,0.37006522271676306,False
sample_01136.jpg,0.4243296784359616,False
sample_01137.jpg,0.37634005485148053,False
sample_01138.jpg,0.38491103999360365,False
sample_01139.jpg,0.4088096317714653,False
sample_01140.jpg,0.3820481977100978,False
sample_01141.jpg,0.40693851359048716,False
sample_01142.jpg,0.43821435942446846,False
sample_01143.jpg,0.43802985402615013,False
sample_01144.jpg,0.3999003619818424,False
sample_01145.jpg,0.44843313918948646,False
sample_01146.jpg,0.3681006187213268,False
sample_01147.jpg,0.4465936799909147,False
sample_01148.jpg,0.39265976392634216,False
sample_01149.jpg,0.45238642504737275,False
sample_01150.jpg,0.3922535922580512,False
sample_01151.jpg,0.3753005727320044,False
sample_01152.jpg,0.4682341299407598,False
sample_01153.jpg,0.4628503870988117,False
sample_01154.jpg,0.4099648747729393,False
sample_01155.jpg,0.40425873082056935,False
sample_01156.jpg,0.4482181005584245,False
sample_01157.jpg,0.45198539419282274,False
sample_01158.jpg,0.46641461421882346,False
sample_01159.jpg,0.45525665627674583,False
sample_01160.jpg,0.39633145269816256,False
sample_01161.jpg,0.430977458835121,False
sample_01162.jpg,0.36776901598423867,False
sample_01163.jpg,0.38286973400281327,False
sample_01164.jpg,0.40402667654487157,False
sample_01165.jpg,0.39229603560289494,False
sample_01166.jpg,0.452230149859155,False
sample_01167.jpg,0.4332321533772819,False
sample_01168.jpg,0.4262890823518293,False
sample_01169.jpg,0.37140603365142244,False
sample_01170.jpg,0.48992485428512156,False
sample_01171.jpg,0.3981460880240158,False
sample_01172.jpg,0.39781646030088247,False
sample_01173.jpg,0.3723734942221241,False
sample_01174.jpg,0.41070548702534393,False
sample_01175.jpg,0.394891056002762,False
sample_01176.jpg,0.4576480504338573,False
sample_01177.jpg,0.40931381898429803,False
sample_01178.jpg,0.38216705659538963,False
sample_01179.jpg,0.40946216226705534,False
sample_01180.jpg,0.38112123832264194,False
sample_01181.jpg,0.41132081579026863,False
sample_01182.jpg,0.4054347225147619,False
sample_01183.jpg,0.41747224759750134,False
sample_01184.jpg,0.38066220181914556,False
sample_01185.jpg,0.4154288874465419,False
sample_01186.jpg,0.5100007343809572,False
sample_01187.jpg,0.40644611353954707,False
sample_01188.jpg,0.437577989165343,False
sample_01189.jpg,0.4099109496352469,False
sample_01190.jpg,0.46751577574765146,False
sample_01191.jpg,0.3919754625362725,False
sample_01192.jpg,0.3724969585906167,False
sample_01193.jpg,0.4108676831600773,False
sample_01194.jpg,0.44668132793517107,False
sample_01195.jpg,0.37254105280038036,False
sample_01196.jpg,0.42508522969522367,False
sample_01197.jpg,0.4886783012431412,False
sample_01198.jpg,0.4008026625388184,False
sample_01199.jpg,0.44963749963731775,False
sample_01200.jpg,0.3728635924637665,False
sample_01201.jpg,0.40904755119081676,False
sample_01202.jpg,0.3870376277197718,False
sample_01203.jpg,0.40485799269666095,False
sample_01204.jpg,0.4787797636916685,False
sample_01205.jpg,0.44445745138873605,False
sample_01206.jpg,0.44656118282193663,False
sample_01207.jpg,0.395119969051367,False
sample_01208.jpg,0.46278481950667844,False
sample_01209.jpg,0.4458766871199293,False
sample_01210.jpg,0.4544573164614982,False
sample_01211.jpg,0.36375048737072735,False
sample_01212.jpg,0.4614069518534238,False
sample_01213.jpg,0.3793883332869834,False
sample_01214.jpg,0.44535725785955976,False
sample_01215.jpg,0.47129291975778376,False
sample_01216.jpg,0.5299327687537069,True
sample_01217.jpg,0.4692368100988642,False
sample_01218.jpg,0.41461666860868945,False
sample_01219.jpg,0.40562951377587914,False
sample_01220.jpg,0.4691074389503936,False
sample_01221.jpg,0.4440801014620863,False
sample_01222.jpg,0.4310138049042941,False
sample_01223.jpg,0.3779841598128557,False
sample_01224.jpg,0.39567664840439326,False
sample_01225.jpg,0.3850845387281268,False
sample_01226.jpg,0.36237810028806117,False
sample_01227.jpg,0.37942372796756596,False
sample_01228.jpg,0.43059050733919063,False
sample_01229.jpg,0.41631443306159754,False
sample_01230.jpg,0.414995182624309,False
sample_01231.jpg,0.42847885334998637,False
sample_01232.jpg,0.4345758048363696,False
sample_01233.jpg,0.4089712810528134,False
sample_01234.jpg,0.38862910556409713,False
sample_01235.jpg,0.43186509954486385,False
sample_01236.jpg,0.4271203329622128,False
sample_01237.jpg,0.4004085576238581,False
sample_01238.jpg,0.369285674115224,False
sample_01239.jpg,0.38290214390244043,False
sample_01240.jpg,0.5215579876795978,False
sample_01241.jpg,0.4513360320869255,False
sample_01242.jpg,0.39519798777255405,False
sample_01243.jpg,0.4637376708541979,False
sample_01244.jpg,0.3761525081205256,False
sample_01245.jpg,0.4296169352314135,False
sample_01246.jpg,0.3777720608694315,False
sample_01247.jpg,0.39894476235875,False
sample_01248.jpg,0.40362517248553414,False
sample_01249.jpg,0.3914423233236766,False
sample_01250.jpg,0.36078819524235445,False
sample_01251.jpg,0.41661680379355126,False
sample_01252.jpg,0.36013927363675174,False
sample_01253.jpg,0.39370589074948953,False
sample_01254.jpg,0.38370810787731235,False
sample_01255.jpg,0.38923747927347596,False
sample_01256.jpg,0.38757078315354393,False
sample_01257.jpg,0.35617370080983957,False
sample_01258.jpg,0.4619472362053015,False
sample_01259.jpg,0.4131799628785856,False
sample_01260.jpg,0.43087542063657436,False
sample_01261.jpg,0.38624998702055174,False
sample_01262.jpg,0.46873757546056377,False
sample_01263.jpg,0.4636347502683874,False
sample_01264.jpg,0.4146216480113752,False
sample_01265.jpg,0.3672287587865676,False
sample_01266.jpg,0.4364155068940842,False
sample_01267.jpg,0.44130723629400415,False
sample_01268.jpg,0.36191329047235365,False
sample_01269.jpg,0.4631959508659328,False
sample_01270.jpg,0.361684967933587,False
sample_01271.jpg,0.418082481317365,False
sample_01272.jpg,0.505767963099146,False
sample_01273.jpg,0.4082495171558618,False
sample_01274.jpg,0.4435334847809828,False
sample_01275.jpg,0.4135528583227359,False
sample_01276.jpg,0.43622031503489045,False
sample_01277.jpg,0.44705283470856827,False
sample_01278.jpg,0.41873069965124116,False
sample_01279.jpg,0.4429890089196194,False
sample_01280.jpg,0.4313435899644743,False
sample_01281.jpg,0.3998949839277602,False
sample_01282.jpg,0.41307817751754233,False
sample_01283.jpg,0.3832291333046592,False
sample_01284.jpg,0.4559056380082642,False
sample_01285.jpg,0.39485196747953105,False
sample_01286.jpg,0.36072115320007575,False
sample_01287.jpg,0.38920718777053753,False
sample_01288.jpg,0.4049559290475959,False
sample_01289.jpg,0.45574357687926226,False
sample_01290.jpg,0.38690823954988135,False
sample_01291.jpg,0.4225024614811317,False
sample_01292.jpg,0.409707910943776,False
sample_01293.jpg,0.3839582853751696,False
sample_01294.jpg,0.4213326687938702,False
sample_01295.jpg,0.380723330471023,False
sample_01296.jpg,0.42867026788992113,False
sample_01297.jpg,0.4359218078565782,False
sample_01298.jpg,0.4935310954895764,False
sample_01299.jpg,0.4119764248522496,False
sample_01300.jpg,0.40763613443605423,False
sample_01301.jpg,0.44875066729773705,False
sample_01302.jpg,0.3555756588634757,False
sample_01303.jpg,0.3969168044369458,False
sample_01304.jpg,0.37890398522652546,False
sample_01305.jpg,0.41597137368549014,False
sample_01306.jpg,0.4425099916355579,False
sample_01307.jpg,0.4573415156778345,False
sample_01308.jpg,0.41226423924219535,False
sample_01309.jpg,0.446039205365693,False
sample_01310.jpg,0.46999295344728875,False
sample_01311.jpg,0.39344051340865327,False
sample_01312.jpg,0.3617753418538564,False
sample_01313.jpg,0.4471862084496898,False
sample_01314.jpg,0.38947405628685744,False
sample_01315.jpg,0.5062032028588924,False
sample_01316.jpg,0.43827816947309484,False
sample_01317.jpg,0.4319534724243968,False
sample_01318.jpg,0.43682509848711426,False
sample_01319.jpg,0.4229546256496774,False
sample_01320.jpg,0.3832763040800387,False
sample_01321.jpg,0.3910049517327012,False
sample_01322.jpg,0.363175948968204,False
sample_01323.jpg,0.41613107610855343,False
sample_01324.jpg,0.40874694377458937,False
sample_01325.jpg,0.4102775943042531,False
sample_01326.jpg,0.43779786307350754,False
sample_01327.jpg,0.4637769953573143,False
sample_01328.jpg,0.3962547469137106,False
sample_01329.jpg,0.36457904504026056,False
sample_01330.jpg,0.4371848831799799,False
sample_01331.jpg,0.3911165372368968,False
sample_01332.jpg,0.4710566493051299,False
sample_01333.jpg,0.4118197559568684,False
sample_01334.jpg,0.38575754859692635,False
sample_01335.jpg,0.40341427129073126,False
sample_01336.jpg,0.4229397614731805,False
sample_01337.jpg,0.5486262426555804,True
sample_01338.jpg,0.4149322896062871,False
sample_01339.jpg,0.4041285788028069,False
sample_01340.jpg,0.4576335893123591,False
sample_01341.jpg,0.3927952952164827,False
sample_01342.jpg,0.4310696503425651,False
sample_01343.jpg,0.3863886664040807,False
sample_01344.jpg,0.41769295905088916,False
sample_01345.jpg,0.3801045877635413,False
sample_01346.jpg,0.36318902765025857,False
sample_01347.jpg,0.4214259991559007,False
sample_01348.jpg,0.4211963607241959,False
sample_01349.jpg,0.3822803912631445,False
sample_01350.jpg,0.4246185482747529,False
sample_01351.jpg,0.38212933518818837,False
sample_01352.jpg,0.41417936813839,False
sample_01353.jpg,0.4304656092488616,False
sample_01354.jpg,0.37548994580656947,False
sample_01355.jpg,0.4634269695800209,False
sample_01356.jpg,0.4363474931583298,False
sample_01357.jpg,0.41833355749560786,False
sample_01358.jpg,0.41472725371950997,False
sample_01359.jpg,0.38040552920978465,False
sample_01360.jpg,0.3595641379952972,False
sample_01361.jpg,0.43726075203345416,False
sample_01362.jpg,0.4384936165741059,False
sample_01363.jpg,0.43261019875271073,False
sample_01364.jpg,0.45854095708833853,False
sample_01365.jpg,0.4436941880904335,False
sample_01366.jpg,0.3927824885906517,False
sample_01367.jpg,0.4448575538681483,False
sample_01368.jpg,0.49785686635621496,False
sample_01369.jpg,0.3957956100040412,False
sample_01370.jpg,0.41351647689089643,False
sample_01371.jpg,0.4129083045659372,False
sample_01372.jpg,0.4444303346000822,False
sample_01373.jpg,0.38402138088158405,False
sample_01374.jpg,0.3990033359045393,False
sample_01375.jpg,0.3714533268293943,False
sample_01376.jpg,0.38634291200667215,False
sample_01377.jpg,0.41025704509343525,False
sample_01378.jpg,0.43855284180243537,False
sample_01379.jpg,0.4234410289146095,False
sample_01380.jpg,0.5131451729698558,False
sample_01381.jpg,0.47430690913718987,False
sample_01382.jpg,0.40598797445994445,False
sample_01383.jpg,0.3979320401635601,False
sample_01384.jpg,0.4613777895166587,False
sample_01385.jpg,0.45883985311948017,False
sample_01386.jpg,0.3910805859791556,False
sample_01387.jpg,0.4175969201214995,False
sample_01388.jpg,0.36280717753363245,False
sample_01389.jpg,0.39603315392028093,False
sample_01390.jpg,0.4267987281749725,False
sample_01391.jpg,0.39333305953312286,False
sample_01392.jpg,0.4011632786665896,False
sample_01393.jpg,0.3885338610122843,False
sample_01394.jpg,0.3930577894228348,False
sample_01395.jpg,0.47449070051522,False
sample_01396.jpg,0.4399088344835836,False
sample_01397.jpg,0.4256843282336553,False
sample_01398.jpg,0.3900871422513491,False
sample_01399.jpg,0.41171398257875474,False
sample_01400.jpg,0.4052797655795886,False
sample_01401.jpg,0.42076802908496963,False
sample_01402.jpg,0.4293606254463159,False
sample_01403.jpg,0.48062618027008697,False
sample_01404.jpg,0.4331816453039289,False
sample_01405.jpg,0.45668760363207267,False
sample_01406.jpg,0.4727393445456329,False
sample_01407.jpg,0.3926204822657039,False
sample_01408.jpg,0.4013745164045689,False
sample_01409.jpg,0.3867289619739833,False
sample_01410.jpg,0.3679331172502374,False
sample_01411.jpg,0.3768518539506027,False
sample_01412.jpg,0.5062609340741446,False
sample_01413.jpg,0.44942746506703374,False
sample_01414.jpg,0.3881032964742635,False
sample_01415.jpg,0.4139872719232604,False
sample_01416.jpg,0.40873007419288176,False
sample_01417.jpg,0.4232074464728637,False
sample_01418.jpg,0.38650374740619114,False
sample_01419.jpg,0.42559465633588955,False
sample_01420.jpg,0.39995962825022136,False
sample_01421.jpg,0.46545355213173445,False
sample_01422.jpg,0.3761809271951963,False
sample_01423.jpg,0.42689845757868966,False
sample_01424.jpg,0.37993753768003546,False
sample_01425.jpg,0.4224406532869701,False
sample_01426.jpg,0.4529446145925238,False
sample_01427.jpg,0.41225694372802363,False
sample_01428.jpg,0.40256560685994114,False
sample_01429.jpg,0.4649890565949225,False
sample_01430.jpg,0.3818199966947506,False
sample_01431.jpg,0.38549303050240563,False
sample_01432.jpg,0.3722179762307791,False
sample_01433.jpg,0.4312241064245314,False
sample_01434.jpg,0.39883184982602143,False
sample_01435.jpg,0.42367425184306257,False
sample_01436.jpg,0.47779713825560294,False
sample_01437.jpg,0.4279194149100701,False
sample_01438.jpg,0.4205356738734967,False
sample_01439.jpg,0.4014448263043074,False
sample_01440.jpg,0.44334945611894194,False
sample_01441.jpg,0.4339672903712773,False
sample_01442.jpg,0.39861143568658963,False
sample_01443.jpg,0.4028617623280047,False
sample_01444.jpg,0.36826336223999595,False
sample_01445.jpg,0.3923014463309568,False
sample_01446.jpg,0.44460381260019916,False
sample_01447.jpg,0.38494610911280647,False
sample_01448.jpg,0.43958054995974827,False
sample_01449.jpg,0.4058008788307232,False
sample_01450.jpg,0.45173610649683216,False
sample_01451.jpg,0.46156994528014467,False
sample_01452.jpg,0.440170449980128,False
sample_01453.jpg,0.40062349517777496,False
sample_01454.jpg,0.3897147062482675,False
sample_01455.jpg,0.41737993565113496,False
sample_01456.jpg,0.4088393506411163,False
sample_01457.jpg,0.4058241013505795,False
sample_01458.jpg,0.480218595557567,False
sample_01459.jpg,0.40424129143827103,False
sample_01460.jpg,0.42929070550536436,False
sample_01461.jpg,0.37664092526935067,False
sample_01462.jpg,0.4694264953989586,False
sample_01463.jpg,0.43426986095980086,False
sample_01464.jpg,0.48765547858102515,False
sample_01465.jpg,0.43885602567388327,False
sample_01466.jpg,0.45123314286665495,False
sample_01467.jpg,0.421472207988299,False
sample_01468.jpg,0.4533627318765403,False
sample_01469.jpg,0.4098196523332917,False
sample_01470.jpg,0.4040276766237786,False
sample_01471.jpg,0.3926204680641048,False
sample_01472.jpg,0.48530889518702447,False
sample_01473.jpg,0.38720604757725596,False
sample_01474.jpg,0.4259263189535419,False
sample_01475.jpg,0.4027615686183601,False
sample_01476.jpg,0.3943323353831495,False
sample_01477.jpg,0.42788883506649655,False
sample_01478.jpg,0.4582529358521696,False
sample_01479.jpg,0.45779904521088494,False
sample_01480.jpg,0.3791060498740437,False
sample_01481.jpg,0.4276293229678389,False
sample_01482.jpg,0.4391436882747128,False
sample_01483.jpg,0.396330099086096,False
sample_01484.jpg,0.3594998025340138,False
sample_01485.jpg,0.3735415387008629,False
sample_01486.jpg,0.394599694973445,False
sample_01487.jpg,0.377722665362658,False
sample_01488.jpg,0.45419522583508487,False
sample_01489.jpg,0.40250439417346856,False
sample_01490.jpg,0.463641374603233,False
sample_01491.jpg,0.4288087457333941,False
sample_01492.jpg,0.415495321435358,False
sample_01493.jpg,0.39238560229158925,False
sample_01494.jpg,0.38354103514126586,False
sample_01495.jpg,0.37045370984631887,False
sample_01496.jpg,0.42093375132663374,False
sample_01497.jpg,0.39036927784435427,False
sample_01498.jpg,0.42414422005888686,False
sample_01499.jpg,0.4063337603170012,False
sample_01500.jpg,0.43059678332969414,False
sample_01501.jpg,0.5385859375306994,True
sample_01502.jpg,0.3847965269790892,False
sample_01503.jpg,0.4918517554916231,False
sample_01504.jpg,0.43922381721548465,False
sample_01505.jpg,0.46617387621019796,False
sample_01506.jpg,0.42414133377638824,False
sample_01507.jpg,0.409039898823563,False
sample_01508.jpg,0.436393301859835,False
sample_01509.jpg,0.37657284407318814,False
sample_01510.jpg,0.4317180708228146,False
sample_01511.jpg,0.45456945115989317,False
sample_01512.jpg,0.378088380578119,False
sample_01513.jpg,0.4740697867039348,False
sample_01514.jpg,0.4451540680981174,False
sample_01515.jpg,0.3965922641750156,False
sample_01516.jpg,0.4140399594620664,False
sample_01517.jpg,0.42450318343217536,False
sample_01518.jpg,0.45001163742351186,False
sample_01519.jpg,0.4715440773134032,False
sample_01520.jpg,0.4430438388208436,False
sample_01521.jpg,0.421955636707145,False
sample_01522.jpg,0.4260996280957601,False
sample_01523.jpg,0.388241100110299,False
sample_01524.jpg,0.45341038332042466,False
sample_01525.jpg,0.3858574481896557,False
sample_01526.jpg,0.44736760336869785,False
sample_01527.jpg,0.40969301417631665,False
sample_01528.jpg,0.4200056315298808,False
sample_01529.jpg,0.4702400380280002,False
sample_01530.jpg,0.44578227609268717,False
sample_01531.jpg,0.37816717889344426,False
sample_01532.jpg,0.36514475506192307,False
sample_01533.jpg,0.4187629206936345,False
sample_01534.jpg,0.4093304867567816,False
sample_01535.jpg,0.42168076606454086,False
sample_01536.jpg,0.4016379734793914,False
sample_01537.jpg,0.39465339228641244,False
sample_01538.jpg,0.3863629652901285,False
sample_01539.jpg,0.4299169028951531,False
sample_01540.jpg,0.42895850484401377,False
sample_01541.jpg,0.3928462034143647,False
sample_01542.jpg,0.4087404821466919,False
sample_01543.jpg,0.45234721594419924,False
sample_01544.jpg,0.35805642700438567,False
sample_01545.jpg,0.414392444572868,False
sample_01546.jpg,0.4521316513432213,False
sample_01547.jpg,0.3651359690719819,False
sample_01548.jpg,0.43453901241105053,False
sample_01549.jpg,0.39942712118971646,False
sample_01550.jpg,0.4276057472486909,False
sample_01551.jpg,0.4213988547378912,False
sample_01552.jpg,0.42489545896270947,False
sample_01553.jpg,0.4354815137761989,False
sample_01554.jpg,0.4058256076820873,False
sample_01555.jpg,0.4184762982770855,False
sample_01556.jpg,0.458289810236703,False
sample_01557.jpg,0.4014772895477739,False
sample_01558.jpg,0.4147815727812743,False
sample_01559.jpg,0.4468337207932582,False
sample_01560.jpg,0.4213793024912253,False
sample_01561.jpg,0.5092468391188613,False
sample_01562.jpg,0.374935544118009,False
sample_01563.jpg,0.42838896191589304,False
sample_01564.jpg,0.4386822526732949,False
sample_01565.jpg,0.38891472067320393,False
sample_01566.jpg,0.43231533981033116,False
sample_01567.jpg,0.460451758429769,False
sample_01568.jpg,0.3856739271805693,False
sample_01569.jpg,0.43943543818033315,False
sample_01570.jpg,0.3915235427141387,False
sample_01571.jpg,0.37674282403368753,False
sample_01572.jpg,0.4472570732401268,False
sample_01573.jpg,0.37864793088106086,False
sample_01574.jpg,0.4056816721615556,False
sample_01575.jpg,0.3702359376160016,False
sample_01576.jpg,0.42909353110401727,False
sample_01577.jpg,0.4062738326407811,False
sample_01578.jpg,0.3907858988506206,False
sample_01579.jpg,0.4647561370124028,False
sample_01580.jpg,0.458069261514101,False
sample_01581.jpg,0.44007997264742155,False
sample_01582.jpg,0.4045438218359845,False
sample_01583.jpg,0.39359313007556657,False
sample_01584.jpg,0.4415938341693834,False
sample_01585.jpg,0.39981347402961315,False
sample_01586.jpg,0.4660267347759814,False
sample_01587.jpg,0.4120234586857496,False
sample_01588.jpg,0.3990376082448511,False
sample_01589.jpg,0.3729042208023639,False
sample_01590.jpg,0.4662282501578382,False
sample_01591.jpg,0.41596383222465305,False
sample_01592.jpg,0.44954737707787656,False
sample_01593.jpg,0.3630492515218,False
sample_01594.jpg,0.38996551385914635,False
sample_01595.jpg,0.45944317165904125,False
sample_01596.jpg,0.3547302753880594,False
sample_01597.jpg,0.4283611265567211,False
sample_01598.jpg,0.40823755625064845,False
sample_01599.jpg,0.40527597810281907,False
sample_01600.jpg,0.38709413182670244,False
sample_01601.jpg,0.488072352438816,False
sample_01602.jpg,0.39010131718914937,False
sample_01603.jpg,0.4326989190473198,False
sample_01604.jpg,0.3782647833985509,False
sample_01605.jpg,0.4294095826085179,False
sample_01606.jpg,0.47476134721117824,False
sample_01607.jpg,0.4541668752979761,False
sample_01608.jpg,0.3767107020310594,False
sample_01609.jpg,0.4567771860107949,False
sample_01610.jpg,0.4286327555303673,False
sample_01611.jpg,0.4553584650970064,False
sample_01612.jpg,0.38631055442287765,False
sample_01613.jpg,0.3828955476329985,False
sample_01614.jpg,0.3745158308869952,False
sample_01615.jpg,0.4346208844937422,False
sample_01616.jpg,0.3952243696715881,False
sample_01617.jpg,0.399066967164218,False
sample_01618.jpg,0.4486798914473466,False
sample_01619.jpg,0.3879403523239076,False
sample_01620.jpg,0.4076489778218827,False
sample_01621.jpg,0.43299469074888836,False
sample_01622.jpg,0.3768752262596916,False
sample_01623.jpg,0.42048724818978395,False
sample_01624.jpg,0.37952910563977243,False
sample_01625.jpg,0.47182735455573865,False
sample_01626.jpg,0.4257486620065115,False
sample_01627.jpg,0.45368238102172326,False
sample_01628.jpg,0.39682734207062387,False
sample_01629.jpg,0.43712767354682125,False
sample_01630.jpg,0.4547914617425792,False
sample_01631.jpg,0.4605659074930377,False
sample_01632.jpg,0.3997858206920461,False
sample_01633.jpg,0.4133747437678327,False
sample_01634.jpg,0.39370101349825926,False
sample_01635.jpg,0.3814497007942385,False
sample_01636.jpg,0.5036484721181239,False
sample_01637.jpg,0.3959865329676334,False
sample_01638.jpg,0.4088637126320271,False
sample_01639.jpg,0.46358531844387746,False
sample_01640.jpg,0.3652185621887592,False
sample_01641.jpg,0.3832467850681853,False
sample_01642.jpg,0.4104906922035218,False
sample_01643.jpg,0.4451808152072201,False
sample_01644.jpg,0.4107647245260078,False
sample_01645.jpg,0.3976977588800349,False
sample_01646.jpg,0.3630406982705977,False
sample_01647.jpg,0.4164092484734435,False
sample_01648.jpg,0.3761638534483136,False
sample_01649.jpg,0.44317150803177213,False
sample_01650.jpg,0.4308533010979562,False
sample_01651.jpg,0.45888857599060306,False
sample_01652.jpg,0.48886369924275674,False
sample_01653.jpg,0.4434761632549292,False
sample_01654.jpg,0.43339799544715696,False
sample_01655.jpg,0.4253408963618091,False
sample_01656.jpg,0.35939061752727575,False
sample_01657.jpg,0.4034431972865729,False
sample_01658.jpg,0.4299743178921977,False
sample_01659.jpg,0.3750932100001104,False
sample_01660.jpg,0.4348173897408633,False
sample_01661.jpg,0.4172019777796864,False
sample_01662.jpg,0.43828994036546787,False
sample_01663.jpg,0.42038105480529264,False
sample_01664.jpg,0.3980189247525623,False
sample_01665.jpg,0.3943508390700936,False
sample_01666.jpg,0.4230148376250085,False
sample_01667.jpg,0.44425803765081057,False
sample_01668.jpg,0.46504351006637024,False
sample_01669.jpg,0.38432651954999636,False
sample_01670.jpg,0.40582402108286825,False
sample_01671.jpg,0.3807423185909188,False
sample_01672.jpg,0.3818318136877724,False
sample_01673.jpg,0.4506990484811404,False
sample_01674.jpg,0.37590809303489525,False
sample_01675.jpg,0.4060673390024654,False
sample_01676.jpg,0.4828687049489839,False
sample_01677.jpg,0.4186862912951356,False
sample_01678.jpg,0.45770609414560687,False
sample_01679.jpg,0.4108447586126949,False
sample_01680.jpg,0.4671426542875711,False
sample_01681.jpg,0.41260954445661935,False
sample_01682.jpg,0.4049162680335932,False
sample_01683.jpg,0.40276519683049966,False
sample_01684.jpg,0.4462198715543266,False
sample_01685.jpg,0.41452776951428966,False
sample_01686.jpg,0.40233739528800627,False
sample_01687.jpg,0.38575709521272533,False
sample_01688.jpg,0.46024236265045565,False
sample_01689.jpg,0.42930295082352565,False
sample_01690.jpg,0.41935735607983604,False
sample_01691.jpg,0.38722746580608547,False
sample_01692.jpg,0.4611464317561358,False
sample_01693.jpg,0.3885673880333889,False
sample_01694.jpg,0.41929173313170764,False
sample_01695.jpg,0.4380144757250819,False
sample_01696.jpg,0.430511875529254,False
sample_01697.jpg,0.4113557549875906,False
sample_01698.jpg,0.3941960920645325,False
sample_01699.jpg,0.40373412926852437,False
sample_01700.jpg,0.41178598490927776,False
sample_01701.jpg,0.3539267176836236,False
sample_01702.jpg,0.3880915579187342,False
sample_01703.jpg,0.47026251786519985,False
sample_01704.jpg,0.37533850311596434,False
sample_01705.jpg,0.39902687413784466,False
sample_01706.jpg,0.4130861420410081,False
sample_01707.jpg,0.39729460887113693,False
sample_01708.jpg,0.37119894394192593,False
sample_01709.jpg,0.3814429986058678,False
sample_01710.jpg,0.3829992600548224,False
sample_01711.jpg,0.428819245156163,False
sample_01712.jpg,0.4609095689492869,False
sample_01713.jpg,0.44961296880115287,False
sample_01714.jpg,0.46140375484251545,False
sample_01715.jpg,0.38092136281149397,False
sample_01716.jpg,0.4349363074954416,False
sample_01717.jpg,0.485552256520085,False
sample_01718.jpg,0.38692724072499085,False
sample_01719.jpg,0.43926957853138054,False
sample_01720.jpg,0.4119768602950077,False
sample_01721.jpg,0.4062920428202807,False
sample_01722.jpg,0.3817110496597527,False
sample_01723.jpg,0.4053475344253621,False
sample_01724.jpg,0.5335285176398418,True
sample_01725.jpg,0.4702434436859575,False
sample_01726.jpg,0.42872584760230315,False
sample_01727.jpg,0.43552181152749847,False
sample_01728.jpg,0.40164853636548464,False
sample_01729.jpg,0.37279127450882055,False
sample_01730.jpg,0.3958172015693262,False
sample_01731.jpg,0.4792121706602118,False
sample_01732.jpg,0.45807365811383854,False
sample_01733.jpg,0.384858681943374,False
sample_01734.jpg,0.4358107139763902,False
sample_01735.jpg,0.4917033124784081,False
sample_01736.jpg,0.4541651520181338,False
sample_01737.jpg,0.45491559616928867,False
sample_01738.jpg,0.3706822716335382,False
sample_01739.jpg,0.46524911646715256,False
sample_01740.jpg,0.3986192921005133,False
sample_01741.jpg,0.4168460588578651,False
sample_01742.jpg,0.46790878922119095,False
sample_01743.jpg,0.42129061315822397,False
sample_01744.jpg,0.45540150320385414,False
sample_01745.jpg,0.3819783603343137,False
sample_01746.jpg,0.41865287352761454,False
sample_01747.jpg,0.4943271594033458,False
sample_01748.jpg,0.4323905959610549,False
sample_01749.jpg,0.4447787479370891,False
sample_01750.jpg,0.4266065208258233,False
sample_01751.jpg,0.36329134927694373,False
sample_01752.jpg,0.41385423896498125,False
sample_01753.jpg,0.4203164511279107,False
sample_01754.jpg,0.4616517848983144,False
sample_01755.jpg,0.38934123181967195,False
sample_01756.jpg,0.48993995896216885,False
sample_01757.jpg,0.41235141453591384,False
sample_01758.jpg,0.442425411796849,False
sample_01759.jpg,0.39342367989769833,False
sample_01760.jpg,0.4136207069233448,False
sample_01761.jpg,0.4406372948083447,False
sample_01762.jpg,0.39587982919587034,False
sample_01763.jpg,0.3887264457008273,False
sample_01764.jpg,0.4317969450388123,False
sample_01765.jpg,0.39915109656392606,False
sample_01766.jpg,0.41992399676633557,False
sample_01767.jpg,0.36419472408075704,False
sample_01768.jpg,0.37262075068747397,False
sample_01769.jpg,0.507621914910846,False
sample_01770.jpg,0.40472078535904804,False
sample_01771.jpg,0.40393532333155413,False
sample_01772.jpg,0.38122115396576084,False
sample_01773.jpg,0.3861539238076672,False
sample_01774.jpg,0.3784959398069307,False
sample_01775.jpg,0.41937709605191836,False
sample_01776.jpg,0.38588620648201005,False
sample_01777.jpg,0.42119505026892945,False
sample_01778.jpg,0.4348462122522012,False
sample_01779.jpg,0.41068238652982053,False
sample_01780.jpg,0.3809401202369694,False
sample_01781.jpg,0.48540046832907796,False
sample_01782.jpg,0.40584762723287726,False
sample_01783.jpg,0.3996662910112104,False
sample_01784.jpg,0.43748086778266676,False
sample_01785.jpg,0.44876401286672757,False
sample_01786.jpg,0.3830157713209714,False
sample_01787.jpg,0.43577622847058056,False
sample_01788.jpg,0.42364624632112724,False
sample_01789.jpg,0.40959576400346653,False
sample_01790.jpg,0.4005243078648919,False
sample_01791.jpg,0.40850830926743054,False
sample_01792.jpg,0.40022974384410065,False
sample_01793.jpg,0.4338543388117656,False
sample_01794.jpg,0.39511788214876814,False
sample_01795.jpg,0.4107476914852268,False
sample_01796.jpg,0.41702266727381315,False
sample_01797.jpg,0.45675884325232674,False
sample_01798.jpg,0.45482961294972407,False
sample_01799.jpg,0.42118071666766144,False
sample_01800.jpg,0.4460735378841097,False
sample_01801.jpg,0.3750012202775953,False
sample_01802.jpg,0.46060624725538507,False
sample_01803.jpg,0.447919158962444,False
sample_01804.jpg,0.4528125844174589,False
sample_01805.jpg,0.400795476753424,False
sample_01806.jpg,0.4147998984471755,False
sample_01807.jpg,0.48815636955732267,False
sample_01808.jpg,0.3956203847642411,False
sample_01809.jpg,0.426537149897739,False
sample_01810.jpg,0.41129665886116545,False
sample_01811.jpg,0.38082102857338135,False
sample_01812.jpg,0.40623536917295755,False
sample_01813.jpg,0.4633949138240677,False
sample_01814.jpg,0.42637997834466357,False
sample_01815.jpg,0.4272415928584788,False
sample_01816.jpg,0.41068647758632176,False
sample_01817.jpg,0.4325027689769456,False
sample_01818.jpg,0.3815126438264456,False
sample_01819.jpg,0.43936139101391375,False
sample_01820.jpg,0.4484597708487014,False
sample_01821.jpg,0.36981621325708447,False
sample_01822.jpg,0.4007707519712232,False
sample_01823.jpg,0.49611809545145485,False
sample_01824.jpg,0.3786574502577309,False
sample_01825.jpg,0.44621472345720775,False
sample_01826.jpg,0.36716053647933594,False
sample_01827.jpg,0.3530484016945816,False
sample_01828.jpg,0.3958804239869829,False
sample_01829.jpg,0.4529195000657898,False
sample_01830.jpg,0.43450122665826607,False
sample_01831.jpg,0.4172915299730456,False
sample_01832.jpg,0.4197281279596922,False
sample_01833.jpg,0.4477295962771745,False
sample_01834.jpg,0.4590259067375715,False
sample_01835.jpg,0.403526695268848,False
sample_01836.jpg,0.44032565005204555,False
sample_01837.jpg,0.4977712282204538,False
sample_01838.jpg,0.41857013236984053,False
sample_01839.jpg,0.3799801189782634,False
sample_01840.jpg,0.4228694573222057,False
sample_01841.jpg,0.37372381438501767,False
sample_01842.jpg,0.4260415141195381,False
sample_01843.jpg,0.4476509908290386,False
sample_01844.jpg,0.39563541257579166,False
sample_01845.jpg,0.3876391281470101,False
sample_01846.jpg,0.4332818104096212,False
sample_01847.jpg,0.41225786382963764,False
sample_01848.jpg,0.4214778724382556,False
sample_01849.jpg,0.4046076640267539,False
sample_01850.jpg,0.36379288967547185,False
sample_01851.jpg,0.3767097755404089,False
sample_01852.jpg,0.3706037357770529,False
sample_01853.jpg,0.4563525968391355,False
sample_01854.jpg,0.39836686201227645,False
sample_01855.jpg,0.4629672768119249,False
sample_01856.jpg,0.4169858050428089,False
sample_01857.jpg,0.38465489231160477,False
sample_01858.jpg,0.3553228648777103,False
sample_01859.jpg,0.38036072236246127,False
sample_01860.jpg,0.3985111170082737,False
sample_01861.jpg,0.47472075481216747,False
sample_01862.jpg,0.37808628979047065,False
sample_01863.jpg,0.41508144192684937,False
sample_01864.jpg,0.439988914295818,False
sample_01865.jpg,0.42248681070013727,False
sample_01866.jpg,0.3997755926701995,False
sample_01867.jpg,0.4842017441714213,False
sample_01868.jpg,0.37226573209497027,False
sample_01869.jpg,0.4158377613593367,False
sample_01870.jpg,0.44955834846712733,False
sample_01871.jpg,0.4759013690801328,False
sample_01872.jpg,0.37383293048468924,False
sample_01873.jpg,0.48158201352185237,False
sample_01874.jpg,0.42132066877406854,False
sample_01875.jpg,0.3800257853557182,False
sample_01876.jpg,0.37134645719115905,False
sample_01877.jpg,0.3735728256791907,False
sample_01878.jpg,0.5115512948349653,False
sample_01879.jpg,0.46952670122595236,False
sample_01880.jpg,0.45635420320768366,False
sample_01881.jpg,0.44490615520683313,False
sample_01882.jpg,0.41917623058738307,False
sample_01883.jpg,0.41122164553893864,False
sample_01884.jpg,0.39040516432643596,False
sample_01885.jpg,0.44035017901137236,False
sample_01886.jpg,0.4810795946580396,False
sample_01887.jpg,0.4433200762361244,False
sample_01888.jpg,0.42854777718700504,False
sample_01889.jpg,0.36815190390113817,False
sample_01890.jpg,0.46259477484620626,False
sample_01891.jpg,0.46683808317781234,False
sample_01892.jpg,0.42278769946286326,False
sample_01893.jpg,0.38880671453920546,False
sample_01894.jpg,0.3863728858166597,False
sample_01895.jpg,0.4161799941692023,False
sample_01896.jpg,0.4444736394456115,False
sample_01897.jpg,0.4272393652524785,False
sample_01898.jpg,0.3934625791519124,False
sample_01899.jpg,0.4445139099108505,False
sample_01900.jpg,0.4130318678275364,False
sample_01901.jpg,0.3665988583825772,False
sample_01902.jpg,0.4195676069224167,False
sample_01903.jpg,0.4478688487207379,False
sample_01904.jpg,0.42543460863934407,False
sample_01905.jpg,0.4284928707838622,False
sample_01906.jpg,0.46625054296761276,False
sample_01907.jpg,0.3915031867863907,False
sample_01908.jpg,0.44410737842413817,False
sample_01909.jpg,0.41714677686185747,False
sample_01910.jpg,0.4188588030687773,False
sample_01911.jpg,0.42894163219851394,False
sample_01912.jpg,0.3937889029736674,False
sample_01913.jpg,0.3937276932253738,False
sample_01914.jpg,0.4675623424023443,False
sample_01915.jpg,0.40813588280859087,False
sample_01916.jpg,0.44402747725067765,False
sample_01917.jpg,0.4094285828934119,False
sample_01918.jpg,0.40521663697830107,False
sample_01919.jpg,0.41731750395692785,False
sample_01920.jpg,0.40055920301276576,False
sample_01921.jpg,0.44599573178447005,False
sample_01922.jpg,0.404969407237629,False
sample_01923.jpg,0.4170759695266115,False
sample_01924.jpg,0.40165322093858485,False
sample_01925.jpg,0.419543946257449,False
sample_01926.jpg,0.46665987091874994,False
sample_01927.jpg,0.37864453054545244,False
sample_01928.jpg,0.40991069274002684,False
sample_01929.jpg,0.4988312023076474,False
sample_01930.jpg,0.40661245292870224,False
sample_01931.jpg,0.4099454077523778,False
sample_01932.jpg,0.3641872507776985,False
sample_01933.jpg,0.40493933382549213,False
sample_01934.jpg,0.45338091748959186,False
sample_01935.jpg,0.47116426170435177,False
sample_01936.jpg,0.3652460456836571,False
sample_01937.jpg,0.45969551991852525,False
sample_01938.jpg,0.39996443030002304,False
sample_01939.jpg,0.4264480057598424,False
sample_01940.jpg,0.4428699821137744,False
sample_01941.jpg,0.39517707414251996,False
sample_01942.jpg,0.3760465505677574,False
sample_01943.jpg,0.4571768474928694,False
sample_01944.jpg,0.46434931295590925,False
sample_01945.jpg,0.46767537951266397,False
sample_01946.jpg,0.3835591364882793,False
sample_01947.jpg,0.412794433129616,False
sample_01948.jpg,0.3801195019080441,False
sample_01949.jpg,0.40277434481066976,False
sample_01950.jpg,0.41633487868924673,False
sample_01951.jpg,0.4743643841952622,False
sample_01952.jpg,0.36395871165250915,False
sample_01953.jpg,0.47186584088674544,False
sample_01954.jpg,0.36079854843781883,False
sample_01955.jpg,0.4468563467627005,False
sample_01956.jpg,0.4250902422852632,False
sample_01957.jpg,0.4060467330986373,False
sample_01958.jpg,0.41106751032926125,False
sample_01959.jpg,0.4403848562623734,False
sample_01960.jpg,0.441431611201639,False
sample_01961.jpg,0.498441083438727,False
sample_01962.jpg,0.3844655663680076,False
sample_01963.jpg,0.4306261719130028,False
sample_01964.jpg,0.4037886886831857,False
sample_01965.jpg,0.4069373781183346,False
sample_01966.jpg,0.438419672102251,False
sample_01967.jpg,0.4465444339520322,False
sample_01968.jpg,0.3784709979320598,False
sample_01969.jpg,0.3857931883345994,False
sample_01970.jpg,0.4037731919332882,False
sample_01971.jpg,0.4018323239473032,False
sample_01972.jpg,0.4191737724069317,False
sample_01973.jpg,0.39468199325681447,False
sample_01974.jpg,0.4665282595635635,False
sample_01975.jpg,0.4227617309301549,False
sample_01976.jpg,0.38067852340261094,False
sample_01977.jpg,0.4015431339038469,False
sample_01978.jpg,0.4431736683437131,False
sample_01979.jpg,0.49888008908673964,False
sample_01980.jpg,0.539432556443245,True
sample_01981.jpg,0.43127609345865736,False
sample_01982.jpg,0.3620289072064512,False
sample_01983.jpg,0.40973199546852906,False
sample_01984.jpg,0.3930328795260837,False
sample_01985.jpg,0.4770876075826512,False
sample_01986.jpg,0.3652462301681736,False
sample_01987.jpg,0.4362256759838618,False
sample_01988.jpg,0.45774483656774045,False
sample_01989.jpg,0.4547222294645461,False
sample_01990.jpg,0.3954081838337374,False
sample_01991.jpg,0.4041131627383296,False
sample_01992.jpg,0.4224794542770425,False
sample_01993.jpg,0.49981824725181506,False
sample_01994.jpg,0.3851876883058604,False
sample_01995.jpg,0.4232692133462832,False
sample_01996.jpg,0.4187944908950689,False
sample_01997.jpg,0.49748331541150825,False
sample_01998.jpg,0.4325850694670899,False
sample_01999.jpg,0.4192198264434837,False
sample_02000.jpg,0.44187748047624464,False
sample_02001.jpg,0.4661988002160774,False
sample_02002.jpg,0.3953899505272097,False
sample_02003.jpg,0.3629240932905934,False
sample_02004.jpg,0.4953135718636198,False
sample_02005.jpg,0.4454888297239539,False
sample_02006.jpg,0.40134746514779357,False
sample_02007.jpg,0.39036436892692816,False
sample_02008.jpg,0.406865620950703,False
sample_02009.jpg,0.4840175672038668,False
sample_02010.jpg,0.38594703908684974,False
sample_02011.jpg,0.38910676446571607,False
sample_02012.jpg,0.4435671429833934,False
sample_02013.jpg,0.3753273247032863,False
sample_02014.jpg,0.42434976220939324,False
sample_02015.jpg,0.39704708843948905,False
sample_02016.jpg,0.3679164840878015,False
sample_02017.jpg,0.4086089259425091,False
sample_02018.jpg,0.3779453999055533,False
sample_02019.jpg,0.48200687646383933,False
sample_02020.jpg,0.37511228780499717,False
sample_02021.jpg,0.42797662305114453,False
sample_02022.jpg,0.4151410725667218,False
sample_02023.jpg,0.4441237384163375,False
sample_02024.jpg,0.4168348044424676,False
sample_02025.jpg,0.44134820046224527,False
sample_02026.jpg,0.38343008560058467,False
sample_02027.jpg,0.3841588292747162,False
sample_02028.jpg,0.43151734795438745,False
sample_02029.jpg,0.4212028721218529,False
sample_02030.jpg,0.4398029687642181,False
sample_02031.jpg,0.38342493623973467,False
sample_02032.jpg,0.4098650338323817,False
sample_02033.jpg,0.45211621033461086,False
sample_02034.jpg,0.4014634097891039,False
sample_02035.jpg,0.43965129904392475,False
sample_02036.jpg,0.4534288737849375,False
sample_02037.jpg,0.39775922439942274,False
sample_02038.jpg,0.38626731690050703,False
sample_02039.jpg,0.3900557279035022,False
sample_02040.jpg,0.4041397051056312,False
sample_02041.jpg,0.4138552214009767,False
sample_02042.jpg,0.4002994015164441,False
sample_02043.jpg,0.4105741915215917,False
sample_02044.jpg,0.43090926606770064,False
sample_02045.jpg,0.42860812666610576,False
sample_02046.jpg,0.3765243326995274,False
sample_02047.jpg,0.4068166611560999,False
sample_02048.jpg,0.484088968321298,False
sample_02049.jpg,0.4392958583966398,False
sample_02050.jpg,0.48664105506295974,False
sample_02051.jpg,0.3960268479773862,False
sample_02052.jpg,0.46334372631292403,False
sample_02053.jpg,0.5535929474300066,True
sample_02054.jpg,0.42153298504395287,False
sample_02055.jpg,0.36200196331310436,False
sample_02056.jpg,0.3717519892475346,False
sample_02057.jpg,0.4560624031028428,False
sample_02058.jpg,0.5083457803662333,False
sample_02059.jpg,0.38523145874618336,False
sample_02060.jpg,0.38032231941153394,False
sample_02061.jpg,0.43511033121719744,False
sample_02062.jpg,0.41075827275832766,False
sample_02063.jpg,0.4286644622906809,False
sample_02064.jpg,0.4397605201231818,False
sample_02065.jpg,0.4129730558414413,False
sample_02066.jpg,0.4103001922941421,False
sample_02067.jpg,0.4434563087553563,False
sample_02068.jpg,0.4677922532555658,False
sample_02069.jpg,0.4000298920711201,False
sample_02070.jpg,0.3702736147148488,False
sample_02071.jpg,0.39130680965667197,False
sample_02072.jpg,0.432262087693809,False
sample_02073.jpg,0.4783229264907722,False
sample_02074.jpg,0.3899553329219984,False
sample_02075.jpg,0.3897406285439455,False
sample_02076.jpg,0.371443653661984,False
sample_02077.jpg,0.4265603638378606,False
sample_02078.jpg,0.4558867299189736,False
sample_02079.jpg,0.45803440150167685,False
sample_02080.jpg,0.470877788165673,False
sample_02081.jpg,0.43215827223488773,False
sample_02082.jpg,0.4469131019096303,False
sample_02083.jpg,0.4871834360116302,False
sample_02084.jpg,0.39179205568482467,False
sample_02085.jpg,0.48568473919154836,False
sample_02086.jpg,0.49253771267175966,False
sample_02087.jpg,0.397636496402659,False
sample_02088.jpg,0.37531402139291853,False
sample_02089.jpg,0.392757921064938,False
sample_02090.jpg,0.3936573519286703,False
sample_02091.jpg,0.3778465297805078,False
sample_02092.jpg,0.4165265045324276,False
sample_02093.jpg,0.4353012330386458,False
sample_02094.jpg,0.4216878647054168,False
sample_02095.jpg,0.4394413050994994,False
sample_02096.jpg,0.39445426453793225,False
sample_02097.jpg,0.48238377620793377,False
sample_02098.jpg,0.4196543316865714,False
sample_02099.jpg,0.3985185829564287,False
sample_02100.jpg,0.4157196329394383,False
sample_02101.jpg,0.3923924150579468,False
sample_02102.jpg,0.4324551558974223,False
sample_02103.jpg,0.42908032180350514,False
sample_02104.jpg,0.4420162268410989,False
sample_02105.jpg,0.4046997024487243,False
sample_02106.jpg,0.40530774467299036,False
sample_02107.jpg,0.3736133897322443,False
sample_02108.jpg,0.3768343563966541,False
sample_02109.jpg,0.4460874568167299,False
sample_02110.jpg,0.42307391582824444,False
sample_02111.jpg,0.44405907667332173,False
sample_02112.jpg,0.3866677254001601,False
sample_02113.jpg,0.4210603310609455,False
sample_02114.jpg,0.4736239690925844,False
sample_02115.jpg,0.41036597004764214,False
sample_02116.jpg,0.4476059738764365,False
sample_02117.jpg,0.4178091184241356,False
sample_02118.jpg,0.461190049179013,False
sample_02119.jpg,0.44583643166962134,False
sample_02120.jpg,0.4358609676460653,False
sample_02121.jpg,0.4312388475669422,False
sample_02122.jpg,0.37359448675046114,False
sample_02123.jpg,0.39627518314294213,False
sample_02124.jpg,0.41335083896438085,False
sample_02125.jpg,0.37431002373567146,False
sample_02126.jpg,0.3793155287910564,False
sample_02127.jpg,0.4360873655630526,False
sample_02128.jpg,0.3985756567446524,False
sample_02129.jpg,0.4258026490447088,False
sample_02130.jpg,0.43222204664610386,False
sample_02131.jpg,0.3975789763559352,False
sample_02132.jpg,0.3901771122440937,False
sample_02133.jpg,0.39097239315413707,False
sample_02134.jpg,0.41985389004320633,False
sample_02135.jpg,0.45273321088470353,False
sample_02136.jpg,0.41272891678212154,False
sample_02137.jpg,0.41219847725521563,False
sample_02138.jpg,0.36596637019459755,False
sample_02139.jpg,0.41961629471679374,False
sample_02140.jpg,0.49425482525830305,False
sample_02141.jpg,0.38620176703351167,False
sample_02142.jpg,0.40858514359650283,False
sample_02143.jpg,0.3927050360774797,False
sample_02144.jpg,0.42191250142912895,False
sample_02145.jpg,0.4165689552670484,False
sample_02146.jpg,0.48236698386840793,False
sample_02147.jpg,0.45239084555037573,False
sample_02148.jpg,0.3911482691120463,False
sample_02149.jpg,0.4100633209811559,False
sample_02150.jpg,0.435674509125731,False
sample_02151.jpg,0.3876026433022081,False
sample_02152.jpg,0.40427409783821244,False
sample_02153.jpg,0.48840051361506814,False
sample_02154.jpg,0.4605727577113006,False
sample_02155.jpg,0.4341176081010664,False
sample_02156.jpg,0.42856217818118053,False
sample_02157.jpg,0.36010024584081946,False
sample_02158.jpg,0.4350082448529926,False
sample_02159.jpg,0.39721435882975703,False
sample_02160.jpg,0.3723769280675217,False
sample_02161.jpg,0.3762502876246259,False
sample_02162.jpg,0.4605316258238968,False
sample_02163.jpg,0.4252953529150649,False
sample_02164.jpg,0.3773612520529039,False
sample_02165.jpg,0.3814620965356065,False
sample_02166.jpg,0.4194791876954515,False
sample_02167.jpg,0.4412299143718574,False
sample_02168.jpg,0.38730244154350074,False
sample_02169.jpg,0.42770848171162573,False
sample_02170.jpg,0.4509196896786609,False
sample_02171.jpg,0.37800265639398994,False
sample_02172.jpg,0.387743449838841,False
sample_02173.jpg,0.4263818403124254,False
sample_02174.jpg,0.41611919974399714,False
sample_02175.jpg,0.3943901561842038,False
sample_02176.jpg,0.43201913404701,False
sample_02177.jpg,0.4238781614268999,False
sample_02178.jpg,0.37599645679185073,False
sample_02179.jpg,0.39540185061270394,False
sample_02180.jpg,0.441939657832032,False
sample_02181.jpg,0.4883190416834251,False
sample_02182.jpg,0.46344834710930016,False
sample_02183.jpg,0.39427382039527104,False
sample_02184.jpg,0.4316205216510966,False
sample_02185.jpg,0.4027397145139626,False
sample_02186.jpg,0.4015971916588079,False
sample_02187.jpg,0.40101182606563723,False
sample_02188.jpg,0.4150944923556945,False
sample_02189.jpg,0.4676370532178169,False
sample_02190.jpg,0.4650462412916188,False
sample_02191.jpg,0.4610127899422921,False
sample_02192.jpg,0.4259029378994359,False
sample_02193.jpg,0.4360483644690196,False
sample_02194.jpg,0.43082994092720805,False
sample_02195.jpg,0.43244906220867063,False
sample_02196.jpg,0.39238335549527564,False
sample_02197.jpg,0.42036408852894447,False
sample_02198.jpg,0.40628597547370154,False
sample_02199.jpg,0.43512748741023993,False
sample_02200.jpg,0.402494506460612,False
sample_02201.jpg,0.3998331063744896,False
sample_02202.jpg,0.3968947663478829,False
sample_02203.jpg,0.4026218021416365,False
sample_02204.jpg,0.43941107117236927,False
sample_02205.jpg,0.4585863369002006,False
sample_02206.jpg,0.42624119885146255,False
sample_02207.jpg,0.4116537293324955,False
sample_02208.jpg,0.4524391446628936,False
sample_02209.jpg,0.4400543835556403,False
sample_02210.jpg,0.44158483540805077,False
sample_02211.jpg,0.4026812334185718,False
sample_02212.jpg,0.46719470272813507,False
sample_02213.jpg,0.4317064588696701,False
sample_02214.jpg,0.42882952966709365,False
sample_02215.jpg,0.4460077053820146,False
sample_02216.jpg,0.4150753695466162,False
sample_02217.jpg,0.4012615601838727,False
sample_02218.jpg,0.37484001845188436,False
sample_02219.jpg,0.41639116658727504,False
sample_02220.jpg,0.40178847305553544,False
sample_02221.jpg,0.4491491378524823,False
sample_02222.jpg,0.45705622913023386,False
sample_02223.jpg,0.38652830773746233,False
sample_02224.jpg,0.410737174609194,False
sample_02225.jpg,0.44427161378277236,False
sample_02226.jpg,0.47341826230869016,False
sample_02227.jpg,0.40477221377103006,False
sample_02228.jpg,0.44927201554351176,False
sample_02229.jpg,0.3613815352282667,False
sample_02230.jpg,0.40950846365396676,False
sample_02231.jpg,0.3764536114414546,False
sample_02232.jpg,0.3615319173542349,False
sample_02233.jpg,0.3963368995681509,False
sample_02234.jpg,0.43575658737252676,False
sample_02235.jpg,0.43337731945352326,False
sample_02236.jpg,0.4139482547402577,False
sample_02237.jpg,0.39139107252227395,False
sample_02238.jpg,0.45506855443614447,False
sample_02239.jpg,0.4550536270941616,False
sample_02240.jpg,0.4542582216691615,False
sample_02241.jpg,0.4314909247824164,False
sample_02242.jpg,0.46686800893612146,False
sample_02243.jpg,0.4597894566624104,False
sample_02244.jpg,0.4234152067583377,False
sample_02245.jpg,0.4642629901315937,False
sample_02246.jpg,0.4120156058913439,False
sample_02247.jpg,0.49334180857305265,False
sample_02248.jpg,0.44725600016988254,False
sample_02249.jpg,0.4717067495130332,False
sample_02250.jpg,0.37857361755614827,False
sample_02251.jpg,0.38943947721402794,False
sample_02252.jpg,0.4725790500383617,False
sample_02253.jpg,0.42168304297563003,False
sample_02254.jpg,0.48051445616634136,False
sample_02255.jpg,0.407779735910173,False
sample_02256.jpg,0.44274228980410657,False
sample_02257.jpg,0.39014131491840365,False
sample_02258.jpg,0.4066322046406876,False
sample_02259.jpg,0.36988469059443935,False
sample_02260.jpg,0.3864400214516155,False
sample_02261.jpg,0.46447562932577735,False
sample_02262.jpg,0.43710891199697344,False
sample_02263.jpg,0.43548098566261395,False
sample_02264.jpg,0.47375297568051417,False
sample_02265.jpg,0.43670603886757875,False
sample_02266.jpg,0.3982385454042829,False
sample_02267.jpg,0.4116326792594265,False
sample_02268.jpg,0.3704079569670798,False
sample_02269.jpg,0.5022510716234767,False
sample_02270.jpg,0.46036638738549324,False
sample_02271.jpg,0.4694602958895564,False
sample_02272.jpg,0.3801392077370468,False
sample_02273.jpg,0.37710034652376584,False
sample_02274.jpg,0.4308007720045491,False
sample_02275.jpg,0.4211310582340218,False
sample_02276.jpg,0.38178980186636075,False
sample_02277.jpg,0.4146589534554697,False
sample_02278.jpg,0.420608608531869,False
sample_02279.jpg,0.4199597777907777,False
sample_02280.jpg,0.3774717598563999,False
sample_02281.jpg,0.39540922880976787,False
sample_02282.jpg,0.4636508072101045,False
sample_02283.jpg,0.37988480623919924,False
sample_02284.jpg,0.3749014177024541,False
sample_02285.jpg,0.4325520572221748,False
sample_02286.jpg,0.4630197358246637,False
sample_02287.jpg,0.39880469693987036,False
sample_02288.jpg,0.3714343456264119,False
sample_02289.jpg,0.38971112257064483,False
sample_02290.jpg,0.4099564123032277,False
sample_02291.jpg,0.4545448661817068,False
sample_02292.jpg,0.42519361360875163,False
sample_02293.jpg,0.42993557349978245,False
sample_02294.jpg,0.40892862130472574,False
sample_02295.jpg,0.39783601121074197,False
sample_02296.jpg,0.4526482159746679,False
sample_02297.jpg,0.42865342468240214,False
sample_02298.jpg,0.41729629497673354,False
sample_02299.jpg,0.39873801431983846,False
sample_02300.jpg,0.456456832417351,False
sample_02301.jpg,0.40812378793253085,False
sample_02302.jpg,0.38070574675504615,False
sample_02303.jpg,0.40534839112650983,False
sample_02304.jpg,0.4328514107526662,False
sample_02305.jpg,0.4104668326238932,False
sample_02306.jpg,0.4146149391418808,False
sample_02307.jpg,0.4075387324180715,False
sample_02308.jpg,0.39035324952092093,False
sample_02309.jpg,0.4181340834993541,False
sample_02310.jpg,0.4838309162810893,False
sample_02311.jpg,0.4496741331267755,False
sample_02312.jpg,0.440956395643135,False
sample_02313.jpg,0.414987472098509,False
sample_02314.jpg,0.4011630652530582,False
sample_02315.jpg,0.40644281653182246,False
sample_02316.jpg,0.49787826382405803,False
sample_02317.jpg,0.39993200782885946,False
sample_02318.jpg,0.41976329984728394,False
sample_02319.jpg,0.4023450599597479,False
sample_02320.jpg,0.456051304129172,False
sample_02321.jpg,0.3921604173576561,False
sample_02322.jpg,0.43441452017912957,False
sample_02323.jpg,0.46429523644893445,False
sample_02324.jpg,0.38777824101167185,False
sample_02325.jpg,0.37473497173230796,False
sample_02326.jpg,0.45150742821045275,False
sample_02327.jpg,0.4415282449734685,False
sample_02328.jpg,0.45438843736358264,False
sample_02329.jpg,0.3708513593012778,False
sample_02330.jpg,0.4818847560572479,False
sample_02331.jpg,0.3686896053766471,False
sample_02332.jpg,0.4261608441140436,False
sample_02333.jpg,0.40632772814947477,False
sample_02334.jpg,0.44113969055706254,False
sample_02335.jpg,0.46678009604199655,False
sample_02336.jpg,0.42296182190681736,False
sample_02337.jpg,0.42355794981393224,False
sample_02338.jpg,0.43737504321820203,False
sample_02339.jpg,0.39332888403683247,False
sample_02340.jpg,0.45153896648240927,False
sample_02341.jpg,0.41393572052524774,False
sample_02342.jpg,0.4267173105934715,False
sample_02343.jpg,0.3785195827651597,False
sample_02344.jpg,0.5109428171850579,False
sample_02345.jpg,0.4491590308090368,False
sample_02346.jpg,0.4074758827844364,False
sample_02347.jpg,0.3723397873836691,False
sample_02348.jpg,0.4158999362273316,False
sample_02349.jpg,0.4512713192972511,False
sample_02350.jpg,0.38761242649867983,False
sample_02351.jpg,0.4562365076187989,False
sample_02352.jpg,0.4247534856735449,False
sample_02353.jpg,0.48309000633612625,False
sample_02354.jpg,0.4338713770419876,False
sample_02355.jpg,0.48678158905857705,False
sample_02356.jpg,0.4013802142946506,False
sample_02357.jpg,0.3708963346462058,False
sample_02358.jpg,0.388817128013084,False
sample_02359.jpg,0.3620328524472435,False
sample_02360.jpg,0.41607895853498683,False
sample_02361.jpg,0.4894475564244014,False
sample_02362.jpg,0.4040439128318445,False
sample_02363.jpg,0.42461093247008314,False
sample_02364.jpg,0.3876636200393029,False
sample_02365.jpg,0.37997897985677925,False
sample_02366.jpg,0.39069570161598927,False
sample_02367.jpg,0.44784475483735164,False
sample_02368.jpg,0.4002137191259326,False
sample_02369.jpg,0.42137416498262503,False
sample_02370.jpg,0.369804109391083,False
sample_02371.jpg,0.40031933326802654,False
sample_02372.jpg,0.4805977664264466,False
sample_02373.jpg,0.35386579953341674,False
sample_02374.jpg,0.4312093944523935,False
sample_02375.jpg,0.40826175929448616,False
sample_02376.jpg,0.40119062186307175,False
sample_02377.jpg,0.3936712349119253,False
sample_02378.jpg,0.3975469629054514,False
sample_02379.jpg,0.3944252336960043,False
sample_02380.jpg,0.4042683758580822,False
sample_02381.jpg,0.4111950517220955,False
sample_02382.jpg,0.4709256313455455,False
sample_02383.jpg,0.42562206991368046,False
sample_02384.jpg,0.4581646202332574,False
sample_02385.jpg,0.4380809816024693,False
sample_02386.jpg,0.4214904579473376,False
sample_02387.jpg,0.43801599829110377,False
sample_02388.jpg,0.4396883927069011,False
sample_02389.jpg,0.3595681813067751,False
sample_02390.jpg,0.46730675813174666,False
sample_02391.jpg,0.4604356971724394,False
sample_02392.jpg,0.45112042677462294,False
sample_02393.jpg,0.3810095203222532,False
sample_02394.jpg,0.4355398845455223,False
sample_02395.jpg,0.4841930513555653,False
sample_02396.jpg,0.46248006804311126,False
sample_02397.jpg,0.4425176277535162,False
sample_02398.jpg,0.40125143478276787,False
sample_02399.jpg,0.4588450104688137,False
sample_02400.jpg,0.3882614088394362,False
sample_02401.jpg,0.41192814723632015,False
sample_02402.jpg,0.3573211391109915,False
sample_02403.jpg,0.511197042291407,False
sample_02404.jpg,0.42718503374276434,False
sample_02405.jpg,0.4526818523528236,False
sample_02406.jpg,0.453828963540646,False
sample_02407.jpg,0.4396981842162373,False
sample_02408.jpg,0.4288282441883119,False
sample_02409.jpg,0.41403028259284264,False
sample_02410.jpg,0.3715797783510934,False
sample_02411.jpg,0.4150210548379403,False
sample_02412.jpg,0.39441547795275084,False
sample_02413.jpg,0.48295063779071407,False
sample_02414.jpg,0.3902475760171511,False
sample_02415.jpg,0.3840199770686713,False
sample_02416.jpg,0.37600868979796714,False
sample_02417.jpg,0.4773301286114581,False
sample_02418.jpg,0.44492970380573743,False
sample_02419.jpg,0.46695374567499304,False
sample_02420.jpg,0.4613734540116304,False
sample_02421.jpg,0.5127837015706413,False
sample_02422.jpg,0.4393611643040606,False
sample_02423.jpg,0.38474511432804825,False
sample_02424.jpg,0.3864079411052034,False
sample_02425.jpg,0.3856819471399253,False
sample_02426.jpg,0.4180522879976229,False
sample_02427.jpg,0.41696892408644315,False
sample_02428.jpg,0.37542344725813437,False
sample_02429.jpg,0.43650763234130324,False
sample_02430.jpg,0.39576340638944757,False
sample_02431.jpg,0.4136876627928067,False
sample_02432.jpg,0.45060696778092485,False
sample_02433.jpg,0.457967997331651,False
sample_02434.jpg,0.3831183665022186,False
sample_02435.jpg,0.4378036381271993,False
sample_02436.jpg,0.39204411210061607,False
sample_02437.jpg,0.3968292277058308,False
sample_02438.jpg,0.44918801929025576,False
sample_02439.jpg,0.39920687948473943,False
sample_02440.jpg,0.39501159782307643,False
sample_02441.jpg,0.4206607472809523,False
sample_02442.jpg,0.44157513617549776,False
sample_02443.jpg,0.42361431941602534,False
sample_02444.jpg,0.40579911753547526,False
sample_02445.jpg,0.4625349656138116,False
sample_02446.jpg,0.3830432126859739,False
sample_02447.jpg,0.4843188789721469,False
sample_02448.jpg,0.43182875986088476,False
sample_02449.jpg,0.41812533627215265,False
sample_02450.jpg,0.4150714684381642,False
sample_02451.jpg,0.40534725744156114,False
sample_02452.jpg,0.41478464859373115,False
sample_02453.jpg,0.410001957035253,False
sample_02454.jpg,0.3738017707483968,False
sample_02455.jpg,0.4035059004991209,False
sample_02456.jpg,0.3764727389708237,False
sample_02457.jpg,0.41304107239479776,False
sample_02458.jpg,0.4545746101492491,False
sample_02459.jpg,0.3979153086096438,False
sample_02460.jpg,0.41985203403477556,False
sample_02461.jpg,0.3605834905711338,False
sample_02462.jpg,0.43857470314943514,False
sample_02463.jpg,0.3764972435037522,False
sample_02464.jpg,0.4225054821178002,False
sample_02465.jpg,0.44568991907829164,False
sample_02466.jpg,0.3666992916091632,False
sample_02467.jpg,0.41819707898757724,False
sample_02468.jpg,0.3959481661455939,False
sample_02469.jpg,0.4320229349921878,False
sample_02470.jpg,0.42821133896653085,False
sample_02471.jpg,0.4376103016930686,False
sample_02472.jpg,0.4332334111858429,False
sample_02473.jpg,0.432999513087099,False
sample_02474.jpg,0.40064895760603764,False
sample_02475.jpg,0.3906720546460529,False
sample_02476.jpg,0.4115737655594437,False
sample_02477.jpg,0.42625805624441565,False
sample_02478.jpg,0.3946961458020662,False
sample_02479.jpg,0.41191003324284875,False
sample_02480.jpg,0.4650102033386522,False
sample_02481.jpg,0.39153004769578964,False
sample_02482.jpg,0.40312280356091384,False
sample_02483.jpg,0.4310101859548557,False
sample_02484.jpg,0.4170067035560913,False
sample_02485.jpg,0.49213353138420285,False
sample_02486.jpg,0.3931614227768591,False
sample_02487.jpg,0.47313177761765146,False
sample_02488.jpg,0.4420592551783486,False
sample_02489.jpg,0.3795259434735613,False
sample_02490.jpg,0.44887299723771107,False
sample_02491.jpg,0.41088742546919216,False
sample_02492.jpg,0.4815619853390245,False
sample_02493.jpg,0.40861003958624165,False
sample_02494.jpg,0.4374775996240166,False
sample_02495.jpg,0.44876827720957607,False
sample_02496.jpg,0.37675138221726956,False
sample_02497.jpg,0.4097465418939804,False
sample_02498.jpg,0.4470878426170493,False
sample_02499.jpg,0.43212223515493053,False
sample_02500.jpg,0.41040833366575286,False
sample_02501.jpg,0.4017823065681458,False
sample_02502.jpg,0.4114166823812879,False
sample_02503.jpg,0.41759430492081917,False
sample_02504.jpg,0.4471795544900681,False
sample_02505.jpg,0.4228789423939411,False
sample_02506.jpg,0.4917414855872963,False
sample_02507.jpg,0.42722778519105803,False
sample_02508.jpg,0.48489149664964754,False
sample_02509.jpg,0.4536401830539393,False
sample_02510.jpg,0.40876918909353754,False
sample_02511.jpg,0.40144205811356154,False
sample_02512.jpg,0.41537013892715424,False
sample_02513.jpg,0.3913825271696184,False
sample_02514.jpg,0.4438955068339034,False
sample_02515.jpg,0.4088155175053148,False
sample_02516.jpg,0.39945317385554174,False
sample_02517.jpg,0.41996788412220765,False
sample_02518.jpg,0.3977463779956976,False
sample_02519.jpg,0.390852560482693,False
sample_02520.jpg,0.41092986659149194,False
sample_02521.jpg,0.45238087005492095,False
sample_02522.jpg,0.40350003635889636,False
sample_02523.jpg,0.4091503839907157,False
sample_02524.jpg,0.38319362599670936,False
sample_02525.jpg,0.37749824429507367,False
sample_02526.jpg,0.4533998329315454,False
sample_02527.jpg,0.4183731678331556,False
sample_02528.jpg,0.3963191893023556,False
sample_02529.jpg,0.45442239065893886,False
sample_02530.jpg,0.45519923816702507,False
sample_02531.jpg,0.4566843932679564,False
sample_02532.jpg,0.3502198782586162,False
sample_02533.jpg,0.4156885101419249,False
sample_02534.jpg,0.5167170430506232,False
sample_02535.jpg,0.38149303688959346,False
sample_02536.jpg,0.4001810745106218,False
sample_02537.jpg,0.39052557038407576,False
sample_02538.jpg,0.45341870030061004,False
sample_02539.jpg,0.45952279223556297,False
sample_02540.jpg,0.4776035890033152,False
sample_02541.jpg,0.45594155917522294,False
sample_02542.jpg,0.49830791073089653,False
sample_02543.jpg,0.400080516603177,False
sample_02544.jpg,0.4344414119639522,False
sample_02545.jpg,0.43376555338497114,False
sample_02546.jpg,0.4730376900277514,False
sample_02547.jpg,0.4182918668283956,False
sample_02548.jpg,0.4283490126052313,False
sample_02549.jpg,0.4242069067877669,False
sample_02550.jpg,0.3906094652176312,False
sample_02551.jpg,0.38768245683237235,False
sample_02552.jpg,0.3762637925898845,False
sample_02553.jpg,0.4656550166234617,False
sample_02554.jpg,0.35710477462724016,False
sample_02555.jpg,0.37389249300793526,False
sample_02556.jpg,0.45316393635218666,False
sample_02557.jpg,0.39389973311179793,False
sample_02558.jpg,0.41065229077679744,False
sample_02559.jpg,0.44224536191205277,False
sample_02560.jpg,0.40884748766596524,False
sample_02561.jpg,0.41679759292401886,False
sample_02562.jpg,0.388443214660519,False
sample_02563.jpg,0.4347685668805473,False
sample_02564.jpg,0.4241931990605371,False
sample_02565.jpg,0.46916149985938216,False
sample_02566.jpg,0.44811970205327883,False
sample_02567.jpg,0.46992150143113454,False
sample_02568.jpg,0.3722514554490943,False
sample_02569.jpg,0.426440967481094,False
sample_02570.jpg,0.40593122770870593,False
sample_02571.jpg,0.38449887165955293,False
sample_02572.jpg,0.39881883270478097,False
sample_02573.jpg,0.47249389557907445,False
sample_02574.jpg,0.4342934004342312,False
sample_02575.jpg,0.3942780444617301,False
sample_02576.jpg,0.3807945165788897,False
sample_02577.jpg,0.4522169311646525,False
sample_02578.jpg,0.3897387940516364,False
sample_02579.jpg,0.3944671006121913,False
sample_02580.jpg,0.37519232404701636,False
sample_02581.jpg,0.42283351639480365,False
sample_02582.jpg,0.3773765025387524,False
sample_02583.jpg,0.44387893090172137,False
sample_02584.jpg,0.42631104349521864,False
sample_02585.jpg,0.4464572421349393,False
sample_02586.jpg,0.35673050356264246,False
sample_02587.jpg,0.45424172756353637,False
sample_02588.jpg,0.4077709184961954,False
sample_02589.jpg,0.37743139799303305,False
sample_02590.jpg,0.43573621299876136,False
sample_02591.jpg,0.4070111808460769,False
sample_02592.jpg,0.4420470504846926,False
sample_02593.jpg,0.3868772471062387,False
sample_02594.jpg,0.41574379259237204,False
sample_02595.jpg,0.37139742086829514,False
sample_02596.jpg,0.45013642926513064,False
sample_02597.jpg,0.38778788921202323,False
sample_02598.jpg,0.460527082666969,False
sample_02599.jpg,0.4840178754027886,False
sample_02600.jpg,0.40540892118125427,False
sample_02601.jpg,0.4464476778140221,False
sample_02602.jpg,0.4014270199253417,False
sample_02603.jpg,0.4197312914653389,False
sample_02604.jpg,0.42850624394028947,False
sample_02605.jpg,0.39290990125796094,False
sample_02606.jpg,0.3621045383156771,False
sample_02607.jpg,0.4618750761605544,False
sample_02608.jpg,0.4029037731039473,False
sample_02609.jpg,0.38861309354752815,False
sample_02610.jpg,0.4067309528408166,False
sample_02611.jpg,0.3709168441477638,False
sample_02612.jpg,0.3716504257393883,False
sample_02613.jpg,0.4183746593714307,False
sample_02614.jpg,0.4720289531653492,False
sample_02615.jpg,0.417456710342201,False
sample_02616.jpg,0.4038684123575127,False
sample_02617.jpg,0.46172741688980595,False
sample_02618.jpg,0.4672704253737728,False
sample_02619.jpg,0.4542031492648041,False
sample_02620.jpg,0.39261179144194885,False
sample_02621.jpg,0.470839162558752,False
sample_02622.jpg,0.3959054978210418,False
sample_02623.jpg,0.37873598619859894,False
sample_02624.jpg,0.46484953277086877,False
sample_02625.jpg,0.40723624233171546,False
sample_02626.jpg,0.3985285077062466,False
sample_02627.jpg,0.45843427781277746,False
sample_02628.jpg,0.47946704856617683,False
sample_02629.jpg,0.4436768277320154,False
sample_02630.jpg,0.4027926936636144,False
sample_02631.jpg,0.43275669834798564,False
sample_02632.jpg,0.4249264445202781,False
sample_02633.jpg,0.4125761691417343,False
sample_02634.jpg,0.3684249679226969,False
sample_02635.jpg,0.403883443607696,False
sample_02636.jpg,0.41607919277002586,False
sample_02637.jpg,0.42733301881022184,False
sample_02638.jpg,0.41958850333669456,False
sample_02639.jpg,0.3827147616082652,False
sample_02640.jpg,0.3884306878004396,False
sample_02641.jpg,0.38451835732811207,False
sample_02642.jpg,0.4008295163326858,False
sample_02643.jpg,0.4397617109809914,False
sample_02644.jpg,0.39794924200698384,False
sample_02645.jpg,0.45169456519042595,False
sample_02646.jpg,0.41064491550008,False
sample_02647.jpg,0.3905939402083321,False
sample_02648.jpg,0.4708451660209331,False
sample_02649.jpg,0.3928223755757305,False
sample_02650.jpg,0.39804779454019457,False
sample_02651.jpg,0.38428607803527787,False
sample_02652.jpg,0.4132738162567742,False
sample_02653.jpg,0.4009298857036379,False
sample_02654.jpg,0.44285559442103184,False
sample_02655.jpg,0.45980272748462814,False
sample_02656.jpg,0.3923394476543392,False
sample_02657.jpg,0.45722401490695197,False
sample_02658.jpg,0.4528118361013785,False
sample_02659.jpg,0.4553207714852555,False
sample_02660.jpg,0.45972586143076577,False
sample_02661.jpg,0.43762132225819833,False
sample_02662.jpg,0.39919101074785146,False
sample_02663.jpg,0.45897604484979504,False
sample_02664.jpg,0.38892362169315153,False
sample_02665.jpg,0.38733999144137393,False
sample_02666.jpg,0.47951730004623205,False
sample_02667.jpg,0.3537481708935973,False
sample_02668.jpg,0.38052542900606856,False
sample_02669.jpg,0.3871956429032379,False
sample_02670.jpg,0.4490317065287741,False
sample_02671.jpg,0.43074087356765245,False
sample_02672.jpg,0.4018873726896705,False
sample_02673.jpg,0.40424673729625,False
sample_02674.jpg,0.40001031071048976,False
sample_02675.jpg,0.3875196214458787,False
sample_02676.jpg,0.3727032049519972,False
sample_02677.jpg,0.37493491867631584,False
sample_02678.jpg,0.38749313966548965,False
sample_02679.jpg,0.41330693554231096,False
sample_02680.jpg,0.38104839322546885,False
sample_02681.jpg,0.41452044198085347,False
sample_02682.jpg,0.4236520841901189,False
sample_02683.jpg,0.4053459444412428,False
sample_02684.jpg,0.45379187692581474,False
sample_02685.jpg,0.39102758039256064,False
sample_02686.jpg,0.4321979740414484,False
sample_02687.jpg,0.3571324774610011,False
sample_02688.jpg,0.3827579563916649,False
sample_02689.jpg,0.40698672503648886,False
sample_02690.jpg,0.36833922893828325,False
sample_02691.jpg,0.39671753657638115,False
sample_02692.jpg,0.4487697398569762,False
sample_02693.jpg,0.39286309395677044,False
sample_02694.jpg,0.3872546860873172,False
sample_02695.jpg,0.4254886179541593,False
sample_02696.jpg,0.4764752952226951,False
sample_02697.jpg,0.38293817509700906,False
sample_02698.jpg,0.419350574696262,False
sample_02699.jpg,0.3681309310684894,False
sample_02700.jpg,0.40087272402567736,False
sample_02701.jpg,0.37804822862544596,False
sample_02702.jpg,0.37700253532939104,False
sample_02703.jpg,0.4239134576478444,False
sample_02704.jpg,0.3866073357149608,False
sample_02705.jpg,0.465248592720617,False
sample_02706.jpg,0.39078655200092893,False
sample_02707.jpg,0.4102443629829057,False
sample_02708.jpg,0.4461808821240712,False
sample_02709.jpg,0.4214758282897645,False
sample_02710.jpg,0.3787372959488913,False
sample_02711.jpg,0.36835734686050803,False
sample_02712.jpg,0.39752807086271946,False
sample_02713.jpg,0.4018391121933817,False
sample_02714.jpg,0.3958941870905046,False
sample_02715.jpg,0.4033110471379759,False
sample_02716.jpg,0.38609911059603713,False
sample_02717.jpg,0.4530613605458906,False
sample_02718.jpg,0.5292027176546953,True
sample_02719.jpg,0.4410142947182017,False
sample_02720.jpg,0.45973479229964526,False
sample_02721.jpg,0.44770134481567525,False
sample_02722.jpg,0.3975042887495241,False
sample_02723.jpg,0.4331489984981631,False
sample_02724.jpg,0.41052366798710166,False
sample_02725.jpg,0.4198070452575588,False
sample_02726.jpg,0.3933794936042324,False
sample_02727.jpg,0.4240485994259961,False
sample_02728.jpg,0.38764020159083773,False
sample_02729.jpg,0.3666957487809067,False
sample_02730.jpg,0.4353223725329903,False
sample_02731.jpg,0.4505901261619373,False
sample_02732.jpg,0.4125132460008474,False
sample_02733.jpg,0.3860724894998295,False
sample_02734.jpg,0.40542835087625034,False
sample_02735.jpg,0.39672267031056996,False
sample_02736.jpg,0.3765867838600212,False
sample_02737.jpg,0.3762295989544071,False
sample_02738.jpg,0.40233186729670034,False
sample_02739.jpg,0.3930036477104837,False
sample_02740.jpg,0.44648014446431783,False
sample_02741.jpg,0.3799539194986869,False
sample_02742.jpg,0.3999183078617593,False
sample_02743.jpg,0.38002024202327245,False
sample_02744.jpg,0.3795065973561089,False
sample_02745.jpg,0.42241924544906073,False
sample_02746.jpg,0.3996907527991633,False
sample_02747.jpg,0.38425456187189894,False
sample_02748.jpg,0.3791743688164601,False
sample_02749.jpg,0.476092621505893,False
sample_02750.jpg,0.3993569509103648,False
sample_02751.jpg,0.41413792108869657,False
sample_02752.jpg,0.39356691360488144,False
sample_02753.jpg,0.40763028954741454,False
sample_02754.jpg,0.399421673140583,False
sample_02755.jpg,0.43352892672132953,False
sample_02756.jpg,0.406743862216737,False
sample_02757.jpg,0.4646117726157949,False
sample_02758.jpg,0.4536630881778654,False
sample_02759.jpg,0.4409241659282115,False
sample_02760.jpg,0.5222385138664408,False
sample_02761.jpg,0.3779173055203926,False
sample_02762.jpg,0.38395467267687944,False
sample_02763.jpg,0.3989501028806483,False
sample_02764.jpg,0.41673591180847386,False
sample_02765.jpg,0.419074657578428,False
sample_02766.jpg,0.4350086671898212,False
sample_02767.jpg,0.39138184813590476,False
sample_02768.jpg,0.4023320952487743,False
sample_02769.jpg,0.45747492429921455,False
sample_02770.jpg,0.3766286943783776,False
sample_02771.jpg,0.47992388483485054,False
sample_02772.jpg,0.429680025235377,False
sample_02773.jpg,0.44141677612624647,False
sample_02774.jpg,0.4558437112603228,False
sample_02775.jpg,0.44124338544780617,False
sample_02776.jpg,0.44277958639086706,False
sample_02777.jpg,0.43930283927471725,False
sample_02778.jpg,0.3925212190300228,False
sample_02779.jpg,0.45669112996318756,False
sample_02780.jpg,0.4120523202978429,False
sample_02781.jpg,0.4340967376688939,False
sample_02782.jpg,0.4276174842849095,False
sample_02783.jpg,0.45391976335020007,False
sample_02784.jpg,0.4719090195237178,False
sample_02785.jpg,0.4498060024616723,False
sample_02786.jpg,0.4264308358287008,False
sample_02787.jpg,0.42343804416197955,False
sample_02788.jpg,0.47978459478098273,False
sample_02789.jpg,0.4597265220810698,False
sample_02790.jpg,0.5471570671895912,True
sample_02791.jpg,0.4272257685690244,False
sample_02792.jpg,0.38548631272709477,False
sample_02793.jpg,0.48880200077275365,False
sample_02794.jpg,0.4594408684133299,False
sample_02795.jpg,0.41360510530017564,False
sample_02796.jpg,0.42312627336008496,False
sample_02797.jpg,0.39279623096104926,False
sample_02798.jpg,0.40706669265853934,False
sample_02799.jpg,0.4468984903109153,False
sample_02800.jpg,0.37803500365306647,False
sample_02801.jpg,0.4710496545859369,False
sample_02802.jpg,0.4471295991606284,False
sample_02803.jpg,0.5143866309894582,False
sample_02804.jpg,0.4084463737719296,False
sample_02805.jpg,0.4424072107724523,False
sample_02806.jpg,0.44127521316513874,False
sample_02807.jpg,0.45402917867678416,False
sample_02808.jpg,0.4433054803968499,False
sample_02809.jpg,0.43334684623836384,False
sample_02810.jpg,0.41811291977975906,False
sample_02811.jpg,0.36693473015839245,False
sample_02812.jpg,0.46656340777426836,False
sample_02813.jpg,0.43701526622637316,False
sample_02814.jpg,0.43347463538667885,False
sample_02815.jpg,0.401523372649397,False
sample_02816.jpg,0.4662959839788308,False
sample_02817.jpg,0.47121400095168314,False
sample_02818.jpg,0.37500452271144297,False
sample_02819.jpg,0.37892183361294807,False
sample_02820.jpg,0.3661938316046584,False
sample_02821.jpg,0.4557798338488326,False
sample_02822.jpg,0.40418982197107456,False
sample_02823.jpg,0.44363660807753036,False
sample_02824.jpg,0.373587810666692,False
sample_02825.jpg,0.42794966762382003,False
sample_02826.jpg,0.46206417343264233,False
sample_02827.jpg,0.36478108327025877,False
sample_02828.jpg,0.4652059970555096,False
sample_02829.jpg,0.4411226585099217,False
sample_02830.jpg,0.4184955954283576,False
sample_02831.jpg,0.4369863519407266,False
sample_02832.jpg,0.4109630362722251,False
sample_02833.jpg,0.47508120128554376,False
sample_02834.jpg,0.39078256753944673,False
sample_02835.jpg,0.47961978944028455,False
sample_02836.jpg,0.4022212120491034,False
sample_02837.jpg,0.5295651408301392,True
sample_02838.jpg,0.3623036077749572,False
sample_02839.jpg,0.4361143599347617,False
sample_02840.jpg,0.38175543528569394,False
sample_02841.jpg,0.4637888158829682,False
sample_02842.jpg,0.38801445953074537,False
sample_02843.jpg,0.35107195254026047,False
sample_02844.jpg,0.47962816670139025,False
sample_02845.jpg,0.4938952907457107,False
sample_02846.jpg,0.45595858649546805,False
sample_02847.jpg,0.39300094747988473,False
sample_02848.jpg,0.4421595323363989,False
sample_02849.jpg,0.4147113607681945,False
sample_02850.jpg,0.44599594958791705,False
sample_02851.jpg,0.435301449649501,False
sample_02852.jpg,0.39800562948453705,False
sample_02853.jpg,0.41863646931003207,False
sample_02854.jpg,0.45113486948545567,False
sample_02855.jpg,0.4195943333127086,False
sample_02856.jpg,0.41904227278008455,False
sample_02857.jpg,0.39612428729301574,False
sample_02858.jpg,0.39758904108106896,False
sample_02859.jpg,0.43837588271248423,False
sample_02860.jpg,0.3729120246979586,False
sample_02861.jpg,0.41509757793463986,False
sample_02862.jpg,0.37185004974579594,False
sample_02863.jpg,0.372041576480855,False
sample_02864.jpg,0.37206221443472004,False
sample_02865.jpg,0.39892478317412133,False
sample_02866.jpg,0.41558239848930584,False
sample_02867.jpg,0.4062057075121347,False
sample_02868.jpg,0.4691950269895329,False
sample_02869.jpg,0.3964448304781974,False
sample_02870.jpg,0.5108577233620625,False
sample_02871.jpg,0.43545646043372865,False
sample_02872.jpg,0.3994469042085493,False
sample_02873.jpg,0.4404890490804019,False
sample_02874.jpg,0.4503808907064788,False
sample_02875.jpg,0.48163612132771044,False
sample_02876.jpg,0.38106458301157,False
sample_02877.jpg,0.4121051088040209,False
sample_02878.jpg,0.44920480510503685,False
sample_02879.jpg,0.49238663519283643,False
sample_02880.jpg,0.4206923918650803,False
sample_02881.jpg,0.4289543308859047,False
sample_02882.jpg,0.44363038840460134,False
sample_02883.jpg,0.4472774621998758,False
sample_02884.jpg,0.4054571613796548,False
sample_02885.jpg,0.4368200216740452,False
sample_02886.jpg,0.40465359767387005,False
sample_02887.jpg,0.40008725035051096,False
sample_02888.jpg,0.4257678840328635,False
sample_02889.jpg,0.39957589710106584,False
sample_02890.jpg,0.4227334253930415,False
sample_02891.jpg,0.4499444813148271,False
sample_02892.jpg,0.37898183798583396,False
sample_02893.jpg,0.437125739174934,False
sample_02894.jpg,0.4271840391322198,False
sample_02895.jpg,0.42185699831256374,False
sample_02896.jpg,0.4885656962666803,False
sample_02897.jpg,0.3877564375381934,False
sample_02898.jpg,0.4016829215898078,False
sample_02899.jpg,0.42825240135793874,False
sample_02900.jpg,0.42337447385785787,False
sample_02901.jpg,0.3831719382332835,False
sample_02902.jpg,0.4830330565994901,False
sample_02903.jpg,0.4729287259954571,False
sample_02904.jpg,0.39904835570996633,False
sample_02905.jpg,0.44056901800515846,False
sample_02906.jpg,0.37263993723599304,False
sample_02907.jpg,0.4269689026402098,False
sample_02908.jpg,0.42873654398479355,False
sample_02909.jpg,0.38703370676719,False
sample_02910.jpg,0.4269648209233175,False
sample_02911.jpg,0.44476981024577306,False
sample_02912.jpg,0.4758411619929205,False
sample_02913.jpg,0.42242021817044556,False
sample_02914.jpg,0.38883647282801376,False
sample_02915.jpg,0.3877499507423881,False
sample_02916.jpg,0.4023412231656041,False
sample_02917.jpg,0.4103490183784739,False
sample_02918.jpg,0.43970492274218387,False
sample_02919.jpg,0.40934481395478484,False
sample_02920.jpg,0.38232687802592913,False
sample_02921.jpg,0.387945228818055,False
sample_02922.jpg,0.42111605786701684,False
sample_02923.jpg,0.3859200803753252,False
sample_02924.jpg,0.42190591775129743,False
sample_02925.jpg,0.41665330025789105,False
sample_02926.jpg,0.37841564194235666,False
sample_02927.jpg,0.43390492783583823,False
sample_02928.jpg,0.3933891262358439,False
sample_02929.jpg,0.40383558691669863,False
sample_02930.jpg,0.44892405547015324,False
sample_02931.jpg,0.4052467733421021,False
sample_02932.jpg,0.38584385514091435,False
sample_02933.jpg,0.38419417082756896,False
sample_02934.jpg,0.40567219175821234,False
sample_02935.jpg,0.40006294535571396,False
sample_02936.jpg,0.40261133565477175,False
sample_02937.jpg,0.4085811855377805,False
sample_02938.jpg,0.3703554898028103,False
sample_02939.jpg,0.3836565765263082,False
sample_02940.jpg,0.40659777443491457,False
sample_02941.jpg,0.458724823913057,False
sample_02942.jpg,0.3959597507330534,False
sample_02943.jpg,0.4613991882487776,False
sample_02944.jpg,0.4493270055120641,False
sample_02945.jpg,0.45058354389922817,False
sample_02946.jpg,0.47063484474446554,False
sample_02947.jpg,0.3826767883901002,False
sample_02948.jpg,0.38303232182335856,False
sample_02949.jpg,0.5104093235167182,False
sample_02950.jpg,0.4012266099674667,False
sample_02951.jpg,0.4506032097595768,False
sample_02952.jpg,0.5079469495604917,False
sample_02953.jpg,0.393611550260859,False
sample_02954.jpg,0.4056378659028984,False
sample_02955.jpg,0.4387629814791966,False
sample_02956.jpg,0.4160924393010097,False
sample_02957.jpg,0.38779885683379056,False
sample_02958.jpg,0.3581805233014026,False
sample_02959.jpg,0.41786492737618525,False
sample_02960.jpg,0.3859114687256969,False
sample_02961.jpg,0.4766428494922726,False
sample_02962.jpg,0.41974882217452353,False
sample_02963.jpg,0.4425043400070231,False
sample_02964.jpg,0.5399834071607448,True
sample_02965.jpg,0.4505622107823662,False
sample_02966.jpg,0.40926266690310514,False
sample_02967.jpg,0.3979960108634562,False
sample_02968.jpg,0.3883146860408444,False
sample_02969.jpg,0.3686708307199796,False
sample_02970.jpg,0.494587805872816,False
sample_02971.jpg,0.40839481363624425,False
sample_02972.jpg,0.39355228446632157,False
sample_02973.jpg,0.3718916845028235,False
sample_02974.jpg,0.39269863870461374,False
sample_02975.jpg,0.3849232445398146,False
sample_02976.jpg,0.4439760823627646,False
sample_02977.jpg,0.43289142468003605,False
sample_02978.jpg,0.39849904229453254,False
sample_02979.jpg,0.37632767876027123,False
sample_02980.jpg,0.44298998010019025,False
sample_02981.jpg,0.4289366439607698,False
sample_02982.jpg,0.4403752221942479,False
sample_02983.jpg,0.4774525562685086,False
sample_02984.jpg,0.5007299443316191,False
sample_02985.jpg,0.4398201499880893,False
sample_02986.jpg,0.3904131744010343,False
sample_02987.jpg,0.464723581871744,False
sample_02988.jpg,0.42470238675576183,False
sample_02989.jpg,0.42120244666132645,False
sample_02990.jpg,0.4855209503831048,False
sample_02991.jpg,0.3689402106611823,False
sample_02992.jpg,0.42355536217685397,False
sample_02993.jpg,0.4032693584495388,False
sample_02994.jpg,0.41311306470061143,False
sample_02995.jpg,0.4178620386387068,False
sample_02996.jpg,0.4436145880556946,False
sample_02997.jpg,0.3815533476543602,False
sample_02998.jpg,0.3640588376178241,False
sample_02999.jpg,0.4301925681146555,False
sample_03000.jpg,0.41278788130032984,False
sample_03001.jpg,0.3909963460190502,False
sample_03002.jpg,0.3931523546517263,False
sample_03003.jpg,0.38895265420395403,False
sample_03004.jpg,0.368510184927678,False
sample_03005.jpg,0.38987745710251603,False
sample_03006.jpg,0.3679724081607193,False
sample_03007.jpg,0.4558698900575206,False
sample_03008.jpg,0.41657998067126956,False
sample_03009.jpg,0.4752640945009859,False
sample_03010.jpg,0.4641225160967732,False
sample_03011.jpg,0.3605228754001246,False
sample_03012.jpg,0.4250611086513292,False
sample_03013.jpg,0.3780722486096695,False
sample_03014.jpg,0.35747469554489036,False
sample_03015.jpg,0.40848252325262824,False
sample_03016.jpg,0.4495154009091548,False
sample_03017.jpg,0.4458814674563323,False
sample_03018.jpg,0.4514633130008648,False
sample_03019.jpg,0.3989541750402055,False
sample_03020.jpg,0.4440393580785283,False
sample_03021.jpg,0.3752411905983161,False
sample_03022.jpg,0.3806448437039848,False
sample_03023.jpg,0.39749083908058724,False
sample_03024.jpg,0.44326637335845526,False
sample_03025.jpg,0.40211848926063504,False
sample_03026.jpg,0.42451846710741575,False
sample_03027.jpg,0.43884503056672913,False
sample_03028.jpg,0.41749545797344567,False
sample_03029.jpg,0.40869614562817713,False
sample_03030.jpg,0.46290697788277174,False
sample_03031.jpg,0.41807013584574887,False
sample_03032.jpg,0.41232633508548,False
sample_03033.jpg,0.4112807498329351,False
sample_03034.jpg,0.39436047491143006,False
sample_03035.jpg,0.43220820093969686,False
sample_03036.jpg,0.36706615833972117,False
sample_03037.jpg,0.4430790234754417,False
sample_03038.jpg,0.49552339090023234,False
sample_03039.jpg,0.37465578414998635,False
sample_03040.jpg,0.4628676567435186,False
sample_03041.jpg,0.45021293356297953,False
sample_03042.jpg,0.4613206781075596,False
sample_03043.jpg,0.41101974241879397,False
sample_03044.jpg,0.35985343973823586,False
sample_03045.jpg,0.39490565235120345,False
sample_03046.jpg,0.4342368611101611,False
sample_03047.jpg,0.3632925967462364,False
sample_03048.jpg,0.4064513678382533,False
sample_03049.jpg,0.41414624160085395,False
sample_03050.jpg,0.378969455970686,False
sample_03051.jpg,0.432859631446861,False
sample_03052.jpg,0.4255408061844206,False
sample_03053.jpg,0.4041601362781065,False
sample_03054.jpg,0.363457365638636,False
sample_03055.jpg,0.40228126549707544,False
sample_03056.jpg,0.37934523461034336,False
sample_03057.jpg,0.40205073697663074,False
sample_03058.jpg,0.47981294332833085,False
sample_03059.jpg,0.3780073735735882,False
sample_03060.jpg,0.3545129140366625,False
sample_03061.jpg,0.4879185676965308,False
sample_03062.jpg,0.4696085493627555,False
sample_03063.jpg,0.4111139693953015,False
sample_03064.jpg,0.4279729823624626,False
sample_03065.jpg,0.4057603392323124,False
sample_03066.jpg,0.3848417385829648,False
sample_03067.jpg,0.39377178289181936,False
sample_03068.jpg,0.453587626907572,False
sample_03069.jpg,0.401151061692009,False
sample_03070.jpg,0.4148087582113218,False
sample_03071.jpg,0.4399588539122476,False
sample_03072.jpg,0.39491500894069226,False
sample_03073.jpg,0.36589490171602457,False
sample_03074.jpg,0.42007588700674303,False
sample_03075.jpg,0.401445670169886,False
sample_03076.jpg,0.44112670949268157,False
sample_03077.jpg,0.37283304407522394,False
sample_03078.jpg,0.43679418405686393,False
sample_03079.jpg,0.4195718414249142,False
sample_03080.jpg,0.3960292834437745,False
sample_03081.jpg,0.44613293278017957,False
sample_03082.jpg,0.3786853407603916,False
sample_03083.jpg,0.37181482899637003,False
sample_03084.jpg,0.42030171578775866,False
sample_03085.jpg,0.4813761537312184,False
sample_03086.jpg,0.39648369202296985,False
sample_03087.jpg,0.4114401338113704,False
sample_03088.jpg,0.4474581238420796,False
sample_03089.jpg,0.4222602357585276,False
sample_03090.jpg,0.4502549417429778,False
sample_03091.jpg,0.37264755366623753,False
sample_03092.jpg,0.39871315675840063,False
sample_03093.jpg,0.3916759710494359,False
sample_03094.jpg,0.5075194872586393,False
sample_03095.jpg,0.4252874155786244,False
sample_03096.jpg,0.4385923187159327,False
sample_03097.jpg,0.3906395003002605,False
sample_03098.jpg,0.4202853575911733,False
sample_03099.jpg,0.47851155668946166,False
sample_03100.jpg,0.39198563137822007,False
sample_03101.jpg,0.3813191560582314,False
sample_03102.jpg,0.4099519569634797,False
sample_03103.jpg,0.42714794850095567,False
sample_03104.jpg,0.3767810326458421,False
sample_03105.jpg,0.3762337942814108,False
sample_03106.jpg,0.41244262688804983,False
sample_03107.jpg,0.3985024247472319,False
sample_03108.jpg,0.44102508552286823,False
sample_03109.jpg,0.42045307714007596,False
sample_03110.jpg,0.4407910854138073,False
sample_03111.jpg,0.46092874976832693,False
sample_03112.jpg,0.48939618867808254,False
sample_03113.jpg,0.43559272721499953,False
sample_03114.jpg,0.4059379399358482,False
sample_03115.jpg,0.4325398617269819,False
sample_03116.jpg,0.35688931567929555,False
sample_03117.jpg,0.42366139202880476,False
sample_03118.jpg,0.4754263556819533,False
sample_03119.jpg,0.46365523286483945,False
sample_03120.jpg,0.36984547186406114,False
sample_03121.jpg,0.4099821094769739,False
sample_03122.jpg,0.3941703475958106,False
sample_03123.jpg,0.3801847296587958,False
sample_03124.jpg,0.3889481078331854,False
sample_03125.jpg,0.4162425000279634,False
sample_03126.jpg,0.40456844888428456,False
sample_03127.jpg,0.4266859715663429,False
sample_03128.jpg,0.44303951705155603,False
sample_03129.jpg,0.4569428933243852,False
sample_03130.jpg,0.3816965420331858,False
sample_03131.jpg,0.3861959090467061,False
sample_03132.jpg,0.41068994537066494,False
sample_03133.jpg,0.4018264509706484,False
sample_03134.jpg,0.37640258830571044,False
sample_03135.jpg,0.4083730031008866,False
sample_03136.jpg,0.4464554460287199,False
sample_03137.jpg,0.3883517261488073,False
sample_03138.jpg,0.3601299006057599,False
sample_03139.jpg,0.3958093346469304,False
sample_03140.jpg,0.397892127689194,False
sample_03141.jpg,0.40302435529048375,False
sample_03142.jpg,0.4572157194705078,False
sample_03143.jpg,0.36024825302233704,False
sample_03144.jpg,0.4415655904558388,False
sample_03145.jpg,0.44487733797045964,False
sample_03146.jpg,0.47508491391658353,False
sample_03147.jpg,0.4806410400927862,False
sample_03148.jpg,0.44743269910492345,False
sample_03149.jpg,0.4003585348606711,False
sample_03150.jpg,0.38246092414780636,False
sample_03151.jpg,0.35397202561701974,False
sample_03152.jpg,0.39989410928805286,False
sample_03153.jpg,0.3862856935278781,False
sample_03154.jpg,0.364236636238171,False
sample_03155.jpg,0.4929634144155323,False
sample_03156.jpg,0.40847703086630854,False
sample_03157.jpg,0.46556622771278383,False
sample_03158.jpg,0.40364690084803784,False
sample_03159.jpg,0.4203484986198241,False
sample_03160.jpg,0.38443163077774284,False
sample_03161.jpg,0.3693996149859342,False
sample_03162.jpg,0.4216096253019337,False
sample_03163.jpg,0.4092767517528134,False
sample_03164.jpg,0.38074253750628767,False
sample_03165.jpg,0.4799101725059986,False
sample_03166.jpg,0.4067406277147903,False
sample_03167.jpg,0.43155748829370194,False
sample_03168.jpg,0.4086977134851363,False
sample_03169.jpg,0.41942684778533096,False
sample_03170.jpg,0.38545159230884823,False
sample_03171.jpg,0.49356401107347897,False
sample_03172.jpg,0.41761831330968696,False
sample_03173.jpg,0.4194484992391496,False
sample_03174.jpg,0.42422330668325225,False
sample_03175.jpg,0.37669458997242705,False
sample_03176.jpg,0.4248496094976653,False
sample_03177.jpg,0.41051061844033504,False
sample_03178.jpg,0.44731042928882997,False
sample_03179.jpg,0.3894223669404548,False
sample_03180.jpg,0.38996643167929707,False
sample_03181.jpg,0.47346233958584966,False
sample_03182.jpg,0.4171435960199755,False
sample_03183.jpg,0.47261622659129454,False
sample_03184.jpg,0.41384285298210405,False
sample_03185.jpg,0.4049718488464486,False
sample_03186.jpg,0.36024816298271295,False
sample_03187.jpg,0.3978987207798965,False
sample_03188.jpg,0.38867586315699926,False
sample_03189.jpg,0.43181331865984646,False
sample_03190.jpg,0.3779064284997385,False
sample_03191.jpg,0.3844949612692016,False
sample_03192.jpg,0.4060890996797752,False
sample_03193.jpg,0.467418820401503,False
sample_03194.jpg,0.3950946809396761,False
sample_03195.jpg,0.4040444247879997,False
sample_03196.jpg,0.4074693645785698,False
sample_03197.jpg,0.38354196324906187,False
sample_03198.jpg,0.4713746571621214,False
sample_03199.jpg,0.4002954496593908,False
sample_03200.jpg,0.38207037794472004,False
sample_03201.jpg,0.4062805807069712,False
sample_03202.jpg,0.4186515190840608,False
sample_03203.jpg,0.4765368559127595,False
sample_03204.jpg,0.3917092885143795,False
sample_03205.jpg,0.4143881262259874,False
sample_03206.jpg,0.42892567200852316,False
sample_03207.jpg,0.43179804766269975,False
sample_03208.jpg,0.43201241689785647,False
sample_03209.jpg,0.4093741305592552,False
sample_03210.jpg,0.4267799267917815,False
sample_03211.jpg,0.38203590669217924,False
sample_03212.jpg,0.3685090065210009,False
sample_03213.jpg,0.4605999606745663,False
sample_03214.jpg,0.4476959889906849,False
sample_03215.jpg,0.47306091818695306,False
sample_03216.jpg,0.4019431711019833,False
sample_03217.jpg,0.43216756604624884,False
sample_03218.jpg,0.41638312841004554,False
sample_03219.jpg,0.42624041714606664,False
sample_03220.jpg,0.39523839094421487,False
sample_03221.jpg,0.3915035732666317,False
sample_03222.jpg,0.40934236931465384,False
sample_03223.jpg,0.4756775059388738,False
sample_03224.jpg,0.39991233697595063,False
sample_03225.jpg,0.5436898662593315,True
sample_03226.jpg,0.45871171713276193,False
sample_03227.jpg,0.39289178705466316,False
sample_03228.jpg,0.3619717560547012,False
sample_03229.jpg,0.4054715734156935,False
sample_03230.jpg,0.4638118843340256,False
sample_03231.jpg,0.4193233088730286,False
sample_03232.jpg,0.4451320853471619,False
sample_03233.jpg,0.424017107514284,False
sample_03234.jpg,0.38934784196393896,False
sample_03235.jpg,0.4614479958388678,False
sample_03236.jpg,0.46633736682905186,False
sample_03237.jpg,0.4321872217111853,False
sample_03238.jpg,0.40819744213573866,False
sample_03239.jpg,0.38216046393194825,False
sample_03240.jpg,0.3919213857755368,False
sample_03241.jpg,0.43147689157768115,False
sample_03242.jpg,0.37373089334171317,False
sample_03243.jpg,0.3738552903976038,False
sample_03244.jpg,0.41716909327210705,False
sample_03245.jpg,0.4610570973135337,False
sample_03246.jpg,0.4063077000001682,False
sample_03247.jpg,0.39071582842275515,False
sample_03248.jpg,0.45229319036871674,False
sample_03249.jpg,0.4035684342891639,False
sample_03250.jpg,0.4235066789952685,False
sample_03251.jpg,0.37876753644011935,False
sample_03252.jpg,0.41294226799964556,False
sample_03253.jpg,0.42721298574072486,False
sample_03254.jpg,0.4425488953620447,False
sample_03255.jpg,0.37965470753869657,False
sample_03256.jpg,0.41963920724385173,False
sample_03257.jpg,0.45984105059666047,False
sample_03258.jpg,0.4452083544973467,False
sample_03259.jpg,0.4309037045394894,False
sample_03260.jpg,0.36857682219596927,False
sample_03261.jpg,0.45231438769772525,False
sample_03262.jpg,0.42516872196596583,False
sample_03263.jpg,0.42574507811794343,False
sample_03264.jpg,0.38662151996224603,False
sample_03265.jpg,0.4140020796195183,False
sample_03266.jpg,0.4378506768565983,False
sample_03267.jpg,0.3709813883964188,False
sample_03268.jpg,0.42157322596681457,False
sample_03269.jpg,0.471160772143826,False
sample_03270.jpg,0.39625970043056913,False
sample_03271.jpg,0.39538973985266873,False
sample_03272.jpg,0.445486492936493,False
sample_03273.jpg,0.4006474862168296,False
sample_03274.jpg,0.35566452204058135,False
sample_03275.jpg,0.41469865474752926,False
sample_03276.jpg,0.39402546249003373,False
sample_03277.jpg,0.3824846874480726,False
sample_03278.jpg,0.38921042864399763,False
sample_03279.jpg,0.38365607648007677,False
sample_03280.jpg,0.39966131396849697,False
sample_03281.jpg,0.3976672375167496,False
sample_03282.jpg,0.452005549789386,False
sample_03283.jpg,0.3906540291345433,False
sample_03284.jpg,0.4354680362747548,False
sample_03285.jpg,0.42575769243255673,False
sample_03286.jpg,0.46778687384893425,False
sample_03287.jpg,0.4682352433560046,False
sample_03288.jpg,0.41353699345775247,False
sample_03289.jpg,0.4286312185289466,False
sample_03290.jpg,0.4166002094794041,False
sample_03291.jpg,0.4009231371299859,False
sample_03292.jpg,0.4056239608697017,False
sample_03293.jpg,0.414423912758686,False
sample_03294.jpg,0.43781073552540634,False
sample_03295.jpg,0.4207253163379257,False
sample_03296.jpg,0.3939258062978113,False
sample_03297.jpg,0.4460763133400097,False
sample_03298.jpg,0.378802704515032,False
sample_03299.jpg,0.4094480090611034,False
sample_03300.jpg,0.45027963824887296,False
sample_03301.jpg,0.37465493809710787,False
sample_03302.jpg,0.4222084511948018,False
sample_03303.jpg,0.37692964290942993,False
sample_03304.jpg,0.41208860081317644,False
sample_03305.jpg,0.505112617630763,False
sample_03306.jpg,0.410260689427896,False
sample_03307.jpg,0.46211359995453577,False
sample_03308.jpg,0.3777381602801268,False
sample_03309.jpg,0.42253335772246453,False
sample_03310.jpg,0.3714150943758483,False
sample_03311.jpg,0.4021427491966642,False
sample_03312.jpg,0.3671789044519042,False
sample_03313.jpg,0.41328468270708063,False
sample_03314.jpg,0.4106035997166368,False
sample_03315.jpg,0.40391299495296473,False
sample_03316.jpg,0.3823937140632951,False
sample_03317.jpg,0.42724020043997246,False
sample_03318.jpg,0.39898096591918975,False
sample_03319.jpg,0.46314071724457584,False
sample_03320.jpg,0.4273771055519819,False
sample_03321.jpg,0.4238541951815348,False
sample_03322.jpg,0.4075966159990141,False
sample_03323.jpg,0.36095492277335994,False
sample_03324.jpg,0.43230692260286946,False
sample_03325.jpg,0.371620089923143,False
sample_03326.jpg,0.4484394405348597,False
sample_03327.jpg,0.4643402330908246,False
sample_03328.jpg,0.3834659737794735,False
sample_03329.jpg,0.4476124730664747,False
sample_03330.jpg,0.3791692866443874,False
sample_03331.jpg,0.46978557176278346,False
sample_03332.jpg,0.394372192203945,False
sample_03333.jpg,0.4633120780171257,False
sample_03334.jpg,0.39697282213793794,False
sample_03335.jpg,0.4126734702489355,False
sample_03336.jpg,0.42119036304439134,False
sample_03337.jpg,0.39893877325700233,False
sample_03338.jpg,0.39834064218728565,False
sample_03339.jpg,0.3856615249748948,False
sample_03340.jpg,0.422871151386209,False
sample_03341.jpg,0.3998568416270281,False
sample_03342.jpg,0.41959193960325675,False
sample_03343.jpg,0.41112828067883717,False
sample_03344.jpg,0.42127172466972784,False
sample_03345.jpg,0.471293670245879,False
sample_03346.jpg,0.4220567393093686,False
sample_03347.jpg,0.41354247127875754,False
sample_03348.jpg,0.3916337693557667,False
sample_03349.jpg,0.4402015350450944,False
sample_03350.jpg,0.4363770794462046,False
sample_03351.jpg,0.4493392553754084,False
sample_03352.jpg,0.4440138791418451,False
sample_03353.jpg,0.43436219969678125,False
sample_03354.jpg,0.372140083493443,False
sample_03355.jpg,0.3839684001564605,False
sample_03356.jpg,0.3666370818264233,False
sample_03357.jpg,0.45052871716524817,False
sample_03358.jpg,0.38277746836737025,False
sample_03359.jpg,0.3682142786563578,False
sample_03360.jpg,0.3772206809744184,False
sample_03361.jpg,0.4105749138855823,False
sample_03362.jpg,0.39784109043811733,False
sample_03363.jpg,0.4231769824688413,False
sample_03364.jpg,0.42226950138954433,False
sample_03365.jpg,0.44998582963637407,False
sample_03366.jpg,0.4049339991931507,False
sample_03367.jpg,0.480809515463988,False
sample_03368.jpg,0.4781556251184164,False
sample_03369.jpg,0.41516160678902814,False
sample_03370.jpg,0.3721169997796447,False
sample_03371.jpg,0.41015450351295446,False
sample_03372.jpg,0.44338945119289846,False
sample_03373.jpg,0.3734300990655261,False
sample_03374.jpg,0.37920741112327716,False
sample_03375.jpg,0.418031993006562,False
sample_03376.jpg,0.44751830426892036,False
sample_03377.jpg,0.43345713712893147,False
sample_03378.jpg,0.4324800080581962,False
sample_03379.jpg,0.38769114707580715,False
sample_03380.jpg,0.3766067300869653,False
sample_03381.jpg,0.3979374114347085,False
sample_03382.jpg,0.40727687595277706,False
sample_03383.jpg,0.4594326735849605,False
sample_03384.jpg,0.5082457783377519,False
sample_03385.jpg,0.45740677838542176,False
sample_03386.jpg,0.4122264492727528,False
sample_03387.jpg,0.4343528498173512,False
sample_03388.jpg,0.4243128073382445,False
sample_03389.jpg,0.4534359335765594,False
sample_03390.jpg,0.4313345292386488,False
sample_03391.jpg,0.4839873566126198,False
sample_03392.jpg,0.374580566742896,False
sample_03393.jpg,0.38785519835734633,False
sample_03394.jpg,0.42863275409180385,False
sample_03395.jpg,0.4353966991506295,False
sample_03396.jpg,0.39415658215924887,False
sample_03397.jpg,0.4329147187476702,False
sample_03398.jpg,0.46446083723160186,False
sample_03399.jpg,0.46520274895611563,False
sample_03400.jpg,0.39671671665413755,False
sample_03401.jpg,0.41798255070849943,False
sample_03402.jpg,0.461498778337137,False
sample_03403.jpg,0.3837139853692288,False
sample_03404.jpg,0.3547789274777571,False
sample_03405.jpg,0.40873091931808203,False
sample_03406.jpg,0.36843575106605003,False
sample_03407.jpg,0.40875569072080414,False
sample_03408.jpg,0.4114241952156389,False
sample_03409.jpg,0.41354468901107505,False
sample_03410.jpg,0.37105038795384365,False
sample_03411.jpg,0.4806127011672725,False
sample_03412.jpg,0.4851664438583761,False
sample_03413.jpg,0.3871632552571712,False
sample_03414.jpg,0.39164548756972034,False
sample_03415.jpg,0.3809088858850539,False
sample_03416.jpg,0.40147765834483695,False
sample_03417.jpg,0.48272707457904473,False
sample_03418.jpg,0.41130177216710495,False
sample_03419.jpg,0.4343915653223544,False
sample_03420.jpg,0.4538186864738989,False
sample_03421.jpg,0.3759419849264156,False
sample_03422.jpg,0.3782031994499851,False
sample_03423.jpg,0.537957785191097,True
sample_03424.jpg,0.43826684159150264,False
sample_03425.jpg,0.5344182032029597,True
sample_03426.jpg,0.42134589448933896,False
sample_03427.jpg,0.40797861967416077,False
sample_03428.jpg,0.3884487057648348,False
sample_03429.jpg,0.44800019706115696,False
sample_03430.jpg,0.41479115801996896,False
sample_03431.jpg,0.3710290048619959,False
sample_03432.jpg,0.3907329677364592,False
sample_03433.jpg,0.3934202114601543,False
sample_03434.jpg,0.4563806532350951,False
sample_03435.jpg,0.3940690446188643,False
sample_03436.jpg,0.42546278139282595,False
sample_03437.jpg,0.38602074881066134,False
sample_03438.jpg,0.4690419640586724,False
sample_03439.jpg,0.4210848876069876,False
sample_03440.jpg,0.3738537906742549,False
sample_03441.jpg,0.4278122595610038,False
sample_03442.jpg,0.5236233794237807,False
sample_03443.jpg,0.47300214823785786,False
sample_03444.jpg,0.3927990000721441,False
sample_03445.jpg,0.38480671663324384,False
sample_03446.jpg,0.42554656194400986,False
sample_03447.jpg,0.42417719241184665,False
sample_03448.jpg,0.40753210877002893,False
sample_03449.jpg,0.39917027084866874,False
sample_03450.jpg,0.5145715586808325,False
sample_03451.jpg,0.4676005507540577,False
sample_03452.jpg,0.3606366473607126,False
sample_03453.jpg,0.46069586104766275,False
sample_03454.jpg,0.44319431353703537,False
sample_03455.jpg,0.41605976080075624,False
sample_03456.jpg,0.4036042776061974,False
sample_03457.jpg,0.44086389762193356,False
sample_03458.jpg,0.3989920205886875,False
sample_03459.jpg,0.41258049460979096,False
sample_03460.jpg,0.37266652837783015,False
sample_03461.jpg,0.42929374978092644,False
sample_03462.jpg,0.395869056998643,False
sample_03463.jpg,0.4656801481703465,False
sample_03464.jpg,0.42296292393114865,False
sample_03465.jpg,0.41177087029863013,False
sample_03466.jpg,0.3921190650331277,False
sample_03467.jpg,0.41858075061421934,False
sample_03468.jpg,0.39341375366966647,False
sample_03469.jpg,0.40266771905771537,False
sample_03470.jpg,0.4432065574792416,False
sample_03471.jpg,0.4918769030081295,False
sample_03472.jpg,0.4061797385623145,False
sample_03473.jpg,0.41389898362683697,False
sample_03474.jpg,0.4346294981161437,False
sample_03475.jpg,0.49222207174975025,False
sample_03476.jpg,0.42946971836412023,False
sample_03477.jpg,0.3801084777052843,False
sample_03478.jpg,0.45817263480379994,False
sample_03479.jpg,0.38533218919381135,False
sample_03480.jpg,0.4584258329288618,False
sample_03481.jpg,0.45614519269350057,False
sample_03482.jpg,0.3678508030299715,False
sample_03483.jpg,0.486428955535409,False
sample_03484.jpg,0.38268692212557354,False
sample_03485.jpg,0.4028970676951525,False
sample_03486.jpg,0.40515415078614936,False
sample_03487.jpg,0.5202004603358378,False
sample_03488.jpg,0.5014165574083657,False
sample_03489.jpg,0.44402343142283973,False
sample_03490.jpg,0.4249824316409143,False
sample_03491.jpg,0.5051611457270851,False
sample_03492.jpg,0.45333673922038065,False
sample_03493.jpg,0.4787032781488956,False
sample_03494.jpg,0.39901031614467897,False
sample_03495.jpg,0.4955723377612956,False
sample_03496.jpg,0.3811633346626544,False
sample_03497.jpg,0.42423261527634454,False
sample_03498.jpg,0.4448054396279349,False
sample_03499.jpg,0.43580914824701983,False
sample_03500.jpg,0.4281747646390486,False
sample_03501.jpg,0.3716583625493085,False
sample_03502.jpg,0.3724219250596529,False
sample_03503.jpg,0.4297451007610369,False
sample_03504.jpg,0.4504555797716682,False
sample_03505.jpg,0.38332141795615654,False
sample_03506.jpg,0.4438082989138729,False
sample_03507.jpg,0.42460878007890845,False
sample_03508.jpg,0.49815924844545256,False
sample_03509.jpg,0.46939728771523204,False
sample_03510.jpg,0.3991152050428359,False
sample_03511.jpg,0.4888070051484421,False
sample_03512.jpg,0.39449373989417214,False
sample_03513.jpg,0.40562811977753044,False
sample_03514.jpg,0.4201313469555688,False
sample_03515.jpg,0.5026145722112597,False
sample_03516.jpg,0.3880745812518994,False
sample_03517.jpg,0.3992353986311317,False
sample_03518.jpg,0.3820494684735996,False
sample_03519.jpg,0.38703380108570695,False
sample_03520.jpg,0.3709266811162786,False
sample_03521.jpg,0.3841655156271939,False
sample_03522.jpg,0.5018251916161179,False
sample_03523.jpg,0.43226122466642414,False
sample_03524.jpg,0.44180427343923895,False
sample_03525.jpg,0.4713513234814875,False
sample_03526.jpg,0.41205324200566745,False
sample_03527.jpg,0.44506874300506233,False
sample_03528.jpg,0.404808962455253,False
sample_03529.jpg,0.4472419671326383,False
sample_03530.jpg,0.4150107401188007,False
sample_03531.jpg,0.3893226594106728,False
sample_03532.jpg,0.3855332582284179,False
sample_03533.jpg,0.3878625689365138,False
sample_03534.jpg,0.43033325072185563,False
sample_03535.jpg,0.3714256444183013,False
sample_03536.jpg,0.3769208160089254,False
sample_03537.jpg,0.4463353465008142,False
sample_03538.jpg,0.3853018495004948,False
sample_03539.jpg,0.4479427374004756,False
sample_03540.jpg,0.41785979670466833,False
sample_03541.jpg,0.4164785582705356,False
sample_03542.jpg,0.4219601916272624,False
sample_03543.jpg,0.39805803100071596,False
sample_03544.jpg,0.3928196691933139,False
sample_03545.jpg,0.43622526510660564,False
sample_03546.jpg,0.405212697284816,False
sample_03547.jpg,0.4498049619570609,False
sample_03548.jpg,0.4041339324468961,False
sample_03549.jpg,0.3978509796917207,False
sample_03550.jpg,0.4584143668729445,False
sample_03551.jpg,0.4243821998429364,False
sample_03552.jpg,0.36910176865952093,False
sample_03553.jpg,0.4248091745617513,False
sample_03554.jpg,0.39826741532924376,False
sample_03555.jpg,0.4670237995730086,False
sample_03556.jpg,0.4365797596724333,False
sample_03557.jpg,0.41276371965811953,False
sample_03558.jpg,0.47933513330664934,False
sample_03559.jpg,0.38458087120899825,False
sample_03560.jpg,0.3910633205158904,False
sample_03561.jpg,0.40528492145630285,False
sample_03562.jpg,0.397365495954777,False
sample_03563.jpg,0.42113578391761486,False
sample_03564.jpg,0.410393771471323,False
sample_03565.jpg,0.37780591480474135,False
sample_03566.jpg,0.41643085351330145,False
sample_03567.jpg,0.40388329795237216,False
sample_03568.jpg,0.45425473328823734,False
sample_03569.jpg,0.3769663628685446,False
sample_03570.jpg,0.36633797272723034,False
sample_03571.jpg,0.4050005418896593,False
sample_03572.jpg,0.4455249589850846,False
sample_03573.jpg,0.4178024419075998,False
sample_03574.jpg,0.3826713667447249,False
sample_03575.jpg,0.4252856928620242,False
sample_03576.jpg,0.40535426291105825,False
sample_03577.jpg,0.39817578522943015,False
sample_03578.jpg,0.3697894805675608,False
sample_03579.jpg,0.3753530254080977,False
sample_03580.jpg,0.4561483468660558,False
sample_03581.jpg,0.3717595248785284,False
sample_03582.jpg,0.48338819457252363,False
sample_03583.jpg,0.3854403264302682,False
sample_03584.jpg,0.37048655340127173,False
sample_03585.jpg,0.41711337043804886,False
sample_03586.jpg,0.4006819918063814,False
sample_03587.jpg,0.43940512367826073,False
sample_03588.jpg,0.39528857066718975,False
sample_03589.jpg,0.4631452389670209,False
sample_03590.jpg,0.46235122477664864,False
sample_03591.jpg,0.44652569892546473,False
sample_03592.jpg,0.4125269423371292,False
sample_03593.jpg,0.3802879092066487,False
sample_03594.jpg,0.457297854286145,False
sample_03595.jpg,0.4043622268346519,False
sample_03596.jpg,0.4455784635894146,False
sample_03597.jpg,0.4009095658533145,False
sample_03598.jpg,0.4419470003938795,False
sample_03599.jpg,0.4679252589452292,False
sample_03600.jpg,0.4353176172197557,False
sample_03601.jpg,0.40137269087189137,False
sample_03602.jpg,0.4055895004747527,False
sample_03603.jpg,0.36914093982221025,False
sample_03604.jpg,0.3832261128028062,False
sample_03605.jpg,0.4688036394567323,False
sample_03606.jpg,0.4264580100136078,False
sample_03607.jpg,0.38681303596635697,False
sample_03608.jpg,0.4537541488843691,False
sample_03609.jpg,0.42152040493695764,False
sample_03610.jpg,0.42122231336447113,False
sample_03611.jpg,0.3739597323935424,False
sample_03612.jpg,0.5020442674330193,False
sample_03613.jpg,0.4198453819376815,False
sample_03614.jpg,0.4966195284450351,False
sample_03615.jpg,0.4598486731279833,False
sample_03616.jpg,0.40385806311910155,False
sample_03617.jpg,0.45098553945051073,False
sample_03618.jpg,0.452527899420857,False
sample_03619.jpg,0.4535611970184602,False
sample_03620.jpg,0.38659712242742295,False
sample_03621.jpg,0.3736662424520401,False
sample_03622.jpg,0.42209714759413863,False
sample_03623.jpg,0.450475876090456,False
sample_03624.jpg,0.4158971401646403,False
sample_03625.jpg,0.4991381638043757,False
sample_03626.jpg,0.39302996059285095,False
sample_03627.jpg,0.4671518804936003,False
sample_03628.jpg,0.4548237003651814,False
sample_03629.jpg,0.3913831381952835,False
sample_03630.jpg,0.4678574409899494,False
sample_03631.jpg,0.4304129680998754,False
sample_03632.jpg,0.3820900181134919,False
sample_03633.jpg,0.4289794055983101,False
sample_03634.jpg,0.40423619268556404,False
sample_03635.jpg,0.42004538325419977,False
sample_03636.jpg,0.35987958137574827,False
sample_03637.jpg,0.4471323961166191,False
sample_03638.jpg,0.44907065944525887,False
sample_03639.jpg,0.41332940683298824,False
sample_03640.jpg,0.3707763267803292,False
sample_03641.jpg,0.3888224170921031,False
sample_03642.jpg,0.49375192402666973,False
sample_03643.jpg,0.4235343777768205,False
sample_03644.jpg,0.39000663580754286,False
sample_03645.jpg,0.38072301440088463,False
sample_03646.jpg,0.4593011797472543,False
sample_03647.jpg,0.4123494581503274,False
sample_03648.jpg,0.4046188201907453,False
sample_03649.jpg,0.4498794138329286,False
sample_03650.jpg,0.4056063043745206,False
sample_03651.jpg,0.4257433949501697,False
sample_03652.jpg,0.4154331826150845,False
sample_03653.jpg,0.4555084450265061,False
sample_03654.jpg,0.4002756019152814,False
sample_03655.jpg,0.41045911559098414,False
sample_03656.jpg,0.44807009523436536,False
sample_03657.jpg,0.42970047329238303,False
sample_03658.jpg,0.4542469729773714,False
sample_03659.jpg,0.4287576650213052,False
sample_03660.jpg,0.4583486087587853,False
sample_03661.jpg,0.4343080548592908,False
sample_03662.jpg,0.4008308058416451,False
sample_03663.jpg,0.42648754006320283,False
sample_03664.jpg,0.4163360318883835,False
sample_03665.jpg,0.42635389012947367,False
sample_03666.jpg,0.3755767303183181,False
sample_03667.jpg,0.3885488169595661,False
sample_03668.jpg,0.4377663743555836,False
sample_03669.jpg,0.428488228272587,False
sample_03670.jpg,0.44830329135075614,False
sample_03671.jpg,0.4199591440929752,False
sample_03672.jpg,0.4342103778783004,False
sample_03673.jpg,0.4092914754647666,False
sample_03674.jpg,0.39199403652786885,False
sample_03675.jpg,0.37431492046754045,False
sample_03676.jpg,0.3584446390801032,False
sample_03677.jpg,0.37567775108709045,False
sample_03678.jpg,0.4469186795631464,False
sample_03679.jpg,0.3572132061070043,False
sample_03680.jpg,0.38323419017365823,False
sample_03681.jpg,0.39874047844762345,False
sample_03682.jpg,0.4939607556585467,False
sample_03683.jpg,0.4367323676378783,False
sample_03684.jpg,0.3799627851455136,False
sample_03685.jpg,0.4351074782424016,False
sample_03686.jpg,0.4056960599059788,False
sample_03687.jpg,0.3841037268857638,False
sample_03688.jpg,0.4612669099467501,False
sample_03689.jpg,0.4213602315727398,False
sample_03690.jpg,0.4226761750914116,False
sample_03691.jpg,0.4481034749927637,False
sample_03692.jpg,0.4439568647005943,False
sample_03693.jpg,0.4086819696015611,False
sample_03694.jpg,0.4059481190557869,False
sample_03695.jpg,0.47440273148136564,False
sample_03696.jpg,0.37518308811658724,False
sample_03697.jpg,0.41639096742198467,False
sample_03698.jpg,0.40974478994463526,False
sample_03699.jpg,0.4604784704870213,False
sample_03700.jpg,0.40031291851671613,False
sample_03701.jpg,0.4177425247937559,False
sample_03702.jpg,0.4249139274650533,False
sample_03703.jpg,0.41446430799910444,False
sample_03704.jpg,0.43980669686087226,False
sample_03705.jpg,0.4095945204770139,False
sample_03706.jpg,0.45771004775944757,False
sample_03707.jpg,0.4357758857673186,False
sample_03708.jpg,0.5359852995633203,True
sample_03709.jpg,0.40064828677214137,False
sample_03710.jpg,0.44128491804815534,False
sample_03711.jpg,0.41266657935645656,False
sample_03712.jpg,0.41586176609619974,False
sample_03713.jpg,0.4496692383244056,False
sample_03714.jpg,0.4534465266347092,False
sample_03715.jpg,0.38620795134171787,False
sample_03716.jpg,0.37038988633218545,False
sample_03717.jpg,0.41333178602168824,False
sample_03718.jpg,0.5134294447656476,False
sample_03719.jpg,0.3906147102447629,False
sample_03720.jpg,0.4284447320214756,False
sample_03721.jpg,0.3819848433730152,False
sample_03722.jpg,0.4380760421241158,False
sample_03723.jpg,0.429573665949613,False
sample_03724.jpg,0.43371465750641386,False
sample_03725.jpg,0.38305823838267655,False
sample_03726.jpg,0.3873914227035958,False
sample_03727.jpg,0.383211872953689,False
sample_03728.jpg,0.4033126033245431,False
sample_03729.jpg,0.3957105685784269,False
sample_03730.jpg,0.3691505941930096,False
sample_03731.jpg,0.4075875243750868,False
sample_03732.jpg,0.3767749683405403,False
sample_03733.jpg,0.4172916276942151,False
sample_03734.jpg,0.4749524381391849,False
sample_03735.jpg,0.4517233738581272,False
sample_03736.jpg,0.40356299663836886,False
sample_03737.jpg,0.39721369473771717,False
sample_03738.jpg,0.44366742584526553,False
sample_03739.jpg,0.38558790717913444,False
sample_03740.jpg,0.381931299187448,False
sample_03741.jpg,0.3878932139121793,False
sample_03742.jpg,0.40052626235617433,False
sample_03743.jpg,0.49920230724184506,False
sample_03744.jpg,0.473379275368574,False
sample_03745.jpg,0.436457038592803,False
sample_03746.jpg,0.40850799143853606,False
sample_03747.jpg,0.4567491229819026,False
sample_03748.jpg,0.4034613055914686,False
sample_03749.jpg,0.39051528817490855,False
sample_03750.jpg,0.43079887080303997,False
sample_03751.jpg,0.4362184472535862,False
sample_03752.jpg,0.4171249254560404,False
sample_03753.jpg,0.40127736892305504,False
sample_03754.jpg,0.396556025147269,False
sample_03755.jpg,0.375513023043503,False
sample_03756.jpg,0.40698790228753423,False
sample_03757.jpg,0.42386997318960246,False
sample_03758.jpg,0.3614258231073825,False
sample_03759.jpg,0.3854625575424436,False
sample_03760.jpg,0.3954183781702079,False
sample_03761.jpg,0.4396493610265266,False
sample_03762.jpg,0.4613879186919877,False
sample_03763.jpg,0.43437834938852293,False
sample_03764.jpg,0.4483086972675957,False
sample_03765.jpg,0.4517721206468465,False
sample_03766.jpg,0.4203379744473281,False
sample_03767.jpg,0.4558526312138242,False
sample_03768.jpg,0.40396497387064284,False
sample_03769.jpg,0.42500691563900295,False
sample_03770.jpg,0.441495742963492,False
sample_03771.jpg,0.38420142629744153,False
sample_03772.jpg,0.39556379582730294,False
sample_03773.jpg,0.39717075295250037,False
sample_03774.jpg,0.3773457507719515,False
sample_03775.jpg,0.4283492018835988,False
sample_03776.jpg,0.4211849712054214,False
sample_03777.jpg,0.3791335018619833,False
sample_03778.jpg,0.43151665536906025,False
sample_03779.jpg,0.4508597716608061,False
sample_03780.jpg,0.38396666428991366,False
sample_03781.jpg,0.41815755698040336,False
sample_03782.jpg,0.4698752848888846,False
sample_03783.jpg,0.41287351291245433,False
sample_03784.jpg,0.3907468788040093,False
sample_03785.jpg,0.45593738453480037,False
sample_03786.jpg,0.48033180529652253,False
sample_03787.jpg,0.45238523624825905,False
sample_03788.jpg,0.3827021353525015,False
sample_03789.jpg,0.3998087698491017,False
sample_03790.jpg,0.42799697956958904,False
sample_03791.jpg,0.43023408854832235,False
sample_03792.jpg,0.41516276856721573,False
sample_03793.jpg,0.4399709771897348,False
sample_03794.jpg,0.4345211840944394,False
sample_03795.jpg,0.44010100964573673,False
sample_03796.jpg,0.3901167474633816,False
sample_03797.jpg,0.36976412603588843,False
sample_03798.jpg,0.3623176216344062,False
sample_03799.jpg,0.46328142904830977,False
sample_03800.jpg,0.4389080954741071,False
sample_03801.jpg,0.4340551517808316,False
sample_03802.jpg,0.4579460693935007,False
sample_03803.jpg,0.4561198759044901,False
sample_03804.jpg,0.47795374947209696,False
sample_03805.jpg,0.4403674016603978,False
sample_03806.jpg,0.41394814243374295,False
sample_03807.jpg,0.37023599599009754,False
sample_03808.jpg,0.39387693136060364,False
sample_03809.jpg,0.37710561369787216,False
sample_03810.jpg,0.4200954165557303,False
sample_03811.jpg,0.476292570797805,False
sample_03812.jpg,0.409881428906544,False
sample_03813.jpg,0.37559671035615877,False
sample_03814.jpg,0.39882877912658127,False
sample_03815.jpg,0.39980164203931656,False
sample_03816.jpg,0.43555805753556076,False
sample_03817.jpg,0.426943524151207,False
sample_03818.jpg,0.404607276416326,False
sample_03819.jpg,0.37044189872421496,False
sample_03820.jpg,0.4529842782739241,False
sample_03821.jpg,0.3524375533757166,False
sample_03822.jpg,0.4363953836108473,False
sample_03823.jpg,0.4850152589079999,False
sample_03824.jpg,0.4122051726363352,False
sample_03825.jpg,0.3859230825957397,False
sample_03826.jpg,0.4374039701608196,False
sample_03827.jpg,0.39157640601767946,False
sample_03828.jpg,0.40011577542052773,False
sample_03829.jpg,0.44715201936510157,False
sample_03830.jpg,0.4628555604198888,False
sample_03831.jpg,0.3729645253488294,False
sample_03832.jpg,0.45746396409689705,False
sample_03833.jpg,0.377849328404182,False
sample_03834.jpg,0.39785366090059315,False
sample_03835.jpg,0.4793611110248155,False
sample_03836.jpg,0.38292958681141764,False
sample_03837.jpg,0.4195283136803036,False
sample_03838.jpg,0.4116718784862851,False
sample_03839.jpg,0.3717073785973028,False
sample_03840.jpg,0.46693093681456466,False
sample_03841.jpg,0.4419859280790608,False
sample_03842.jpg,0.41519634843896597,False
sample_03843.jpg,0.41904532440086145,False
sample_03844.jpg,0.4087463003135591,False
sample_03845.jpg,0.3960889547776164,False
sample_03846.jpg,0.4492826650965284,False
sample_03847.jpg,0.3732686040128521,False
sample_03848.jpg,0.45237782105426266,False
sample_03849.jpg,0.4652428572934487,False
sample_03850.jpg,0.42729652566804005,False
sample_03851.jpg,0.44346715862254965,False
sample_03852.jpg,0.3855116038641704,False
sample_03853.jpg,0.4592859045971184,False
sample_03854.jpg,0.39441675299113677,False
sample_03855.jpg,0.3855282211432592,False
sample_03856.jpg,0.4300083610929698,False
sample_03857.jpg,0.427513756145176,False
sample_03858.jpg,0.4788207437363087,False
sample_03859.jpg,0.47137011968400494,False
sample_03860.jpg,0.4148037746057373,False
sample_03861.jpg,0.5164292012178566,False
sample_03862.jpg,0.3866008923047018,False
sample_03863.jpg,0.4103602308863914,False
sample_03864.jpg,0.44689847428355894,False
sample_03865.jpg,0.4487743667709489,False
sample_03866.jpg,0.4401155778587116,False
sample_03867.jpg,0.4517889197783879,False
sample_03868.jpg,0.4171975865031116,False
sample_03869.jpg,0.3949954628567955,False
sample_03870.jpg,0.45365374065910663,False
sample_03871.jpg,0.3883886757570173,False
sample_03872.jpg,0.4072655518844956,False
sample_03873.jpg,0.4539084922944853,False
sample_03874.jpg,0.42693250243664527,False
sample_03875.jpg,0.44302698438776655,False
sample_03876.jpg,0.5165249109147289,False
sample_03877.jpg,0.38611548007877317,False
sample_03878.jpg,0.4444244868432372,False
sample_03879.jpg,0.4453946757896661,False
sample_03880.jpg,0.45957681914278037,False
sample_03881.jpg,0.39120394030789135,False
sample_03882.jpg,0.4232614811795593,False
sample_03883.jpg,0.4543862769186713,False
sample_03884.jpg,0.435056728955731,False
sample_03885.jpg,0.4807356267087344,False
sample_03886.jpg,0.4477370937379862,False
sample_03887.jpg,0.43577279332259866,False
sample_03888.jpg,0.4134124735152324,False
sample_03889.jpg,0.4573904099760433,False
sample_03890.jpg,0.3962218542683442,False
sample_03891.jpg,0.4054156142311941,False
sample_03892.jpg,0.43656073416764785,False
sample_03893.jpg,0.4245973573717473,False
sample_03894.jpg,0.4341615798711882,False
sample_03895.jpg,0.40033617708114927,False
sample_03896.jpg,0.3659043886607846,False
sample_03897.jpg,0.394622528405969,False
sample_03898.jpg,0.40637898650138793,False
sample_03899.jpg,0.45820925689861075,False
sample_03900.jpg,0.38388404374639196,False
sample_03901.jpg,0.46171747567475907,False
sample_03902.jpg,0.4239147401473361,False
sample_03903.jpg,0.3686824691069362,False
sample_03904.jpg,0.4191844108477184,False
sample_03905.jpg,0.406007369818027,False
sample_03906.jpg,0.4497900276532045,False
sample_03907.jpg,0.38563203275947194,False
sample_03908.jpg,0.4202925656548427,False
sample_03909.jpg,0.358441417130573,False
sample_03910.jpg,0.3945133721771601,False
sample_03911.jpg,0.46841129433118395,False
sample_03912.jpg,0.4083966221022553,False
sample_03913.jpg,0.4539336738207967,False
sample_03914.jpg,0.4169320942943593,False
sample_03915.jpg,0.4297854823959286,False
sample_03916.jpg,0.4170526700316779,False
sample_03917.jpg,0.4374468252344668,False
sample_03918.jpg,0.518273635485489,False
sample_03919.jpg,0.3907529657727032,False
sample_03920.jpg,0.3629824655158633,False
sample_03921.jpg,0.458419601620853,False
sample_03922.jpg,0.43498921282660935,False
sample_03923.jpg,0.3877284775688783,False
sample_03924.jpg,0.47024661886850655,False
sample_03925.jpg,0.44586034098935334,False
sample_03926.jpg,0.42206914021510394,False
sample_03927.jpg,0.440388134838862,False
sample_03928.jpg,0.49624636613861844,False
sample_03929.jpg,0.39975675798795807,False
sample_03930.jpg,0.45211565312956464,False
sample_03931.jpg,0.38008805428417897,False
sample_03932.jpg,0.4167656403197534,False
sample_03933.jpg,0.3717866028963141,False
sample_03934.jpg,0.37998897387770253,False
sample_03935.jpg,0.42316137391022723,False
sample_03936.jpg,0.41816387875969163,False
sample_03937.jpg,0.4000391383686178,False
sample_03938.jpg,0.44236329019183,False
sample_03939.jpg,0.3728993869597028,False
sample_03940.jpg,0.39399259953521876,False
sample_03941.jpg,0.46818553105175625,False
sample_03942.jpg,0.42184739122317805,False
sample_03943.jpg,0.4571586092866479,False
sample_03944.jpg,0.37441459978719777,False
sample_03945.jpg,0.39951161733306473,False
sample_03946.jpg,0.4399254344346545,False
sample_03947.jpg,0.41657272916592647,False
sample_03948.jpg,0.4613922324238452,False
sample_03949.jpg,0.38575554474587037,False
sample_03950.jpg,0.42695800663835093,False
sample_03951.jpg,0.40406096079898296,False
sample_03952.jpg,0.4011969541664386,False
sample_03953.jpg,0.4017473766898576,False
sample_03954.jpg,0.46096835678732945,False
sample_03955.jpg,0.40802031009983997,False
sample_03956.jpg,0.4265352207707366,False
sample_03957.jpg,0.42788272413674067,False
sample_03958.jpg,0.41151498820429566,False
sample_03959.jpg,0.41350612829972344,False
sample_03960.jpg,0.3588065740760238,False
sample_03961.jpg,0.39307573159686415,False
sample_03962.jpg,0.42913022541455514,False
sample_03963.jpg,0.40293488553142126,False
sample_03964.jpg,0.4464579355911492,False
sample_03965.jpg,0.438161900511074,False
sample_03966.jpg,0.4561887653518516,False
sample_03967.jpg,0.42437487508859395,False
sample_03968.jpg,0.40635431817633116,False
sample_03969.jpg,0.435234911095649,False
sample_03970.jpg,0.4537261466504399,False
sample_03971.jpg,0.36376365879625083,False
sample_03972.jpg,0.38056206847497076,False
sample_03973.jpg,0.3863363437123908,False
sample_03974.jpg,0.4473061296361642,False
sample_03975.jpg,0.39047942821849335,False
sample_03976.jpg,0.4327553324572392,False
sample_03977.jpg,0.43865588814068585,False
sample_03978.jpg,0.39569953494731225,False
sample_03979.jpg,0.39783534745439014,False
sample_03980.jpg,0.385956253969046,False
sample_03981.jpg,0.45896682106273895,False
sample_03982.jpg,0.48605226881603514,False
sample_03983.jpg,0.37263525744782705,False
sample_03984.jpg,0.44705888537048627,False
sample_03985.jpg,0.479121804459451,False
sample_03986.jpg,0.4182455279887545,False
sample_03987.jpg,0.4035747258737374,False
sample_03988.jpg,0.5397867402444854,True
sample_03989.jpg,0.43221555990655125,False
sample_03990.jpg,0.42329711092616246,False
sample_03991.jpg,0.4139569102671155,False
sample_03992.jpg,0.38423447189910076,False
sample_03993.jpg,0.45431820289293157,False
sample_03994.jpg,0.4616638321985154,False
sample_03995.jpg,0.4899715960413372,False
sample_03996.jpg,0.4545736877810362,False
sample_03997.jpg,0.41746517930112387,False
sample_03998.jpg,0.42583366235642406,False
sample_03999.jpg,0.40541560399859045,False
sample_04000.jpg,0.41030531796590974,False
sample_04001.jpg,0.37449175687257036,False
sample_04002.jpg,0.4246531151033239,False
sample_04003.jpg,0.39247990077602435,False
sample_04004.jpg,0.38058183207535584,False
sample_04005.jpg,0.40207258276808844,False
sample_04006.jpg,0.43472835501661505,False
sample_04007.jpg,0.4112475872136197,False
sample_04008.jpg,0.4806620340103416,False
sample_04009.jpg,0.4146136161388602,False
sample_04010.jpg,0.42546343622028565,False
sample_04011.jpg,0.42072463499186546,False
sample_04012.jpg,0.38916443796676864,False
sample_04013.jpg,0.48211297206990084,False
sample_04014.jpg,0.39980296515402447,False
sample_04015.jpg,0.4627620905510524,False
sample_04016.jpg,0.40041711120428786,False
sample_04017.jpg,0.507268880065332,False
sample_04018.jpg,0.4106777415358295,False
sample_04019.jpg,0.4448260167497688,False
sample_04020.jpg,0.3978117684111683,False
sample_04021.jpg,0.3958215436427837,False
sample_04022.jpg,0.38368030784170737,False
sample_04023.jpg,0.3883822276236364,False
sample_04024.jpg,0.4102513994068618,False
sample_04025.jpg,0.4096094798469133,False
sample_04026.jpg,0.3680219258669358,False
sample_04027.jpg,0.3594914043071929,False
sample_04028.jpg,0.3970175990420942,False
sample_04029.jpg,0.4405027080207067,False
sample_04030.jpg,0.37160051371227415,False
sample_04031.jpg,0.4262622711687323,False
sample_04032.jpg,0.38682353951294957,False
sample_04033.jpg,0.41194174697764807,False
sample_04034.jpg,0.433473082634054,False
sample_04035.jpg,0.40614608885794173,False
sample_04036.jpg,0.44542074639646784,False
sample_04037.jpg,0.4147829840103863,False
sample_04038.jpg,0.3911872471211917,False
sample_04039.jpg,0.3974623327189532,False
sample_04040.jpg,0.44799886038850245,False
sample_04041.jpg,0.40864176754249787,False
sample_04042.jpg,0.43945771554282237,False
sample_04043.jpg,0.40341567100159315,False
sample_04044.jpg,0.42325745828459593,False
sample_04045.jpg,0.39289708117641,False
sample_04046.jpg,0.4407057847007506,False
sample_04047.jpg,0.45182844413776696,False
sample_04048.jpg,0.47785667219598504,False
sample_04049.jpg,0.3813178460451481,False
sample_04050.jpg,0.4439033688129262,False
sample_04051.jpg,0.3856075088052459,False
sample_04052.jpg,0.40675412164775865,False
sample_04053.jpg,0.433173707532647,False
sample_04054.jpg,0.4740264733482788,False
sample_04055.jpg,0.38001458130903687,False
sample_04056.jpg,0.42746584586771863,False
sample_04057.jpg,0.5207617762863885,False
sample_04058.jpg,0.413294940455242,False
sample_04059.jpg,0.42590083718593863,False
sample_04060.jpg,0.4250134504844983,False
sample_04061.jpg,0.4111742807283531,False
sample_04062.jpg,0.4125806440002867,False
sample_04063.jpg,0.4047551224806296,False
sample_04064.jpg,0.39091489503614507,False
sample_04065.jpg,0.4254593185076068,False
sample_04066.jpg,0.40424145074427587,False
sample_04067.jpg,0.3879926779037401,False
sample_04068.jpg,0.4420281905049205,False
sample_04069.jpg,0.4619748736085784,False
sample_04070.jpg,0.45198725777997883,False
sample_04071.jpg,0.38051175393924147,False
sample_04072.jpg,0.46427090098916524,False
sample_04073.jpg,0.40161131940726547,False
sample_04074.jpg,0.405037250727401,False
sample_04075.jpg,0.4132461752041954,False
sample_04076.jpg,0.38966484012721725,False
sample_04077.jpg,0.40822583065413315,False
sample_04078.jpg,0.39771215047871,False
sample_04079.jpg,0.41084769907229957,False
sample_04080.jpg,0.41044284070772047,False
sample_04081.jpg,0.4623299179008906,False
sample_04082.jpg,0.414583745672141,False
sample_04083.jpg,0.377882426194884,False
sample_04084.jpg,0.44393064131660426,False
sample_04085.jpg,0.3745303958957647,False
sample_04086.jpg,0.4650063134618217,False
sample_04087.jpg,0.38607352297337333,False
sample_04088.jpg,0.36999698572224027,False
sample_04089.jpg,0.4520412781342763,False
sample_04090.jpg,0.38141416761912217,False
sample_04091.jpg,0.39825827016350784,False
sample_04092.jpg,0.47182320747735257,False
sample_04093.jpg,0.45495282704179835,False
sample_04094.jpg,0.4017390002296136,False
sample_04095.jpg,0.38598986227344284,False
sample_04096.jpg,0.4203583224114624,False
sample_04097.jpg,0.44905866020895785,False
sample_04098.jpg,0.40185623936089565,False
sample_04099.jpg,0.36009172396621436,False
sample_04100.jpg,0.38253307462750213,False
sample_04101.jpg,0.38170461338306466,False
sample_04102.jpg,0.4225408569311675,False
sample_04103.jpg,0.43123029060678786,False
sample_04104.jpg,0.428438280263268,False
sample_04105.jpg,0.45007235220692926,False
sample_04106.jpg,0.4051948725243078,False
sample_04107.jpg,0.4519003832636327,False
sample_04108.jpg,0.38511289402309795,False
sample_04109.jpg,0.4302327791611953,False
sample_04110.jpg,0.4021870775618007,False
sample_04111.jpg,0.3869498732520191,False
sample_04112.jpg,0.4671536079103994,False
sample_04113.jpg,0.5108678301644687,False
sample_04114.jpg,0.43829025147716577,False
sample_04115.jpg,0.41155327561956206,False
sample_04116.jpg,0.39397172479409787,False
sample_04117.jpg,0.42404864434642864,False
sample_04118.jpg,0.41625208954481996,False
sample_04119.jpg,0.4006828551469441,False
sample_04120.jpg,0.39818052311773255,False
sample_04121.jpg,0.48135697725442345,False
sample_04122.jpg,0.3960305789919737,False
sample_04123.jpg,0.3609312643861743,False
sample_04124.jpg,0.38006707362288933,False
sample_04125.jpg,0.42324684514772437,False
sample_04126.jpg,0.4288675426836489,False
sample_04127.jpg,0.4703164765482452,False
sample_04128.jpg,0.39147356946463063,False
sample_04129.jpg,0.3666958524856435,False
sample_04130.jpg,0.45540961702546695,False
sample_04131.jpg,0.3960138274346319,False
sample_04132.jpg,0.38984165535133725,False
sample_04133.jpg,0.4610529130752531,False
sample_04134.jpg,0.36843440390235155,False
sample_04135.jpg,0.3800784886631959,False
sample_04136.jpg,0.4282073209488161,False
sample_04137.jpg,0.4071526963194052,False
sample_04138.jpg,0.43280213095716774,False
sample_04139.jpg,0.3791103355560494,False
sample_04140.jpg,0.43121123191256894,False
sample_04141.jpg,0.4496669363880016,False
sample_04142.jpg,0.4554128291283748,False
sample_04143.jpg,0.36669212869029794,False
sample_04144.jpg,0.4385950434941918,False
sample_04145.jpg,0.441809296077103,False
sample_04146.jpg,0.4743915227622272,False
sample_04147.jpg,0.40728509590552625,False
sample_04148.jpg,0.39521328446964155,False
sample_04149.jpg,0.44114327522722474,False
sample_04150.jpg,0.4507922235844716,False
sample_04151.jpg,0.4068051714546729,False
sample_04152.jpg,0.3965642845003909,False
sample_04153.jpg,0.3620385572195254,False
sample_04154.jpg,0.38206946714856643,False
sample_04155.jpg,0.4656417784635643,False
sample_04156.jpg,0.3617787520455162,False
sample_04157.jpg,0.3938946349122784,False
sample_04158.jpg,0.4075987171327103,False
sample_04159.jpg,0.49704166219955426,False
sample_04160.jpg,0.3648964285663864,False
sample_04161.jpg,0.37398749090042427,False
sample_04162.jpg,0.40271083496353016,False
sample_04163.jpg,0.39674502512281246,False
sample_04164.jpg,0.3727721999274303,False
sample_04165.jpg,0.3798042710885299,False
sample_04166.jpg,0.45532159698533514,False
sample_04167.jpg,0.44245952621679663,False
sample_04168.jpg,0.3839679636227491,False
sample_04169.jpg,0.43575656762422393,False
sample_04170.jpg,0.39851923212727375,False
sample_04171.jpg,0.3785793572529342,False
sample_04172.jpg,0.37929306057518536,False
sample_04173.jpg,0.38907101126710203,False
sample_04174.jpg,0.424697301209633,False
sample_04175.jpg,0.40717516367012807,False
sample_04176.jpg,0.42349671914098214,False
sample_04177.jpg,0.39209470115619854,False
sample_04178.jpg,0.3830240470736343,False
sample_04179.jpg,0.45502675224093714,False
sample_04180.jpg,0.40999588398853964,False
sample_04181.jpg,0.38928964458541787,False
sample_04182.jpg,0.379974231492325,False
sample_04183.jpg,0.44139239803955427,False
sample_04184.jpg,0.37030303663673775,False
sample_04185.jpg,0.36338032624251615,False
sample_04186.jpg,0.42250817529654533,False
sample_04187.jpg,0.4694775841358642,False
sample_04188.jpg,0.40152338468637155,False
sample_04189.jpg,0.4284308728795093,False
sample_04190.jpg,0.4009020125735516,False
sample_04191.jpg,0.5334619756240189,True
sample_04192.jpg,0.37321238982185423,False
sample_04193.jpg,0.4049010294280876,False
sample_04194.jpg,0.39898145134388385,False
sample_04195.jpg,0.3704182271968536,False
sample_04196.jpg,0.4016534487043322,False
sample_04197.jpg,0.38490696026526344,False
sample_04198.jpg,0.48421664391685143,False
sample_04199.jpg,0.4379001085889818,False
sample_04200.jpg,0.3952108536297284,False
sample_04201.jpg,0.5197472588617602,False
sample_04202.jpg,0.42971752394483786,False
sample_04203.jpg,0.3951221600775578,False
sample_04204.jpg,0.3933578151967823,False
sample_04205.jpg,0.3685297526947119,False
sample_04206.jpg,0.3992106581710395,False
sample_04207.jpg,0.4326473030794833,False
sample_04208.jpg,0.46941448973556404,False
sample_04209.jpg,0.4261429984517119,False
sample_04210.jpg,0.37636268408036927,False
sample_04211.jpg,0.41851798866618006,False
sample_04212.jpg,0.46047571862561565,False
sample_04213.jpg,0.43141590215213466,False
sample_04214.jpg,0.3712587178955024,False
sample_04215.jpg,0.4451052314952067,False
sample_04216.jpg,0.44074839438775276,False
sample_04217.jpg,0.44062301052878666,False
sample_04218.jpg,0.43931975123829503,False
sample_04219.jpg,0.4534485643662347,False
sample_04220.jpg,0.39937941533866045,False
sample_04221.jpg,0.3734193678435434,False
sample_04222.jpg,0.4957035622147011,False
sample_04223.jpg,0.4771639183254095,False
sample_04224.jpg,0.4063150005694449,False
sample_04225.jpg,0.4621344056355855,False
sample_04226.jpg,0.4430066474457257,False
sample_04227.jpg,0.39012811097440403,False
sample_04228.jpg,0.45748871245278555,False
sample_04229.jpg,0.39335643606885035,False
sample_04230.jpg,0.41589409664046856,False
sample_04231.jpg,0.43765284654204656,False
sample_04232.jpg,0.40373031294866857,False
sample_04233.jpg,0.4616766237839785,False
sample_04234.jpg,0.43666019153722,False
sample_04235.jpg,0.40545559233277934,False
sample_04236.jpg,0.4342301628485435,False
sample_04237.jpg,0.4754056079893026,False
sample_04238.jpg,0.4128952110992009,False
sample_04239.jpg,0.46462867679223246,False
sample_04240.jpg,0.39098253989808407,False
sample_04241.jpg,0.39836077779762075,False
sample_04242.jpg,0.3923076739007253,False
sample_04243.jpg,0.372414095702331,False
sample_04244.jpg,0.3679015395194298,False
sample_04245.jpg,0.46084574849608184,False
sample_04246.jpg,0.4297121906246094,False
sample_04247.jpg,0.4158099527938502,False
sample_04248.jpg,0.4490850024929175,False
sample_04249.jpg,0.436080093292042,False
sample_04250.jpg,0.42543197680247047,False
sample_04251.jpg,0.41533089384017235,False
sample_04252.jpg,0.4238807248872349,False
sample_04253.jpg,0.4315905519799381,False
sample_04254.jpg,0.41598952009111495,False
sample_04255.jpg,0.41482033134214497,False
sample_04256.jpg,0.43766197805835416,False
sample_04257.jpg,0.40294700565526503,False
sample_04258.jpg,0.40227759107516703,False
sample_04259.jpg,0.4624151654700138,False
sample_04260.jpg,0.40853213426959484,False
sample_04261.jpg,0.37867096338225215,False
sample_04262.jpg,0.39584178008037235,False
sample_04263.jpg,0.4373321256275529,False
sample_04264.jpg,0.46874197992463074,False
sample_04265.jpg,0.37442212510782724,False
sample_04266.jpg,0.4099762309821986,False
sample_04267.jpg,0.41219076421569545,False
sample_04268.jpg,0.3979165327585121,False
sample_04269.jpg,0.3664202377187281,False
sample_04270.jpg,0.4149695751532584,False
sample_04271.jpg,0.4060455505527585,False
sample_04272.jpg,0.39195558205929887,False
sample_04273.jpg,0.3811907259009652,False
sample_04274.jpg,0.38972910160399893,False
sample_04275.jpg,0.382804942954784,False
sample_04276.jpg,0.4070508771527597,False
sample_04277.jpg,0.3917797768915775,False
sample_04278.jpg,0.46276008466845453,False
sample_04279.jpg,0.4037485617850369,False
sample_04280.jpg,0.4254806294362337,False
sample_04281.jpg,0.41532549297218424,False
sample_04282.jpg,0.4466560088503444,False
sample_04283.jpg,0.38228886101702125,False
sample_04284.jpg,0.41490811968373614,False
sample_04285.jpg,0.39328106574138616,False
sample_04286.jpg,0.3687056417949264,False
sample_04287.jpg,0.4085557367753442,False
sample_04288.jpg,0.3874575220419039,False
sample_04289.jpg,0.45474668909192517,False
sample_04290.jpg,0.45244341214257244,False
sample_04291.jpg,0.4309868114842304,False
sample_04292.jpg,0.38967704554429056,False
sample_04293.jpg,0.3658052821210554,False
sample_04294.jpg,0.4403541769777354,False
sample_04295.jpg,0.3952622512268605,False
sample_04296.jpg,0.3887860913958014,False
sample_04297.jpg,0.4398927401143676,False
sample_04298.jpg,0.43480854623551024,False
sample_04299.jpg,0.3718252400211652,False
sample_04300.jpg,0.4424793263441921,False
sample_04301.jpg,0.44175799093311824,False
sample_04302.jpg,0.379709094574471,False
sample_04303.jpg,0.3725502263115252,False
sample_04304.jpg,0.39404009981920246,False
sample_04305.jpg,0.4322203699734604,False
sample_04306.jpg,0.3707833207590163,False
sample_04307.jpg,0.39827104592540385,False
sample_04308.jpg,0.3893862930164516,False
sample_04309.jpg,0.4635475438054982,False
sample_04310.jpg,0.358773356493135,False
sample_04311.jpg,0.4786632768529851,False
sample_04312.jpg,0.4760442968126941,False
sample_04313.jpg,0.4596305552374194,False
sample_04314.jpg,0.4153738076101687,False
sample_04315.jpg,0.38079842830380206,False
sample_04316.jpg,0.4365521580485767,False
sample_04317.jpg,0.4464661786268264,False
sample_04318.jpg,0.4155094466613415,False
sample_04319.jpg,0.4530113200174946,False
sample_04320.jpg,0.3824544213210362,False
sample_04321.jpg,0.3802385459555263,False
sample_04322.jpg,0.4282965935105129,False
sample_04323.jpg,0.4413592889277966,False
sample_04324.jpg,0.4440808751599057,False
sample_04325.jpg,0.3959379462353036,False
sample_04326.jpg,0.44208180691437066,False
sample_04327.jpg,0.45585187301135405,False
sample_04328.jpg,0.4707197849459325,False
sample_04329.jpg,0.4277909256355286,False
sample_04330.jpg,0.374963807500765,False
sample_04331.jpg,0.44800917163186843,False
sample_04332.jpg,0.44182617926977186,False
sample_04333.jpg,0.4325893829224088,False
sample_04334.jpg,0.396964405615349,False
sample_04335.jpg,0.43524156172596534,False
sample_04336.jpg,0.4754449715781186,False
sample_04337.jpg,0.4429684491681101,False
sample_04338.jpg,0.4082725905221812,False
sample_04339.jpg,0.406596982483038,False
sample_04340.jpg,0.4123083941223621,False
sample_04341.jpg,0.4770709060123757,False
sample_04342.jpg,0.42116434182842566,False
sample_04343.jpg,0.4347978134397009,False
sample_04344.jpg,0.47353813387852967,False
sample_04345.jpg,0.4036432617027219,False
sample_04346.jpg,0.3932460494556892,False
sample_04347.jpg,0.45835270578437765,False
sample_04348.jpg,0.3865668439630254,False
sample_04349.jpg,0.44971844118739235,False
sample_04350.jpg,0.4506278262120932,False
sample_04351.jpg,0.4128107258004871,False
sample_04352.jpg,0.39175578168812886,False
sample_04353.jpg,0.45786295226116386,False
sample_04354.jpg,0.4185608662432536,False
sample_04355.jpg,0.4014161758051201,False
sample_04356.jpg,0.392376350881129,False
sample_04357.jpg,0.3833154472986379,False
sample_04358.jpg,0.4280373581431669,False
sample_04359.jpg,0.37155495856616394,False
sample_04360.jpg,0.37401740833240754,False
sample_04361.jpg,0.45834000285505133,False
sample_04362.jpg,0.40765406499922796,False
sample_04363.jpg,0.45415303116081923,False
sample_04364.jpg,0.3892401487806372,False
sample_04365.jpg,0.38500747696862764,False
sample_04366.jpg,0.46364462888065,False
sample_04367.jpg,0.3961043906763018,False
sample_04368.jpg,0.37993345348285334,False
sample_04369.jpg,0.4377816896652939,False
sample_04370.jpg,0.4096366818532342,False
sample_04371.jpg,0.4504929207745266,False
sample_04372.jpg,0.4440248135000263,False
sample_04373.jpg,0.41811474867231585,False
sample_04374.jpg,0.35651585119120116,False
sample_04375.jpg,0.3927823028494866,False
sample_04376.jpg,0.4438113431854775,False
sample_04377.jpg,0.4249460448088411,False
sample_04378.jpg,0.4433412847641758,False
sample_04379.jpg,0.5459064590814543,True
sample_04380.jpg,0.4569388516299848,False
sample_04381.jpg,0.42322330933877833,False
sample_04382.jpg,0.4096980028334154,False
sample_04383.jpg,0.43108120235236363,False
sample_04384.jpg,0.4725785527483623,False
sample_04385.jpg,0.37893813927198206,False
sample_04386.jpg,0.39244856066774636,False
sample_04387.jpg,0.4297316075842061,False
sample_04388.jpg,0.36771563382540245,False
sample_04389.jpg,0.40409066776274866,False
sample_04390.jpg,0.4510569673336622,False
sample_04391.jpg,0.41952774331665954,False
sample_04392.jpg,0.41181803002768386,False
sample_04393.jpg,0.44780868341169244,False
sample_04394.jpg,0.37264529477195896,False
sample_04395.jpg,0.4504737226976175,False
sample_04396.jpg,0.37598584636688287,False
sample_04397.jpg,0.3802393442052309,False
sample_04398.jpg,0.5192074701732842,False
sample_04399.jpg,0.4420238245516728,False
sample_04400.jpg,0.48226864436130634,False
sample_04401.jpg,0.3998577914936377,False
sample_04402.jpg,0.4060690279815583,False
sample_04403.jpg,0.41566420765080453,False
sample_04404.jpg,0.3905727097965214,False
sample_04405.jpg,0.37071629372678006,False
sample_04406.jpg,0.42792622292196775,False
sample_04407.jpg,0.4267747398321545,False
sample_04408.jpg,0.3883421032274403,False
sample_04409.jpg,0.47504099297547164,False
sample_04410.jpg,0.4045688713702693,False
sample_04411.jpg,0.37305887890025397,False
sample_04412.jpg,0.39744955251171904,False
sample_04413.jpg,0.4178765740281682,False
sample_04414.jpg,0.3609009523636196,False
sample_04415.jpg,0.4122268093194877,False
sample_04416.jpg,0.42213955248961305,False
sample_04417.jpg,0.39143034611860456,False
sample_04418.jpg,0.3925633720092635,False
sample_04419.jpg,0.42302122966333716,False
sample_04420.jpg,0.4653335558311478,False
sample_04421.jpg,0.401723373923671,False
sample_04422.jpg,0.4088714295087745,False
sample_04423.jpg,0.43556244049115783,False
sample_04424.jpg,0.3723788707567468,False
sample_04425.jpg,0.3965283932802741,False
sample_04426.jpg,0.4173371176871068,False
sample_04427.jpg,0.41026902870338555,False
sample_04428.jpg,0.5017291381859595,False
sample_04429.jpg,0.44701250390046826,False
sample_04430.jpg,0.3989996832172486,False
sample_04431.jpg,0.4074972197599287,False
sample_04432.jpg,0.4005993079366018,False
sample_04433.jpg,0.38043231968269675,False
sample_04434.jpg,0.41205036255470373,False
sample_04435.jpg,0.46836676712103054,False
sample_04436.jpg,0.416432682997039,False
sample_04437.jpg,0.4219105440132803,False
sample_04438.jpg,0.40621977330832315,False
sample_04439.jpg,0.4124181983515781,False
sample_04440.jpg,0.3840449097863257,False
sample_04441.jpg,0.4075858674496909,False
sample_04442.jpg,0.42320652695284916,False
sample_04443.jpg,0.4732952878903501,False
sample_04444.jpg,0.5081002461472789,False
sample_04445.jpg,0.39559004521795205,False
sample_04446.jpg,0.4793375128216544,False
sample_04447.jpg,0.39165578364919534,False
sample_04448.jpg,0.39374061402343846,False
sample_04449.jpg,0.4185286275704429,False
sample_04450.jpg,0.42972931722404295,False
sample_04451.jpg,0.38105736841937526,False
sample_04452.jpg,0.406937388238003,False
sample_04453.jpg,0.36284932218918203,False
sample_04454.jpg,0.44900744226756006,False
sample_04455.jpg,0.4167431932223476,False
sample_04456.jpg,0.4125608826863438,False
sample_04457.jpg,0.444524042163761,False
sample_04458.jpg,0.40885709557124233,False
sample_04459.jpg,0.3863827543925061,False
sample_04460.jpg,0.3946973800856684,False
sample_04461.jpg,0.40860061661678904,False
sample_04462.jpg,0.44098325314390185,False
sample_04463.jpg,0.40315469757973005,False
sample_04464.jpg,0.4092362646868324,False
sample_04465.jpg,0.4300072833198039,False
sample_04466.jpg,0.38059961329363096,False
sample_04467.jpg,0.37536219440976965,False
sample_04468.jpg,0.40273583510989835,False
sample_04469.jpg,0.42008510964418677,False
sample_04470.jpg,0.37079502140709214,False
sample_04471.jpg,0.3813730289270139,False
sample_04472.jpg,0.40381087733399135,False
sample_04473.jpg,0.46009798388005846,False
sample_04474.jpg,0.37199201185671443,False
sample_04475.jpg,0.36374902120433933,False
sample_04476.jpg,0.3852587087543073,False
sample_04477.jpg,0.40727945392286735,False
sample_04478.jpg,0.381751360966577,False
sample_04479.jpg,0.40539042167260625,False
sample_04480.jpg,0.4119404477611427,False
sample_04481.jpg,0.35478945196277933,False
sample_04482.jpg,0.4171766459790655,False
sample_04483.jpg,0.3972188347537244,False
sample_04484.jpg,0.4131286192592566,False
sample_04485.jpg,0.42338420590062303,False
sample_04486.jpg,0.4676043438307065,False
sample_04487.jpg,0.4049385604110547,False
sample_04488.jpg,0.43911153069198194,False
sample_04489.jpg,0.41211191339297576,False
sample_04490.jpg,0.39364256046142326,False
sample_04491.jpg,0.4589589080599315,False
sample_04492.jpg,0.4296088121217364,False
sample_04493.jpg,0.3840537746598425,False
sample_04494.jpg,0.3932290754329228,False
sample_04495.jpg,0.41542736735172325,False
sample_04496.jpg,0.43744126985402076,False
sample_04497.jpg,0.4367695886394985,False
sample_04498.jpg,0.40695392483119314,False
sample_04499.jpg,0.36821768807560706,False
sample_04500.jpg,0.44496609794625086,False
sample_04501.jpg,0.4447216116629139,False
sample_04502.jpg,0.3670235867379637,False
sample_04503.jpg,0.37786385384554066,False
sample_04504.jpg,0.3858396079764943,False
sample_04505.jpg,0.5093922255540806,False
sample_04506.jpg,0.38730397794081095,False
sample_04507.jpg,0.38555625238416674,False
sample_04508.jpg,0.43926958347648554,False
sample_04509.jpg,0.43562731361235446,False
sample_04510.jpg,0.3747916100650042,False
sample_04511.jpg,0.4219254172016595,False
sample_04512.jpg,0.4221654547400503,False
sample_04513.jpg,0.4305704559298749,False
sample_04514.jpg,0.4182467672047366,False
sample_04515.jpg,0.4048394320797503,False
sample_04516.jpg,0.4198707874591087,False
sample_04517.jpg,0.4254605982004913,False
sample_04518.jpg,0.4412617657046666,False
sample_04519.jpg,0.3945042191348122,False
sample_04520.jpg,0.4086897172975817,False
sample_04521.jpg,0.41177261228268164,False
sample_04522.jpg,0.35726483193904607,False
sample_04523.jpg,0.4069002196482436,False
sample_04524.jpg,0.3882423808420812,False
sample_04525.jpg,0.40100591706721483,False
sample_04526.jpg,0.42449448128675116,False
sample_04527.jpg,0.3948420377898346,False
sample_04528.jpg,0.39704609419957493,False
sample_04529.jpg,0.4204249715407355,False
sample_04530.jpg,0.42930253575155203,False
sample_04531.jpg,0.3728482445443965,False
sample_04532.jpg,0.5001002022196794,False
sample_04533.jpg,0.4150325709966301,False
sample_04534.jpg,0.4773694069155765,False
sample_04535.jpg,0.39329776079229906,False
sample_04536.jpg,0.3816945413137741,False
sample_04537.jpg,0.3899261512671787,False
sample_04538.jpg,0.3945368818269501,False
sample_04539.jpg,0.4401165320435027,False
sample_04540.jpg,0.48771622095472467,False
sample_04541.jpg,0.43947189820357485,False
sample_04542.jpg,0.5019847272391273,False
sample_04543.jpg,0.3914729314145937,False
sample_04544.jpg,0.45115547449859156,False
sample_04545.jpg,0.4046899580200521,False
sample_04546.jpg,0.41647067152011275,False
sample_04547.jpg,0.37106870386579804,False
sample_04548.jpg,0.4105724634939531,False
sample_04549.jpg,0.4181757215692981,False
sample_04550.jpg,0.4163595281513002,False
sample_04551.jpg,0.4195210040911346,False
sample_04552.jpg,0.40713706409793654,False
sample_04553.jpg,0.3679911940273182,False
sample_04554.jpg,0.475687507299017,False
sample_04555.jpg,0.45483387346064885,False
sample_04556.jpg,0.4441050457899944,False
sample_04557.jpg,0.40664621718927535,False
sample_04558.jpg,0.4728870106738806,False
sample_04559.jpg,0.42943725996454796,False
sample_04560.jpg,0.42524761461226424,False
sample_04561.jpg,0.3980286734312478,False
sample_04562.jpg,0.4146747835182316,False
sample_04563.jpg,0.43092703476831906,False
sample_04564.jpg,0.5001424105802289,False
sample_04565.jpg,0.38076899512313683,False
sample_04566.jpg,0.4875556767169805,False
sample_04567.jpg,0.403486912504633,False
sample_04568.jpg,0.4608451566910938,False
sample_04569.jpg,0.46052824126101605,False
sample_04570.jpg,0.46063815428713334,False
sample_04571.jpg,0.41342704343345266,False
sample_04572.jpg,0.46454706696203724,False
sample_04573.jpg,0.42873892162873706,False
sample_04574.jpg,0.3804511449292862,False
sample_04575.jpg,0.46361293362086353,False
sample_04576.jpg,0.46434794823782727,False
sample_04577.jpg,0.3975438159571973,False
sample_04578.jpg,0.38705170602100514,False
sample_04579.jpg,0.47863957473672725,False
sample_04580.jpg,0.4681718089775175,False
sample_04581.jpg,0.37356407935694913,False
sample_04582.jpg,0.42373641771983495,False
sample_04583.jpg,0.4614272657929688,False
sample_04584.jpg,0.40673309323442197,False
sample_04585.jpg,0.4176934927156504,False
sample_04586.jpg,0.520597482753016,False
sample_04587.jpg,0.4423625583777818,False
sample_04588.jpg,0.41926500866244004,False
sample_04589.jpg,0.4609138666644074,False
sample_04590.jpg,0.3956688694885525,False
sample_04591.jpg,0.42420305941355735,False
sample_04592.jpg,0.45347998369982895,False
sample_04593.jpg,0.4123814866979266,False
sample_04594.jpg,0.391640156808317,False
sample_04595.jpg,0.48590230063453704,False
sample_04596.jpg,0.4643686849077459,False
sample_04597.jpg,0.42302962575453346,False
sample_04598.jpg,0.36617492415350184,False
sample_04599.jpg,0.4201404553347574,False
sample_04600.jpg,0.4055907701400297,False
sample_04601.jpg,0.40399578939919595,False
sample_04602.jpg,0.4067239276095079,False
sample_04603.jpg,0.3880193766400539,False
sample_04604.jpg,0.4234891954461205,False
sample_04605.jpg,0.3990901985713606,False
sample_04606.jpg,0.41034347563739815,False
sample_04607.jpg,0.414278338655151,False
sample_04608.jpg,0.41409567038709066,False
sample_04609.jpg,0.39558174144397457,False
sample_04610.jpg,0.4463604229525451,False
sample_04611.jpg,0.4431878717027641,False
sample_04612.jpg,0.4638329619975525,False
sample_04613.jpg,0.41517704569215014,False
sample_04614.jpg,0.4275191894164959,False
sample_04615.jpg,0.42341559996914047,False
sample_04616.jpg,0.46633485905469385,False
sample_04617.jpg,0.3703392151128627,False
sample_04618.jpg,0.4245347148696374,False
sample_04619.jpg,0.4179857694489268,False
sample_04620.jpg,0.4334957584323369,False
sample_04621.jpg,0.44281074902441164,False
sample_04622.jpg,0.4286809532744667,False
sample_04623.jpg,0.4308898464755833,False
sample_04624.jpg,0.43514467330602746,False
sample_04625.jpg,0.40185040705566877,False
sample_04626.jpg,0.40173808058258953,False
sample_04627.jpg,0.3816781582055545,False
sample_04628.jpg,0.37033912658073515,False
sample_04629.jpg,0.503336531377726,False
sample_04630.jpg,0.3570574641512579,False
sample_04631.jpg,0.371992911989902,False
sample_04632.jpg,0.4340362248931398,False
sample_04633.jpg,0.45474597694522073,False
sample_04634.jpg,0.4237267042100306,False
sample_04635.jpg,0.4770882813681971,False
sample_04636.jpg,0.38303697550743476,False
sample_04637.jpg,0.4101585485715939,False
sample_04638.jpg,0.3954805032241973,False
sample_04639.jpg,0.4532135305847049,False
sample_04640.jpg,0.4248141530308487,False
sample_04641.jpg,0.4092739076251489,False
sample_04642.jpg,0.44184820458241886,False
sample_04643.jpg,0.43307233052099736,False
sample_04644.jpg,0.4214053306702522,False
sample_04645.jpg,0.37293505379238023,False
sample_04646.jpg,0.488232171291708,False
sample_04647.jpg,0.42247369901099396,False
sample_04648.jpg,0.41575669832117446,False
sample_04649.jpg,0.4591173352660531,False
sample_04650.jpg,0.47186139568486735,False
sample_04651.jpg,0.40572908623471027,False
sample_04652.jpg,0.3780810827783353,False
sample_04653.jpg,0.4352466814430492,False
sample_04654.jpg,0.4048735585483804,False
sample_04655.jpg,0.44826569876895395,False
sample_04656.jpg,0.4652006853973821,False
sample_04657.jpg,0.4253613630995007,False
sample_04658.jpg,0.36383567969666164,False
sample_04659.jpg,0.37433876037554265,False
sample_04660.jpg,0.4597682695338725,False
sample_04661.jpg,0.4344869702301797,False
sample_04662.jpg,0.38936910773574623,False
sample_04663.jpg,0.3963747343660781,False
sample_04664.jpg,0.44222958637732546,False
sample_04665.jpg,0.4245554123404191,False
sample_04666.jpg,0.42711000766631724,False
sample_04667.jpg,0.4133801352681881,False
sample_04668.jpg,0.4260555672768525,False
sample_04669.jpg,0.4077530774785018,False
sample_04670.jpg,0.40840041644751374,False
sample_04671.jpg,0.41281555839480555,False
sample_04672.jpg,0.3997285711458031,False
sample_04673.jpg,0.405670746953166,False
sample_04674.jpg,0.42202991094444714,False
sample_04675.jpg,0.4001511494713673,False
sample_04676.jpg,0.42411437592879947,False
sample_04677.jpg,0.44666623985647735,False
sample_04678.jpg,0.5133940903269911,False
sample_04679.jpg,0.46537406816049387,False
sample_04680.jpg,0.36276914645733266,False
sample_04681.jpg,0.3898719558475458,False
sample_04682.jpg,0.3931605814663422,False
sample_04683.jpg,0.3658692701953316,False
sample_04684.jpg,0.46135013699078503,False
sample_04685.jpg,0.39971323518651064,False
sample_04686.jpg,0.4180884409518282,False
sample_04687.jpg,0.4147882505562879,False
sample_04688.jpg,0.4358195067972789,False
sample_04689.jpg,0.3793684167683113,False
sample_04690.jpg,0.42555319554952903,False
sample_04691.jpg,0.4561272695318601,False
sample_04692.jpg,0.4452889596093213,False
sample_04693.jpg,0.4475580416885803,False
sample_04694.jpg,0.4085395733113554,False
sample_04695.jpg,0.3867597078447962,False
sample_04696.jpg,0.4897527930235189,False
sample_04697.jpg,0.3716529626609521,False
sample_04698.jpg,0.3753474007420886,False
sample_04699.jpg,0.44861270139917503,False
sample_04700.jpg,0.4013836934703993,False
sample_04701.jpg,0.42500341757407534,False
sample_04702.jpg,0.3842299218929008,False
sample_04703.jpg,0.4080185086629297,False
sample_04704.jpg,0.40985806073741093,False
sample_04705.jpg,0.3861818710538167,False
sample_04706.jpg,0.43745061296297294,False
sample_04707.jpg,0.351719372185596,False
sample_04708.jpg,0.4569594590342916,False
sample_04709.jpg,0.4160698705036086,False
sample_04710.jpg,0.41400487450538875,False
sample_04711.jpg,0.46283946272829535,False
sample_04712.jpg,0.4477750837118295,False
sample_04713.jpg,0.44295310524667314,False
sample_04714.jpg,0.37686788051040426,False
sample_04715.jpg,0.4352337562098776,False
sample_04716.jpg,0.45443206057597385,False
sample_04717.jpg,0.3551669037938864,False
sample_04718.jpg,0.41454562312532317,False
sample_04719.jpg,0.40082385602011433,False
sample_04720.jpg,0.41428817111400873,False
sample_04721.jpg,0.4426643410660607,False
sample_04722.jpg,0.37845966326098274,False
sample_04723.jpg,0.39296645143697256,False
sample_04724.jpg,0.372891936595393,False
sample_04725.jpg,0.4374414745238407,False
sample_04726.jpg,0.40468102227626607,False
sample_04727.jpg,0.42083456166934696,False
sample_04728.jpg,0.3822796312909348,False
sample_04729.jpg,0.4090375712856849,False
sample_04730.jpg,0.41664373268800947,False
sample_04731.jpg,0.47500139044199474,False
sample_04732.jpg,0.39271493197224966,False
sample_04733.jpg,0.4126961512034651,False
sample_04734.jpg,0.38285526097753253,False
sample_04735.jpg,0.4759569291234877,False
sample_04736.jpg,0.4163492301456591,False
sample_04737.jpg,0.4484837433054066,False
sample_04738.jpg,0.45983875888604,False
sample_04739.jpg,0.39641067279991754,False
sample_04740.jpg,0.4510642296484954,False
sample_04741.jpg,0.46207415988806805,False
sample_04742.jpg,0.41140428898337333,False
sample_04743.jpg,0.3936442623268058,False
sample_04744.jpg,0.4225932210491992,False
sample_04745.jpg,0.39711562918556026,False
sample_04746.jpg,0.4935523441752152,False
sample_04747.jpg,0.4153643018581677,False
sample_04748.jpg,0.3649920354973446,False
sample_04749.jpg,0.4358012447072085,False
sample_04750.jpg,0.42428765969953836,False
sample_04751.jpg,0.4515030378546004,False
sample_04752.jpg,0.4694644053265765,False
sample_04753.jpg,0.40685442122385573,False
sample_04754.jpg,0.39584302501006896,False
sample_04755.jpg,0.4575490897282662,False
sample_04756.jpg,0.3873105413677794,False
sample_04757.jpg,0.4408467540779947,False
sample_04758.jpg,0.5018362550149897,False
sample_04759.jpg,0.4527715975202838,False
sample_04760.jpg,0.440390953235819,False
sample_04761.jpg,0.40484703319178983,False
sample_04762.jpg,0.4202819474218955,False
sample_04763.jpg,0.438562997037882,False
sample_04764.jpg,0.4216061636435537,False
sample_04765.jpg,0.4032152558468791,False
sample_04766.jpg,0.4764232380937524,False
sample_04767.jpg,0.3904885326736749,False
sample_04768.jpg,0.4075002158859958,False
sample_04769.jpg,0.3865721744050011,False
sample_04770.jpg,0.4727424997894182,False
sample_04771.jpg,0.4021512910450489,False
sample_04772.jpg,0.37305396271158503,False
sample_04773.jpg,0.45456328148401226,False
sample_04774.jpg,0.509379301885063,False
sample_04775.jpg,0.4317624801955725,False
sample_04776.jpg,0.3966194909926056,False
sample_04777.jpg,0.41017423997068225,False
sample_04778.jpg,0.4224078302439028,False
sample_04779.jpg,0.39108144197334777,False
sample_04780.jpg,0.40985622736715965,False
sample_04781.jpg,0.4466777095876305,False
sample_04782.jpg,0.4112907103656508,False
sample_04783.jpg,0.48215274457721874,False
sample_04784.jpg,0.38360616645068724,False
sample_04785.jpg,0.38758847078788156,False
sample_04786.jpg,0.38614784688498116,False
sample_04787.jpg,0.3934230238002219,False
sample_04788.jpg,0.4394269603759766,False
sample_04789.jpg,0.37220741411373093,False
sample_04790.jpg,0.4733037074012932,False
sample_04791.jpg,0.40659315261538637,False
sample_04792.jpg,0.4390659841736797,False
sample_04793.jpg,0.39168348881196846,False
sample_04794.jpg,0.42769856937842027,False
sample_04795.jpg,0.41359589782008355,False
sample_04796.jpg,0.4186577419838255,False
sample_04797.jpg,0.3971651314766421,False
sample_04798.jpg,0.4510559540491105,False
sample_04799.jpg,0.41784746237079695,False
sample_04800.jpg,0.3562413995664289,False
sample_04801.jpg,0.4732884844642485,False
sample_04802.jpg,0.4454266112147495,False
sample_04803.jpg,0.48920025662780786,False
sample_04804.jpg,0.44502809680690375,False
sample_04805.jpg,0.42495247840445005,False
sample_04806.jpg,0.36565621791845676,False
sample_04807.jpg,0.4465274846745458,False
sample_04808.jpg,0.38080277286918107,False
sample_04809.jpg,0.44071943429013904,False
sample_04810.jpg,0.36679882472165315,False
sample_04811.jpg,0.41151606430747395,False
sample_04812.jpg,0.39764073954209345,False
sample_04813.jpg,0.3879947983473704,False
sample_04814.jpg,0.40519779694708713,False
sample_04815.jpg,0.4825733610834356,False
sample_04816.jpg,0.4493456631258922,False
sample_04817.jpg,0.45470214528452096,False
sample_04818.jpg,0.4503244298301281,False
sample_04819.jpg,0.40097435468873127,False
sample_04820.jpg,0.4703946947117373,False
sample_04821.jpg,0.3945379056138993,False
sample_04822.jpg,0.3908982227387698,False
sample_04823.jpg,0.4300803977506276,False
sample_04824.jpg,0.4385086829058058,False
sample_04825.jpg,0.486971414689196,False
sample_04826.jpg,0.3673060379981574,False
sample_04827.jpg,0.40258882652602607,False
sample_04828.jpg,0.4119137996747513,False
sample_04829.jpg,0.47620207693159017,False
sample_04830.jpg,0.3930524652189378,False
sample_04831.jpg,0.44030211100647254,False
sample_04832.jpg,0.40579068848035704,False
sample_04833.jpg,0.4149277411532575,False
sample_04834.jpg,0.4789576976676041,False
sample_04835.jpg,0.41246763410844856,False
sample_04836.jpg,0.3898877851321187,False
sample_04837.jpg,0.410347581471883,False
sample_04838.jpg,0.42441030102079275,False
sample_04839.jpg,0.43049502537619017,False
sample_04840.jpg,0.40445526475457927,False
sample_04841.jpg,0.4389733317044511,False
sample_04842.jpg,0.41830873561289905,False
sample_04843.jpg,0.42857905097509397,False
sample_04844.jpg,0.4464635857733328,False
sample_04845.jpg,0.41504291955330086,False
sample_04846.jpg,0.3950857404126379,False
sample_04847.jpg,0.3900925181848521,False
sample_04848.jpg,0.4300610762470171,False
sample_04849.jpg,0.40980402775627256,False
sample_04850.jpg,0.41791027833148187,False
sample_04851.jpg,0.41630878182610587,False
sample_04852.jpg,0.41723741157970723,False
sample_04853.jpg,0.41304478274808737,False
sample_04854.jpg,0.41932579169367196,False
sample_04855.jpg,0.44722511814392574,False
sample_04856.jpg,0.38232746708852317,False
sample_04857.jpg,0.45589263728431384,False
sample_04858.jpg,0.38590496513588235,False
sample_04859.jpg,0.4000058664919064,False
sample_04860.jpg,0.44992652815453904,False
sample_04861.jpg,0.4440873304125813,False
sample_04862.jpg,0.43272330508176887,False
sample_04863.jpg,0.4091977663707185,False
sample_04864.jpg,0.41593653515245016,False
sample_04865.jpg,0.42385238546808784,False
sample_04866.jpg,0.38914168914240677,False
sample_04867.jpg,0.40136200000352334,False
sample_04868.jpg,0.3733355886243305,False
sample_04869.jpg,0.40583102041651326,False
sample_04870.jpg,0.37981008759415497,False
sample_04871.jpg,0.36411902036670357,False
sample_04872.jpg,0.39201860524913473,False
sample_04873.jpg,0.37934029078373227,False
sample_04874.jpg,0.44371578409767365,False
sample_04875.jpg,0.4309831625246757,False
sample_04876.jpg,0.3727566626748787,False
sample_04877.jpg,0.3922295786715739,False
sample_04878.jpg,0.411605201507766,False
sample_04879.jpg,0.44048746337681655,False
sample_04880.jpg,0.411463114241962,False
sample_04881.jpg,0.3786096091680447,False
sample_04882.jpg,0.4173286729182441,False
sample_04883.jpg,0.37089689311843255,False
sample_04884.jpg,0.3828628687722884,False
sample_04885.jpg,0.4246857150367335,False
sample_04886.jpg,0.42067522377244415,False
sample_04887.jpg,0.4031274527622073,False
sample_04888.jpg,0.44517842464527574,False
sample_04889.jpg,0.4075923148268355,False
sample_04890.jpg,0.44994777096711436,False
sample_04891.jpg,0.3829765091314208,False
sample_04892.jpg,0.39789189958904847,False
sample_04893.jpg,0.4083911542274233,False
sample_04894.jpg,0.42913303909910067,False
sample_04895.jpg,0.3740321144240212,False
sample_04896.jpg,0.37832050369447917,False
sample_04897.jpg,0.3825875491277909,False
sample_04898.jpg,0.3940220441663547,False
sample_04899.jpg,0.42709267555968977,False
sample_04900.jpg,0.45369388241280023,False
sample_04901.jpg,0.37477443926357584,False
sample_04902.jpg,0.5223909143575249,False
sample_04903.jpg,0.38965987707186167,False
sample_04904.jpg,0.3711356871103171,False
sample_04905.jpg,0.5070522936565194,False
sample_04906.jpg,0.39192937127577016,False
sample_04907.jpg,0.3942682295886424,False
sample_04908.jpg,0.39320911150823856,False
sample_04909.jpg,0.37428442036369947,False
sample_04910.jpg,0.4569677392606651,False
sample_04911.jpg,0.4044421846742822,False
sample_04912.jpg,0.3897657371920926,False
sample_04913.jpg,0.48550925901593256,False
sample_04914.jpg,0.41429835654172653,False
sample_04915.jpg,0.3940172147715458,False
sample_04916.jpg,0.3809681659924569,False
sample_04917.jpg,0.4136642134332783,False
sample_04918.jpg,0.3823866882801846,False
sample_04919.jpg,0.4356887943608231,False
sample_04920.jpg,0.40600519633710086,False
sample_04921.jpg,0.4118352314836939,False
sample_04922.jpg,0.44857360020908565,False
sample_04923.jpg,0.40584871517671356,False
sample_04924.jpg,0.4370185445425472,False
sample_04925.jpg,0.44165411533147264,False
sample_04926.jpg,0.4761346324585149,False
sample_04927.jpg,0.47542165743540066,False
sample_04928.jpg,0.3848709611532804,False
sample_04929.jpg,0.4109042191806707,False
sample_04930.jpg,0.40924802623246576,False
sample_04931.jpg,0.3971402381528552,False
sample_04932.jpg,0.4292651231146443,False
sample_04933.jpg,0.4536958623453819,False
sample_04934.jpg,0.4507484563530002,False
sample_04935.jpg,0.5069702378617179,False
sample_04936.jpg,0.4716444051757255,False
sample_04937.jpg,0.4104956418806916,False
sample_04938.jpg,0.505600129403739,False
sample_04939.jpg,0.45167762443802684,False
sample_04940.jpg,0.4084077170426303,False
sample_04941.jpg,0.4540086816073915,False
sample_04942.jpg,0.36238509671228575,False
sample_04943.jpg,0.46723484619496036,False
sample_04944.jpg,0.4800749955308759,False
sample_04945.jpg,0.39120072054135224,False
sample_04946.jpg,0.3997450417149758,False
sample_04947.jpg,0.4163135498676026,False
sample_04948.jpg,0.40775375104101497,False
sample_04949.jpg,0.4035079370214686,False
sample_04950.jpg,0.37778348015713065,False
sample_04951.jpg,0.38119462698720313,False
sample_04952.jpg,0.38454535037736975,False
sample_04953.jpg,0.45369174503560405,False
sample_04954.jpg,0.3891968005957642,False
sample_04955.jpg,0.4696688156028505,False
sample_04956.jpg,0.39869909123819125,False
sample_04957.jpg,0.3919776867726256,False
sample_04958.jpg,0.4343881306596994,False
sample_04959.jpg,0.4715104585266648,False
sample_04960.jpg,0.3832873726887259,False
sample_04961.jpg,0.4393984753746696,False
sample_04962.jpg,0.40156943411761437,False
sample_04963.jpg,0.4304829081616975,False
sample_04964.jpg,0.36543428756312474,False
sample_04965.jpg,0.45852521788901335,False
sample_04966.jpg,0.4527668686094418,False
sample_04967.jpg,0.40164427049806894,False
sample_04968.jpg,0.3934591715231346,False
sample_04969.jpg,0.45540683782655883,False
sample_04970.jpg,0.44124121366064695,False
sample_04971.jpg,0.4296018812393337,False
sample_04972.jpg,0.3994702018179558,False
sample_04973.jpg,0.45031174053631745,False
sample_04974.jpg,0.4735020511190229,False
sample_04975.jpg,0.4295236430073273,False
sample_04976.jpg,0.4359559695026727,False
sample_04977.jpg,0.4083362127812312,False
sample_04978.jpg,0.4099867797839648,False
sample_04979.jpg,0.42875574933642474,False
sample_04980.jpg,0.4595583502076419,False
sample_04981.jpg,0.36067409890708657,False
sample_04982.jpg,0.4914431393422853,False
sample_04983.jpg,0.40243979559858184,False
sample_04984.jpg,0.43617891845520274,False
sample_04985.jpg,0.4428637466411363,False
sample_04986.jpg,0.35915384162198843,False
sample_04987.jpg,0.4007662947413896,False
sample_04988.jpg,0.4158698352889424,False
sample_04989.jpg,0.41211329661800755,False
sample_04990.jpg,0.38984524922091296,False
sample_04991.jpg,0.38573743432366275,False
sample_04992.jpg,0.4609407082386595,False
sample_04993.jpg,0.43337198389456244,False
sample_04994.jpg,0.4231561777343861,False
sample_04995.jpg,0.37800104010060653,False
sample_04996.jpg,0.4290946926959363,False
sample_04997.jpg,0.430224324205287,False
sample_04998.jpg,0.4728912850231937,False
sample_04999.jpg,0.39303607478265024,False
sample_05000.jpg,0.38946664227162336,False
sample_05001.jpg,0.3756194102023123,False
sample_05002.jpg,0.37660431753722234,False
sample_05003.jpg,0.4275187054035937,False
sample_05004.jpg,0.46381854359729613,False
sample_05005.jpg,0.36094852536729377,False
sample_05006.jpg,0.39024771242693046,False
sample_05007.jpg,0.4135339220882491,False
sample_05008.jpg,0.43726784444448846,False
sample_05009.jpg,0.36250977969044706,False
sample_05010.jpg,0.37941540532508183,False
sample_05011.jpg,0.3708124229683984,False
sample_05012.jpg,0.40018395583529814,False
sample_05013.jpg,0.4209024809980303,False
sample_05014.jpg,0.4089002807063066,False
sample_05015.jpg,0.40182888643553955,False
sample_05016.jpg,0.47344766978203134,False
sample_05017.jpg,0.5073311975478717,False
sample_05018.jpg,0.42810109262211915,False
sample_05019.jpg,0.3921406025614018,False
sample_05020.jpg,0.45781637381446266,False
sample_05021.jpg,0.4486073403274252,False
sample_05022.jpg,0.46037277040146485,False
sample_05023.jpg,0.3909748418655932,False
sample_05024.jpg,0.39437398462435874,False
sample_05025.jpg,0.4551823185636328,False
sample_05026.jpg,0.3824264371394967,False
sample_05027.jpg,0.4816735401669976,False
sample_05028.jpg,0.4214331841797999,False
sample_05029.jpg,0.3645225634807085,False
sample_05030.jpg,0.39467749024627014,False
sample_05031.jpg,0.42986835705463317,False
sample_05032.jpg,0.39651472451704595,False
sample_05033.jpg,0.42953055414881397,False
sample_05034.jpg,0.4613804963496241,False
sample_05035.jpg,0.42142865722021305,False
sample_05036.jpg,0.46562321276314783,False
sample_05037.jpg,0.3576605855078332,False
sample_05038.jpg,0.43334161681174144,False
sample_05039.jpg,0.3751378971437439,False
sample_05040.jpg,0.4047861070084102,False
sample_05041.jpg,0.4328996162291073,False
sample_05042.jpg,0.3871642795651587,False
sample_05043.jpg,0.39263651532395744,False
sample_05044.jpg,0.47949302270192184,False
sample_05045.jpg,0.367937652324263,False
sample_05046.jpg,0.4162752553767118,False
sample_05047.jpg,0.39678160628636916,False
sample_05048.jpg,0.38566600861709893,False
sample_05049.jpg,0.4374757015566881,False
sample_05050.jpg,0.490456273658852,False
sample_05051.jpg,0.4329123620132437,False
sample_05052.jpg,0.42539073991787546,False
sample_05053.jpg,0.38333936693851184,False
sample_05054.jpg,0.40972781778062406,False
sample_05055.jpg,0.41765732891074625,False
sample_05056.jpg,0.3929782993817011,False
sample_05057.jpg,0.5352616079480913,True
sample_05058.jpg,0.4055260612758411,False
sample_05059.jpg,0.44140285404397667,False
sample_05060.jpg,0.39696662334754046,False
sample_05061.jpg,0.429440680487572,False
sample_05062.jpg,0.42957803909257203,False
sample_05063.jpg,0.39495292415821825,False
sample_05064.jpg,0.4306045055039299,False
sample_05065.jpg,0.39553353604775027,False
sample_05066.jpg,0.48283664037054214,False
sample_05067.jpg,0.385545595462957,False
sample_05068.jpg,0.3918963500851892,False
sample_05069.jpg,0.3962083593458769,False
sample_05070.jpg,0.38346020928902197,False
sample_05071.jpg,0.40455908602747154,False
sample_05072.jpg,0.3890778846028244,False
sample_05073.jpg,0.38973317499395316,False
sample_05074.jpg,0.40081667582818176,False
sample_05075.jpg,0.4166623603398141,False
sample_05076.jpg,0.45795744187651966,False
sample_05077.jpg,0.42233395594508194,False
sample_05078.jpg,0.435844991179484,False
sample_05079.jpg,0.4411627265643732,False
sample_05080.jpg,0.38738403426076806,False
sample_05081.jpg,0.39192806109504147,False
sample_05082.jpg,0.537205364174296,True
sample_05083.jpg,0.4212507673978524,False
sample_05084.jpg,0.41659270970011236,False
sample_05085.jpg,0.39810430647989337,False
sample_05086.jpg,0.4208093244348011,False
sample_05087.jpg,0.3866633378160704,False
sample_05088.jpg,0.4026050155556171,False
sample_05089.jpg,0.42428251708714776,False
sample_05090.jpg,0.40809369244907606,False
sample_05091.jpg,0.5081349684654701,False
sample_05092.jpg,0.4233270931599977,False
sample_05093.jpg,0.4854514201712607,False
sample_05094.jpg,0.40112182527846385,False
sample_05095.jpg,0.44585465051554796,False
sample_05096.jpg,0.41096059475189567,False
sample_05097.jpg,0.356965602026709,False
sample_05098.jpg,0.4114245397953531,False
sample_05099.jpg,0.44131063397902454,False
sample_05100.jpg,0.4331829776351752,False
sample_05101.jpg,0.39546435590576784,False
sample_05102.jpg,0.4205498201423505,False
sample_05103.jpg,0.425875856662673,False
sample_05104.jpg,0.42630775912806435,False
sample_05105.jpg,0.4427014887249775,False
sample_05106.jpg,0.37005339370721424,False
sample_05107.jpg,0.4099421216148243,False
sample_05108.jpg,0.393301664243459,False
sample_05109.jpg,0.4512944699114196,False
sample_05110.jpg,0.4443601631873547,False
sample_05111.jpg,0.45860349529897926,False
sample_05112.jpg,0.385667397296593,False
sample_05113.jpg,0.38097187984206665,False
sample_05114.jpg,0.39318624212749786,False
sample_05115.jpg,0.4174811052446031,False
sample_05116.jpg,0.4017460624288553,False
sample_05117.jpg,0.4173405167382234,False
sample_05118.jpg,0.40063802321007447,False
sample_05119.jpg,0.37207193118782605,False
sample_05120.jpg,0.38816842523470163,False
sample_05121.jpg,0.4291824754714278,False
sample_05122.jpg,0.4472329162620615,False
sample_05123.jpg,0.41391050753530373,False
sample_05124.jpg,0.38588978513224304,False
sample_05125.jpg,0.43304563986559247,False
sample_05126.jpg,0.36939773641192086,False
sample_05127.jpg,0.455006456114599,False
sample_05128.jpg,0.4799246850010769,False
sample_05129.jpg,0.42857577199390884,False
sample_05130.jpg,0.45294648595789366,False
sample_05131.jpg,0.3968420867686245,False
sample_05132.jpg,0.380862501473589,False
sample_05133.jpg,0.43229061984628575,False
sample_05134.jpg,0.4145458005943724,False
sample_05135.jpg,0.4453405858966505,False
sample_05136.jpg,0.3860966744934138,False
sample_05137.jpg,0.41700163879934327,False
sample_05138.jpg,0.42375655675239227,False
sample_05139.jpg,0.38686027304380677,False
sample_05140.jpg,0.4342257124197206,False
sample_05141.jpg,0.36868141255173287,False
sample_05142.jpg,0.3663057403286593,False
sample_05143.jpg,0.43684227631657563,False
sample_05144.jpg,0.4096943639447632,False
sample_05145.jpg,0.39159128264863713,False
sample_05146.jpg,0.4592080952880237,False
sample_05147.jpg,0.4355098195741692,False
sample_05148.jpg,0.41179950824978473,False
sample_05149.jpg,0.38801589980395146,False
sample_05150.jpg,0.39364220867397043,False
sample_05151.jpg,0.43260572346938203,False
sample_05152.jpg,0.44085685189999774,False
sample_05153.jpg,0.42756008870592394,False
sample_05154.jpg,0.4182243343238,False
sample_05155.jpg,0.40502383781758283,False
sample_05156.jpg,0.41494173438703436,False
sample_05157.jpg,0.36284439018198983,False
sample_05158.jpg,0.3950480860573727,False
sample_05159.jpg,0.4820942563851631,False
sample_05160.jpg,0.3847142263437776,False
sample_05161.jpg,0.41571171448228894,False
sample_05162.jpg,0.4321203208295957,False
sample_05163.jpg,0.3735671964723753,False
sample_05164.jpg,0.4640877659841185,False
sample_05165.jpg,0.42481138631030896,False
sample_05166.jpg,0.4194263903856837,False
sample_05167.jpg,0.43147174502023417,False
sample_05168.jpg,0.4092277996986863,False
sample_05169.jpg,0.41169313354760456,False
sample_05170.jpg,0.3933793359177715,False
sample_05171.jpg,0.49449309971507965,False
sample_05172.jpg,0.370746806278116,False
sample_05173.jpg,0.4138950189057176,False
sample_05174.jpg,0.4291554657136147,False
sample_05175.jpg,0.3748028133866824,False
sample_05176.jpg,0.41733680033582016,False
sample_05177.jpg,0.37360126147457756,False
sample_05178.jpg,0.42859495488471927,False
sample_05179.jpg,0.4229239788822726,False
sample_05180.jpg,0.3993120767328055,False
sample_05181.jpg,0.4011353261828665,False
sample_05182.jpg,0.3789837599569506,False
sample_05183.jpg,0.3836802739789368,False
sample_05184.jpg,0.44625732248139804,False
sample_05185.jpg,0.4144597511613485,False
sample_05186.jpg,0.4481052569030504,False
sample_05187.jpg,0.4139983286964023,False
sample_05188.jpg,0.40185281660997396,False
sample_05189.jpg,0.4246509422370235,False
sample_05190.jpg,0.38231253591550424,False
sample_05191.jpg,0.43841151618222957,False
sample_05192.jpg,0.3901403845960488,False
sample_05193.jpg,0.39217717869897994,False
sample_05194.jpg,0.3772935157183367,False
sample_05195.jpg,0.4070478169205589,False
sample_05196.jpg,0.44990478330901396,False
sample_05197.jpg,0.44510630950578745,False
sample_05198.jpg,0.3689914150931242,False
sample_05199.jpg,0.3719677281081922,False
sample_05200.jpg,0.42327648772110177,False
sample_05201.jpg,0.3985173440872867,False
sample_05202.jpg,0.406736757601942,False
sample_05203.jpg,0.39700856511819627,False
sample_05204.jpg,0.43158636177847537,False
sample_05205.jpg,0.3873542460811342,False
sample_05206.jpg,0.4338715358233757,False
sample_05207.jpg,0.4592528898311831,False
sample_05208.jpg,0.42335884142169344,False
sample_05209.jpg,0.41844781083682536,False
sample_05210.jpg,0.38686733365183584,False
sample_05211.jpg,0.44080165672164545,False
sample_05212.jpg,0.36322670358635933,False
sample_05213.jpg,0.3699062432684826,False
sample_05214.jpg,0.4121549212652531,False
sample_05215.jpg,0.4141772664017481,False
sample_05216.jpg,0.3819924291475936,False
sample_05217.jpg,0.39578645027359166,False
sample_05218.jpg,0.4307315720681419,False
sample_05219.jpg,0.49245837393256875,False
sample_05220.jpg,0.46155034094624015,False
sample_05221.jpg,0.4057736766015923,False
sample_05222.jpg,0.43391069525473286,False
sample_05223.jpg,0.40776468525316395,False
sample_05224.jpg,0.4189095203421674,False
sample_05225.jpg,0.38716843034257903,False
sample_05226.jpg,0.384840136009823,False
sample_05227.jpg,0.4369885777503209,False
sample_05228.jpg,0.4154742195465067,False
sample_05229.jpg,0.416589627910162,False
sample_05230.jpg,0.4013636206329537,False
sample_05231.jpg,0.43832639993090444,False
sample_05232.jpg,0.4185691183892161,False
sample_05233.jpg,0.4054754133133336,False
sample_05234.jpg,0.39430694166772856,False
sample_05235.jpg,0.46405263652629786,False
sample_05236.jpg,0.48978500693623883,False
sample_05237.jpg,0.38863382876666397,False
sample_05238.jpg,0.4444412548270405,False
sample_05239.jpg,0.3643782826713617,False
sample_05240.jpg,0.36778183413323007,False
sample_05241.jpg,0.44058990916121843,False
sample_05242.jpg,0.36678805502756473,False
sample_05243.jpg,0.4332976491275761,False
sample_05244.jpg,0.4244311397326139,False
sample_05245.jpg,0.39742648982916984,False
sample_05246.jpg,0.4041904865461188,False
sample_05247.jpg,0.47719363899662565,False
sample_05248.jpg,0.43981993441769934,False
sample_05249.jpg,0.378960347148154,False
sample_05250.jpg,0.4353810461383729,False
sample_05251.jpg,0.4553872380620684,False
sample_05252.jpg,0.47140413131554043,False
sample_05253.jpg,0.40149811330979257,False
sample_05254.jpg,0.45431475277840233,False
sample_05255.jpg,0.37779532525502163,False
sample_05256.jpg,0.38407075200107904,False
sample_05257.jpg,0.3855101211506258,False
sample_05258.jpg,0.4304819586708765,False
sample_05259.jpg,0.45169990367526575,False
sample_05260.jpg,0.4069714578472215,False
sample_05261.jpg,0.4181014279197916,False
sample_05262.jpg,0.4471235767005928,False
sample_05263.jpg,0.4301611874829225,False
sample_05264.jpg,0.367296138172357,False
sample_05265.jpg,0.4313412955667246,False
sample_05266.jpg,0.41894711487584596,False
sample_05267.jpg,0.3816241284535919,False
sample_05268.jpg,0.38352087879429647,False
sample_05269.jpg,0.4050496904991845,False
sample_05270.jpg,0.4620057342252448,False
sample_05271.jpg,0.40163158572728147,False
sample_05272.jpg,0.41536018791961177,False
sample_05273.jpg,0.4611160670629728,False
sample_05274.jpg,0.3866347771461672,False
sample_05275.jpg,0.37726098803416597,False
sample_05276.jpg,0.36347637061327726,False
sample_05277.jpg,0.41936131506233365,False
sample_05278.jpg,0.35939821951400514,False
sample_05279.jpg,0.47057359797561105,False
sample_05280.jpg,0.40604152052172254,False
sample_05281.jpg,0.4011528846400297,False
sample_05282.jpg,0.4823515951613286,False
sample_05283.jpg,0.4282420353482486,False
sample_05284.jpg,0.4755225028818124,False
sample_05285.jpg,0.37745138202586315,False
sample_05286.jpg,0.4010767260904721,False
sample_05287.jpg,0.37136166503015305,False
sample_05288.jpg,0.4469145095589091,False
sample_05289.jpg,0.4334309105758691,False
sample_05290.jpg,0.39626287910858565,False
sample_05291.jpg,0.44200953477691896,False
sample_05292.jpg,0.37868653930455226,False
sample_05293.jpg,0.3716087302511391,False
sample_05294.jpg,0.3955916573981248,False
sample_05295.jpg,0.3783069985274926,False
sample_05296.jpg,0.406629935765401,False
sample_05297.jpg,0.39382051619137504,False
sample_05298.jpg,0.4606251996585425,False
sample_05299.jpg,0.46646471733207545,False
sample_05300.jpg,0.4341437836887082,False
sample_05301.jpg,0.41720961014868013,False
sample_05302.jpg,0.49141722618285333,False
sample_05303.jpg,0.384772921769434,False
sample_05304.jpg,0.394608433826574,False
sample_05305.jpg,0.4443719264205085,False
sample_05306.jpg,0.4280174460238894,False
sample_05307.jpg,0.3898894512187013,False
sample_05308.jpg,0.4082526436632367,False
sample_05309.jpg,0.48918739485438834,False
sample_05310.jpg,0.42642035203558715,False
sample_05311.jpg,0.43284694170655635,False
sample_05312.jpg,0.3788978360446428,False
sample_05313.jpg,0.4008819629842897,False
sample_05314.jpg,0.383033139888085,False
sample_05315.jpg,0.3877356371831939,False
sample_05316.jpg,0.3820150900325711,False
sample_05317.jpg,0.4199292773135057,False
sample_05318.jpg,0.39345487550006386,False
sample_05319.jpg,0.46557562691878634,False
sample_05320.jpg,0.40924779090981445,False
sample_05321.jpg,0.41059582653824434,False
sample_05322.jpg,0.48062332062930396,False
sample_05323.jpg,0.42393982807599845,False
sample_05324.jpg,0.4392678527064026,False
sample_05325.jpg,0.44574351479884744,False
sample_05326.jpg,0.4865973229064042,False
sample_05327.jpg,0.42998321790567506,False
sample_05328.jpg,0.38361692328707836,False
sample_05329.jpg,0.4091667501389606,False
sample_05330.jpg,0.46416357887820764,False
sample_05331.jpg,0.3791597074400478,False
sample_05332.jpg,0.4306162596091992,False
sample_05333.jpg,0.4032722885431007,False
sample_05334.jpg,0.43063562544065387,False
sample_05335.jpg,0.413017665317204,False
sample_05336.jpg,0.4548363071178784,False
sample_05337.jpg,0.4579899603746464,False
sample_05338.jpg,0.39056586179542957,False
sample_05339.jpg,0.3698223194316729,False
sample_05340.jpg,0.4177217994015206,False
sample_05341.jpg,0.3937687096327371,False
sample_05342.jpg,0.38714575928154804,False
sample_05343.jpg,0.4315456570264318,False
sample_05344.jpg,0.4699052741463591,False
sample_05345.jpg,0.43467531994747394,False
sample_05346.jpg,0.41431691104376217,False
sample_05347.jpg,0.4625447816123533,False
sample_05348.jpg,0.4384900217582001,False
sample_05349.jpg,0.3870125839011819,False
sample_05350.jpg,0.38229001474718,False
sample_05351.jpg,0.4186120538819242,False
sample_05352.jpg,0.45201587524438736,False
sample_05353.jpg,0.3943034645483215,False
sample_05354.jpg,0.4737183288813077,False
sample_05355.jpg,0.4312665869814058,False
sample_05356.jpg,0.44765442244364856,False
sample_05357.jpg,0.39263950720699425,False
sample_05358.jpg,0.41299720743521445,False
sample_05359.jpg,0.4506240339007333,False
sample_05360.jpg,0.42993768241842983,False
sample_05361.jpg,0.40580392478586724,False
sample_05362.jpg,0.3986631807654383,False
sample_05363.jpg,0.4740199768084132,False
sample_05364.jpg,0.4864149426094021,False
sample_05365.jpg,0.3801250866627717,False
sample_05366.jpg,0.4582975832129967,False
sample_05367.jpg,0.38647881862249855,False
sample_05368.jpg,0.4882651922734873,False
sample_05369.jpg,0.37880801528063124,False
sample_05370.jpg,0.46555089033636254,False
sample_05371.jpg,0.3917755990637655,False
sample_05372.jpg,0.44799717484733204,False
sample_05373.jpg,0.38196249159638934,False
sample_05374.jpg,0.40336113549293784,False
sample_05375.jpg,0.4345791241334035,False
sample_05376.jpg,0.4093328446438623,False
sample_05377.jpg,0.4288691208655169,False
sample_05378.jpg,0.4412825270926977,False
sample_05379.jpg,0.38003787932278593,False
sample_05380.jpg,0.416814391647839,False
sample_05381.jpg,0.44672684730509565,False
sample_05382.jpg,0.38199865268932987,False
sample_05383.jpg,0.3898301199441436,False
sample_05384.jpg,0.4110812603511592,False
sample_05385.jpg,0.4954372404261518,False
sample_05386.jpg,0.37437685562765277,False
sample_05387.jpg,0.41174171688284134,False
sample_05388.jpg,0.416433503240139,False
sample_05389.jpg,0.4629079352599719,False
sample_05390.jpg,0.5098018558346712,False
sample_05391.jpg,0.4174097129867624,False
sample_05392.jpg,0.4016574554620358,False
sample_05393.jpg,0.44961911376359137,False
sample_05394.jpg,0.4130665335724218,False
sample_05395.jpg,0.4449303894314998,False
sample_05396.jpg,0.3989848268649579,False
sample_05397.jpg,0.39450077999355543,False
sample_05398.jpg,0.3978955991597142,False
sample_05399.jpg,0.46987984889790585,False
sample_05400.jpg,0.41986908656773614,False
sample_05401.jpg,0.4321827461570853,False
sample_05402.jpg,0.43045805669425796,False
sample_05403.jpg,0.4086638507697227,False
sample_05404.jpg,0.40946555471114315,False
sample_05405.jpg,0.3901513472092852,False
sample_05406.jpg,0.4083993008744151,False
sample_05407.jpg,0.4564243740717041,False
sample_05408.jpg,0.399061688526709,False
sample_05409.jpg,0.40128829389379683,False
sample_05410.jpg,0.4523840250582319,False
sample_05411.jpg,0.37594938411687057,False
sample_05412.jpg,0.3641829189843346,False
sample_05413.jpg,0.4741060370969506,False
sample_05414.jpg,0.38265468471295666,False
sample_05415.jpg,0.39730511066234236,False
sample_05416.jpg,0.47281482236380856,False
sample_05417.jpg,0.4455528208226959,False
sample_05418.jpg,0.3910231879247356,False
sample_05419.jpg,0.3923832350547398,False
sample_05420.jpg,0.39541486645982493,False
sample_05421.jpg,0.465538282553238,False
sample_05422.jpg,0.407239351883243,False
sample_05423.jpg,0.40869100809334263,False
sample_05424.jpg,0.37824129976543663,False
sample_05425.jpg,0.3965821949394066,False
sample_05426.jpg,0.41862207605418195,False
sample_05427.jpg,0.47676268356496665,False
sample_05428.jpg,0.36437164566621283,False
sample_05429.jpg,0.48574760711584886,False
sample_05430.jpg,0.3929794504110161,False
sample_05431.jpg,0.43560442523923115,False
sample_05432.jpg,0.42335065246006764,False
sample_05433.jpg,0.43410248502793264,False
sample_05434.jpg,0.4713027971177298,False
sample_05435.jpg,0.4378410675801507,False
sample_05436.jpg,0.43247581961058246,False
sample_05437.jpg,0.4589594771192635,False
sample_05438.jpg,0.43304941694326143,False
sample_05439.jpg,0.37684208224834603,False
sample_05440.jpg,0.37898080349519814,False
sample_05441.jpg,0.36908912220323187,False
sample_05442.jpg,0.42200222882203003,False
sample_05443.jpg,0.40028304022282607,False
sample_05444.jpg,0.3786227899486426,False
sample_05445.jpg,0.39891041212320016,False
sample_05446.jpg,0.4468058373926322,False
sample_05447.jpg,0.48012913296235415,False
sample_05448.jpg,0.4246127521810515,False
sample_05449.jpg,0.4146292523872542,False
sample_05450.jpg,0.3550850811743188,False
sample_05451.jpg,0.4570064025744345,False
sample_05452.jpg,0.44251573635487945,False
sample_05453.jpg,0.44541017469095284,False
sample_05454.jpg,0.37848198618906875,False
sample_05455.jpg,0.41717575134193735,False
sample_05456.jpg,0.38944674234904414,False
sample_05457.jpg,0.4277309697254246,False
sample_05458.jpg,0.3885790541465267,False
sample_05459.jpg,0.4197135229623773,False
sample_05460.jpg,0.37032599564483215,False
sample_05461.jpg,0.43917563928207115,False
sample_05462.jpg,0.3954569451690221,False
sample_05463.jpg,0.4274579850778703,False
sample_05464.jpg,0.3910050105371957,False
sample_05465.jpg,0.38095984533719407,False
sample_05466.jpg,0.3863902523639254,False
sample_05467.jpg,0.3795226958728736,False
sample_05468.jpg,0.5344333002785429,True
sample_05469.jpg,0.433300314424193,False
sample_05470.jpg,0.36913258495561835,False
sample_05471.jpg,0.40461520739861784,False
sample_05472.jpg,0.3846403565288105,False
sample_05473.jpg,0.41433814142506425,False
sample_05474.jpg,0.3786357335575491,False
sample_05475.jpg,0.4295728517170246,False
sample_05476.jpg,0.42698582294361265,False
sample_05477.jpg,0.4043837861783577,False
sample_05478.jpg,0.4048634843618829,False
sample_05479.jpg,0.4194904027122252,False
sample_05480.jpg,0.4719687761310159,False
sample_05481.jpg,0.3831233467838094,False
sample_05482.jpg,0.4456837803494681,False
sample_05483.jpg,0.4097276157073351,False
sample_05484.jpg,0.436217166858078,False
sample_05485.jpg,0.3832725166293669,False
sample_05486.jpg,0.43173830978094085,False
sample_05487.jpg,0.4111728647496157,False
sample_05488.jpg,0.39919638204649144,False
sample_05489.jpg,0.4301562708566387,False
sample_05490.jpg,0.42080258392893527,False
sample_05491.jpg,0.5405969772568816,True
sample_05492.jpg,0.39270425255308283,False
sample_05493.jpg,0.4380089637686324,False
sample_05494.jpg,0.40307932386993894,False
sample_05495.jpg,0.378804954780532,False
sample_05496.jpg,0.4479348339866621,False
sample_05497.jpg,0.406869247296663,False
sample_05498.jpg,0.37872785914278806,False
sample_05499.jpg,0.5097684184203997,False
sample_05500.jpg,0.3740650129326359,False
sample_05501.jpg,0.4220540566867267,False
sample_05502.jpg,0.36885444930161265,False
sample_05503.jpg,0.43679154443692175,False
sample_05504.jpg,0.42017396570914006,False
sample_05505.jpg,0.41273047598609364,False
sample_05506.jpg,0.4000975709607269,False
sample_05507.jpg,0.37372680620041365,False
sample_05508.jpg,0.4736877355439905,False
sample_05509.jpg,0.39035265917810996,False
sample_05510.jpg,0.3988334977201216,False
sample_05511.jpg,0.46932951690945746,False
sample_05512.jpg,0.4240990678288074,False
sample_05513.jpg,0.41452258700193,False
sample_05514.jpg,0.3882761142167135,False
sample_05515.jpg,0.4441667031513549,False
sample_05516.jpg,0.41617693414568463,False
sample_05517.jpg,0.38794958451078726,False
sample_05518.jpg,0.3809027725123411,False
sample_05519.jpg,0.40380266914446533,False
sample_05520.jpg,0.43207182062083654,False
sample_05521.jpg,0.40899607550927375,False
sample_05522.jpg,0.42380426926495607,False
sample_05523.jpg,0.4740383014497453,False
sample_05524.jpg,0.37335254450912575,False
sample_05525.jpg,0.41630953963729456,False
sample_05526.jpg,0.4510663526748096,False
sample_05527.jpg,0.4711906507460987,False
sample_05528.jpg,0.4491786418739099,False
sample_05529.jpg,0.43053105061636726,False
sample_05530.jpg,0.4443145875283593,False
sample_05531.jpg,0.4170097080407294,False
sample_05532.jpg,0.41740770746309813,False
sample_05533.jpg,0.4597150980863333,False
sample_05534.jpg,0.3979170620118685,False
sample_05535.jpg,0.3889001963266662,False
sample_05536.jpg,0.37501953832745594,False
sample_05537.jpg,0.42288882114697435,False
sample_05538.jpg,0.4417726238698797,False
sample_05539.jpg,0.42498746986600516,False
sample_05540.jpg,0.49613828698032136,False
sample_05541.jpg,0.3639667058263169,False
sample_05542.jpg,0.42188524943484235,False
sample_05543.jpg,0.35727399368436663,False
sample_05544.jpg,0.41802383181324065,False
sample_05545.jpg,0.3907970968926034,False
sample_05546.jpg,0.3968524473388543,False
sample_05547.jpg,0.4087204650672534,False
sample_05548.jpg,0.3802935473687211,False
sample_05549.jpg,0.4265871841536915,False
sample_05550.jpg,0.3765135128267365,False
sample_05551.jpg,0.41259806546176886,False
sample_05552.jpg,0.3856704079192092,False
sample_05553.jpg,0.4331838803867393,False
sample_05554.jpg,0.4803572263234915,False
sample_05555.jpg,0.37597920232415527,False
sample_05556.jpg,0.40599283725315105,False
sample_05557.jpg,0.40593031978013083,False
sample_05558.jpg,0.47988448368737086,False
sample_05559.jpg,0.396459717255168,False
sample_05560.jpg,0.4048761470605493,False
sample_05561.jpg,0.42287148248353684,False
sample_05562.jpg,0.39448400748122603,False
sample_05563.jpg,0.42850286756448375,False
sample_05564.jpg,0.418265576595896,False
sample_05565.jpg,0.4751051143766256,False
sample_05566.jpg,0.42676997507777636,False
sample_05567.jpg,0.4168038450421166,False
sample_05568.jpg,0.3950606217275297,False
sample_05569.jpg,0.38518415570931497,False
sample_05570.jpg,0.48049110511624465,False
sample_05571.jpg,0.38112522343053257,False
sample_05572.jpg,0.4215097006053343,False
sample_05573.jpg,0.4148806640781647,False
sample_05574.jpg,0.4139379159158509,False
sample_05575.jpg,0.4983522119765886,False
sample_05576.jpg,0.39375480361964627,False
sample_05577.jpg,0.4606728846210175,False
sample_05578.jpg,0.4444979754960073,False
sample_05579.jpg,0.4149128487789411,False
sample_05580.jpg,0.37677541084966504,False
sample_05581.jpg,0.4804900252983813,False
sample_05582.jpg,0.5350104954686641,True
sample_05583.jpg,0.37994054255299925,False
sample_05584.jpg,0.5197822059364079,False
sample_05585.jpg,0.44085710143280404,False
sample_05586.jpg,0.39986694822658747,False
sample_05587.jpg,0.45631251664985206,False
sample_05588.jpg,0.46079228364441766,False
sample_05589.jpg,0.42036577761934857,False
sample_05590.jpg,0.39493922191851244,False
sample_05591.jpg,0.3723918648432116,False
sample_05592.jpg,0.4336252650717427,False
sample_05593.jpg,0.4114920732702632,False
sample_05594.jpg,0.431371115882676,False
sample_05595.jpg,0.4368947447143207,False
sample_05596.jpg,0.3934463256527744,False
sample_05597.jpg,0.3863745055085758,False
sample_05598.jpg,0.42789929261672977,False
sample_05599.jpg,0.4317858686312521,False
sample_05600.jpg,0.3999056943826812,False
sample_05601.jpg,0.4199615552583896,False
sample_05602.jpg,0.4643845953988618,False
sample_05603.jpg,0.4668852847598142,False
sample_05604.jpg,0.3815824171041772,False
sample_05605.jpg,0.4559522568302752,False
sample_05606.jpg,0.4823703269694393,False
sample_05607.jpg,0.42492279689155726,False
sample_05608.jpg,0.4489391934466494,False
sample_05609.jpg,0.43422182245205876,False
sample_05610.jpg,0.37524788503129763,False
sample_05611.jpg,0.3896082934902751,False
sample_05612.jpg,0.4368384276439343,False
sample_05613.jpg,0.4464626018449583,False
sample_05614.jpg,0.3706353791078834,False
sample_05615.jpg,0.4081757649228307,False
sample_05616.jpg,0.43524451903939765,False
sample_05617.jpg,0.3800784116432698,False
sample_05618.jpg,0.41800397785448273,False
sample_05619.jpg,0.4104492637559872,False
sample_05620.jpg,0.40872951116598216,False
sample_05621.jpg,0.369842273399281,False
sample_05622.jpg,0.43414297140550595,False
sample_05623.jpg,0.3812074973153015,False
sample_05624.jpg,0.3741227325581294,False
sample_05625.jpg,0.4590125283276453,False
sample_05626.jpg,0.43283954286837434,False
sample_05627.jpg,0.3828205612665639,False
sample_05628.jpg,0.4252493891690105,False
sample_05629.jpg,0.43609193689257836,False
sample_05630.jpg,0.4244114467076794,False
sample_05631.jpg,0.4304479573724256,False
sample_05632.jpg,0.3845801611953615,False
sample_05633.jpg,0.39796099513739785,False
sample_05634.jpg,0.41315922580207665,False
sample_05635.jpg,0.41270257127909266,False
sample_05636.jpg,0.41248996472000454,False
sample_05637.jpg,0.4518176509487758,False
sample_05638.jpg,0.4471436014239221,False
sample_05639.jpg,0.5107225174274395,False
sample_05640.jpg,0.4677309391737235,False
sample_05641.jpg,0.39100042245683747,False
sample_05642.jpg,0.40196514611890305,False
sample_05643.jpg,0.49519486691500614,False
sample_05644.jpg,0.47021767122302904,False
sample_05645.jpg,0.4764178022885333,False
sample_05646.jpg,0.4119408860385757,False
sample_05647.jpg,0.43907789566966554,False
sample_05648.jpg,0.46507562385529705,False
sample_05649.jpg,0.5250700931442908,False
sample_05650.jpg,0.3839427606186714,False
sample_05651.jpg,0.44718704723406,False
sample_05652.jpg,0.4598066097365486,False
sample_05653.jpg,0.406329802349811,False
sample_05654.jpg,0.40503344580746675,False
sample_05655.jpg,0.371529918116879,False
sample_05656.jpg,0.4234750230418726,False
sample_05657.jpg,0.3705147516516384,False
sample_05658.jpg,0.45914571284408934,False
sample_05659.jpg,0.46752473109625825,False
sample_05660.jpg,0.42001738375038966,False
sample_05661.jpg,0.40664621687875435,False
sample_05662.jpg,0.4655703114893496,False
sample_05663.jpg,0.4378692117493219,False
sample_05664.jpg,0.39502421817018474,False
sample_05665.jpg,0.4414294980089085,False
sample_05666.jpg,0.44315148749280003,False
sample_05667.jpg,0.42051411027638436,False
sample_05668.jpg,0.43377143643541544,False
sample_05669.jpg,0.41358715362301524,False
sample_05670.jpg,0.4327833073776015,False
sample_05671.jpg,0.4725640713390113,False
sample_05672.jpg,0.380157081823822,False
sample_05673.jpg,0.4255704100832676,False
sample_05674.jpg,0.3584048303844111,False
sample_05675.jpg,0.4984810993219877,False
sample_05676.jpg,0.4150903033051637,False
sample_05677.jpg,0.42694767714333837,False
sample_05678.jpg,0.4038207970127077,False
sample_05679.jpg,0.4270455541335701,False
sample_05680.jpg,0.3790488068753453,False
sample_05681.jpg,0.40784413427599225,False
sample_05682.jpg,0.45075068317920103,False
sample_05683.jpg,0.40597806883613136,False
sample_05684.jpg,0.42483638567222026,False
sample_05685.jpg,0.4014409160935102,False
sample_05686.jpg,0.4112335659145993,False
sample_05687.jpg,0.42738291954929714,False
sample_05688.jpg,0.4650993080620327,False
sample_05689.jpg,0.3808078554368355,False
sample_05690.jpg,0.3925612079014817,False
sample_05691.jpg,0.433815326108729,False
sample_05692.jpg,0.45346319369653426,False
sample_05693.jpg,0.47004042441315436,False
sample_05694.jpg,0.46149825124902266,False
sample_05695.jpg,0.385543601256469,False
sample_05696.jpg,0.45687260217753956,False
sample_05697.jpg,0.41083382070377344,False
sample_05698.jpg,0.44046533832854134,False
sample_05699.jpg,0.41884374696204374,False
sample_05700.jpg,0.4295296539767017,False
sample_05701.jpg,0.4236347414257515,False
sample_05702.jpg,0.41156059199122774,False
sample_05703.jpg,0.41779777069889534,False
sample_05704.jpg,0.37614440768247676,False
sample_05705.jpg,0.40147577858041994,False
sample_05706.jpg,0.40546613398374876,False
sample_05707.jpg,0.40952204751882815,False
sample_05708.jpg,0.3932801914861904,False
sample_05709.jpg,0.44267054170579695,False
sample_05710.jpg,0.38692254511697705,False
sample_05711.jpg,0.40591657936390324,False
sample_05712.jpg,0.3852819166702472,False
sample_05713.jpg,0.4217367710971615,False
sample_05714.jpg,0.42785263662577394,False
sample_05715.jpg,0.430645490689005,False
sample_05716.jpg,0.4732201723353731,False
sample_05717.jpg,0.47574779390359784,False
sample_05718.jpg,0.37648649134382306,False
sample_05719.jpg,0.3969316114613299,False
sample_05720.jpg,0.3932614317020282,False
sample_05721.jpg,0.39185989262992593,False
sample_05722.jpg,0.41151299192915036,False
sample_05723.jpg,0.38423604601895445,False
sample_05724.jpg,0.39807496367890316,False
sample_05725.jpg,0.43980322681479833,False
sample_05726.jpg,0.4827437873177429,False
sample_05727.jpg,0.4604230927311912,False
sample_05728.jpg,0.3814165520830426,False
sample_05729.jpg,0.3973294966006876,False
sample_05730.jpg,0.420730600486745,False
sample_05731.jpg,0.4068231962918676,False
sample_05732.jpg,0.44752755416434864,False
sample_05733.jpg,0.5072231544836351,False
sample_05734.jpg,0.416884015250749,False
sample_05735.jpg,0.3893666241142216,False
sample_05736.jpg,0.4034557448403802,False
sample_05737.jpg,0.43039853272185846,False
sample_05738.jpg,0.45405393208239164,False
sample_05739.jpg,0.4154565111972039,False
sample_05740.jpg,0.4154895200611981,False
sample_05741.jpg,0.4132988822622489,False
sample_05742.jpg,0.38320406532969464,False
sample_05743.jpg,0.42528925877527846,False
sample_05744.jpg,0.4361564966197604,False
sample_05745.jpg,0.4491619385932308,False
sample_05746.jpg,0.424895178213497,False
sample_05747.jpg,0.42614416225615603,False
sample_05748.jpg,0.39104157502386083,False
sample_05749.jpg,0.4590835800835795,False
sample_05750.jpg,0.39707806658221767,False
sample_05751.jpg,0.3932482756773554,False
sample_05752.jpg,0.46413801357868073,False
sample_05753.jpg,0.37334882145013065,False
sample_05754.jpg,0.4294803358730434,False
sample_05755.jpg,0.38979866637271093,False
sample_05756.jpg,0.46335231153788003,False
sample_05757.jpg,0.4611068807626675,False
sample_05758.jpg,0.4060790904121365,False
sample_05759.jpg,0.3642181673298774,False
sample_05760.jpg,0.4839492086358065,False
sample_05761.jpg,0.423703036268196,False
sample_05762.jpg,0.4262030725200928,False
sample_05763.jpg,0.4061292917834896,False
sample_05764.jpg,0.4082179936738266,False
sample_05765.jpg,0.43873486650483373,False
sample_05766.jpg,0.4775022999200384,False
sample_05767.jpg,0.3998840414924692,False
sample_05768.jpg,0.38281358207412514,False
sample_05769.jpg,0.4225980884293262,False
sample_05770.jpg,0.41929594809144266,False
sample_05771.jpg,0.4024544424734797,False
sample_05772.jpg,0.38765896538282263,False
sample_05773.jpg,0.4549578072435901,False
sample_05774.jpg,0.3712890634825018,False
sample_05775.jpg,0.41274512392709334,False
sample_05776.jpg,0.4396838882192184,False
sample_05777.jpg,0.4364960894717839,False
sample_05778.jpg,0.4541406444138472,False
sample_05779.jpg,0.43884601486159774,False
sample_05780.jpg,0.4335230225551244,False
sample_05781.jpg,0.42406061113045773,False
sample_05782.jpg,0.42484182123164815,False
sample_05783.jpg,0.37895432003172375,False
sample_05784.jpg,0.45690433874627145,False
sample_05785.jpg,0.4299478983276389,False
sample_05786.jpg,0.36460647765121434,False
sample_05787.jpg,0.42332288525469114,False
sample_05788.jpg,0.46793183085553985,False
sample_05789.jpg,0.4546861753096209,False
sample_05790.jpg,0.4324695212148421,False
sample_05791.jpg,0.4174036018925458,False
sample_05792.jpg,0.4605395940533596,False
sample_05793.jpg,0.429622281456537,False
sample_05794.jpg,0.41804812571303474,False
sample_05795.jpg,0.43615984727061335,False
sample_05796.jpg,0.4613532587239138,False
sample_05797.jpg,0.3670599148870444,False
sample_05798.jpg,0.4373532342290262,False
sample_05799.jpg,0.4166728574543243,False
sample_05800.jpg,0.5073406355869389,False
sample_05801.jpg,0.3664076802648898,False
sample_05802.jpg,0.4122903216462746,False
sample_05803.jpg,0.4424728655842985,False
sample_05804.jpg,0.43819821003047793,False
sample_05805.jpg,0.48578926149401375,False
sample_05806.jpg,0.42633172955612225,False
sample_05807.jpg,0.4057688185919544,False
sample_05808.jpg,0.4132368183653264,False
sample_05809.jpg,0.4810427095464669,False
sample_05810.jpg,0.38141641053153946,False
sample_05811.jpg,0.3940559568106636,False
sample_05812.jpg,0.4370726816284335,False
sample_05813.jpg,0.3959526734444764,False
sample_05814.jpg,0.49849235187940505,False
sample_05815.jpg,0.35208951395896004,False
sample_05816.jpg,0.4056776453889606,False
sample_05817.jpg,0.4171924117615224,False
sample_05818.jpg,0.37159272279161515,False
sample_05819.jpg,0.39418880804937184,False
sample_05820.jpg,0.40041911109734074,False
sample_05821.jpg,0.3826411044491634,False
sample_05822.jpg,0.40127724656333247,False
sample_05823.jpg,0.4671393136981199,False
sample_05824.jpg,0.4973818144536033,False
sample_05825.jpg,0.3843486120856546,False
sample_05826.jpg,0.49801031054245126,False
sample_05827.jpg,0.38574207132967775,False
sample_05828.jpg,0.4291130889641212,False
sample_05829.jpg,0.37425511798247413,False
sample_05830.jpg,0.39419760232535755,False
sample_05831.jpg,0.43146397609344284,False
sample_05832.jpg,0.41047100140677895,False
sample_05833.jpg,0.4210866957120257,False
sample_05834.jpg,0.4410508254528398,False
sample_05835.jpg,0.40583536223182537,False
sample_05836.jpg,0.4074252819362566,False
sample_05837.jpg,0.3715031301170968,False
sample_05838.jpg,0.4792789179535563,False
sample_05839.jpg,0.4470191815450336,False
sample_05840.jpg,0.42579559556554114,False
sample_05841.jpg,0.390461106249262,False
sample_05842.jpg,0.461822207294774,False
sample_05843.jpg,0.4202781328886109,False
sample_05844.jpg,0.42337115258989805,False
sample_05845.jpg,0.4218088431391559,False
sample_05846.jpg,0.46650546962162825,False
sample_05847.jpg,0.43220102878913075,False
sample_05848.jpg,0.3902307037253514,False
sample_05849.jpg,0.45207803462026286,False
sample_05850.jpg,0.4057646752022989,False
sample_05851.jpg,0.37214530279996144,False
sample_05852.jpg,0.3961378885353314,False
sample_05853.jpg,0.4178562301522653,False
sample_05854.jpg,0.4349952985058323,False
sample_05855.jpg,0.43547698269795243,False
sample_05856.jpg,0.3952251544998782,False
sample_05857.jpg,0.3939836824359198,False
sample_05858.jpg,0.4641812526241859,False
sample_05859.jpg,0.4034213226764031,False
sample_05860.jpg,0.43308839769482654,False
sample_05861.jpg,0.3847288866630705,False
sample_05862.jpg,0.4008073468921834,False
sample_05863.jpg,0.4472840932334184,False
sample_05864.jpg,0.38814218552799856,False
sample_05865.jpg,0.49267434043924724,False
sample_05866.jpg,0.3972504993487129,False
sample_05867.jpg,0.37402815887751895,False
sample_05868.jpg,0.3815605870156753,False
sample_05869.jpg,0.4375681091078302,False
sample_05870.jpg,0.41068305308592523,False
sample_05871.jpg,0.4200172905192344,False
sample_05872.jpg,0.44186372661865625,False
sample_05873.jpg,0.3987336530797773,False
sample_05874.jpg,0.44493787713865596,False
sample_05875.jpg,0.496306262588505,False
sample_05876.jpg,0.4267520157849299,False
sample_05877.jpg,0.4363747484453513,False
sample_05878.jpg,0.4151688479522116,False
sample_05879.jpg,0.3974878595651588,False
sample_05880.jpg,0.3614087848357526,False
sample_05881.jpg,0.41849043118619855,False
sample_05882.jpg,0.45561555744550636,False
sample_05883.jpg,0.4267528144017232,False
sample_05884.jpg,0.3983185649276563,False
sample_05885.jpg,0.4518198379602949,False
sample_05886.jpg,0.47512704502966774,False
sample_05887.jpg,0.44147625942628926,False
sample_05888.jpg,0.4198328667609285,False
sample_05889.jpg,0.4150548403535203,False
sample_05890.jpg,0.42714188847476703,False
sample_05891.jpg,0.3907380344770224,False
sample_05892.jpg,0.3790270042216628,False
sample_05893.jpg,0.4454058463736991,False
sample_05894.jpg,0.4451603497869183,False
sample_05895.jpg,0.3942511221770179,False
sample_05896.jpg,0.40094932791038773,False
sample_05897.jpg,0.3942289658465486,False
sample_05898.jpg,0.3834582389884066,False
sample_05899.jpg,0.41809769957130904,False
sample_05900.jpg,0.4875506212895668,False
sample_05901.jpg,0.43904854920237857,False
sample_05902.jpg,0.4111125406978915,False
sample_05903.jpg,0.40535319000522374,False
sample_05904.jpg,0.41759739274258406,False
sample_05905.jpg,0.45648473115820787,False
sample_05906.jpg,0.5028193521609059,False
sample_05907.jpg,0.39717038857045256,False
sample_05908.jpg,0.4018542912322747,False
sample_05909.jpg,0.4474751721544377,False
sample_05910.jpg,0.41825798940756753,False
sample_05911.jpg,0.38231555445910587,False
sample_05912.jpg,0.40921918032691257,False
sample_05913.jpg,0.41417113731756083,False
sample_05914.jpg,0.4103219576676443,False
sample_05915.jpg,0.37492565761649516,False
sample_05916.jpg,0.41470629454037605,False
sample_05917.jpg,0.46915987226936684,False
sample_05918.jpg,0.3846908955933765,False
sample_05919.jpg,0.44667076780293385,False
sample_05920.jpg,0.5103602752727086,False
sample_05921.jpg,0.3769958587023316,False
sample_05922.jpg,0.4137169436364301,False
sample_05923.jpg,0.3991822533207502,False
sample_05924.jpg,0.48862278619245536,False
sample_05925.jpg,0.39749513377719514,False
sample_05926.jpg,0.49005559837853224,False
sample_05927.jpg,0.41276330973449527,False
sample_05928.jpg,0.4151084286793732,False
sample_05929.jpg,0.40069617551370895,False
sample_05930.jpg,0.3893647617201184,False
sample_05931.jpg,0.3901244595407728,False
sample_05932.jpg,0.48563057445958624,False
sample_05933.jpg,0.36420331615377183,False
sample_05934.jpg,0.40315843886793257,False
sample_05935.jpg,0.3977166568516569,False
sample_05936.jpg,0.4456493591755844,False
sample_05937.jpg,0.4600219169102002,False
sample_05938.jpg,0.4356436986543628,False
sample_05939.jpg,0.3782474452946468,False
sample_05940.jpg,0.3852996484616119,False
sample_05941.jpg,0.39652423595668235,False
sample_05942.jpg,0.38356579500901233,False
sample_05943.jpg,0.3975611204607471,False
sample_05944.jpg,0.40519817816940285,False
sample_05945.jpg,0.38038764043821865,False
sample_05946.jpg,0.4587547038136472,False
sample_05947.jpg,0.438133221932822,False
sample_05948.jpg,0.3986194063995292,False
sample_05949.jpg,0.41207957558228087,False
sample_05950.jpg,0.40843574663914883,False
sample_05951.jpg,0.4487992088636075,False
sample_05952.jpg,0.46981877900137087,False
sample_05953.jpg,0.501016056378778,False
sample_05954.jpg,0.3702400384554921,False
sample_05955.jpg,0.389121221163508,False
sample_05956.jpg,0.48220626526763327,False
sample_05957.jpg,0.44878345840421296,False
sample_05958.jpg,0.39602437273323565,False
sample_05959.jpg,0.4402978662701375,False
sample_05960.jpg,0.4128839969110712,False
sample_05961.jpg,0.3875327762912527,False
sample_05962.jpg,0.4668433639528899,False
sample_05963.jpg,0.39173047901473984,False
sample_05964.jpg,0.41727173835254994,False
sample_05965.jpg,0.4672062902533977,False
sample_05966.jpg,0.4333856840779126,False
sample_05967.jpg,0.41332159014958497,False
sample_05968.jpg,0.3732440897206441,False
sample_05969.jpg,0.44204587663747075,False
sample_05970.jpg,0.42148382060600165,False
sample_05971.jpg,0.5071575199681762,False
sample_05972.jpg,0.43496946408453263,False
sample_05973.jpg,0.4240064181281422,False
sample_05974.jpg,0.4112364374732959,False
sample_05975.jpg,0.44962051087825256,False
sample_05976.jpg,0.4321288924621895,False
sample_05977.jpg,0.37252420774498857,False
sample_05978.jpg,0.37680393743281515,False
sample_05979.jpg,0.41162195913298283,False
sample_05980.jpg,0.424919746540552,False
sample_05981.jpg,0.3929229735307697,False
sample_05982.jpg,0.4105874378176698,False
sample_05983.jpg,0.3823520624280717,False
sample_05984.jpg,0.39284461575600027,False
sample_05985.jpg,0.37495684596275314,False
sample_05986.jpg,0.41700259091097136,False
sample_05987.jpg,0.428584991001219,False
sample_05988.jpg,0.37743660125621864,False
sample_05989.jpg,0.38312066179684795,False
sample_05990.jpg,0.42695446072254,False
sample_05991.jpg,0.41568697753117784,False
sample_05992.jpg,0.38222840503023414,False
sample_05993.jpg,0.4085784784652622,False
sample_05994.jpg,0.5271712525233212,True
sample_05995.jpg,0.41685182699158524,False
sample_05996.jpg,0.3749875327155711,False
sample_05997.jpg,0.4412903946305535,False
sample_05998.jpg,0.47863319158064516,False
sample_05999.jpg,0.3843154838959834,False
sample_06000.jpg,0.3701854290165183,False
sample_06001.jpg,0.4202984408352082,False
sample_06002.jpg,0.4564591073137552,False
sample_06003.jpg,0.4187251862543589,False
sample_06004.jpg,0.4406707744088049,False
sample_06005.jpg,0.3937030866794631,False
sample_06006.jpg,0.389637010684895,False
sample_06007.jpg,0.4261098152311424,False
sample_06008.jpg,0.44004239590462735,False
sample_06009.jpg,0.43355979764002445,False
sample_06010.jpg,0.3990667047911451,False
sample_06011.jpg,0.41820197730694014,False
sample_06012.jpg,0.4480974446005726,False
sample_06013.jpg,0.4645358096448825,False
sample_06014.jpg,0.4133982715433416,False
sample_06015.jpg,0.3948661693772802,False
sample_06016.jpg,0.4641089510700461,False
sample_06017.jpg,0.4227391526198222,False
sample_06018.jpg,0.4843262106986844,False
sample_06019.jpg,0.403963367813242,False
sample_06020.jpg,0.5472210211421236,True
sample_06021.jpg,0.38627401295813674,False
sample_06022.jpg,0.3832707242775004,False
sample_06023.jpg,0.45548083288594765,False
sample_06024.jpg,0.4497068968182538,False
sample_06025.jpg,0.3735200432637441,False
sample_06026.jpg,0.41461295265711967,False
sample_06027.jpg,0.3995884908677557,False
sample_06028.jpg,0.37528311782479756,False
sample_06029.jpg,0.4564115456306499,False
sample_06030.jpg,0.38724048500690195,False
sample_06031.jpg,0.4810614363677347,False
sample_06032.jpg,0.43867596906914447,False
sample_06033.jpg,0.4332412577962376,False
sample_06034.jpg,0.49408626056630234,False
sample_06035.jpg,0.4571012792834189,False
sample_06036.jpg,0.4221121382130334,False
sample_06037.jpg,0.3763671306020354,False
sample_06038.jpg,0.38152457920551547,False
sample_06039.jpg,0.4200665999988373,False
sample_06040.jpg,0.38937210545490003,False
sample_06041.jpg,0.4622363527264324,False
sample_06042.jpg,0.3535884022449735,False
sample_06043.jpg,0.392751205204275,False
sample_06044.jpg,0.3967352559373623,False
sample_06045.jpg,0.41337618454929564,False
sample_06046.jpg,0.38425697381763657,False
sample_06047.jpg,0.4213467429040503,False
sample_06048.jpg,0.4183625272898898,False
sample_06049.jpg,0.39817493332861464,False
sample_06050.jpg,0.35914542524797105,False
sample_06051.jpg,0.39910145301262895,False
sample_06052.jpg,0.4630067360070549,False
sample_06053.jpg,0.41636562345848777,False
sample_06054.jpg,0.42382002138697544,False
sample_06055.jpg,0.4841273794412875,False
sample_06056.jpg,0.4443520494773233,False
sample_06057.jpg,0.4267164554769687,False
sample_06058.jpg,0.3880834278840436,False
sample_06059.jpg,0.4540934468100502,False
sample_06060.jpg,0.422181572003866,False
sample_06061.jpg,0.39945007715348585,False
sample_06062.jpg,0.4108256332306068,False
sample_06063.jpg,0.43317330591638303,False
sample_06064.jpg,0.4415657815161006,False
sample_06065.jpg,0.4570423914439146,False
sample_06066.jpg,0.40767460560319985,False
sample_06067.jpg,0.36202587583992135,False
sample_06068.jpg,0.4543793456561618,False
sample_06069.jpg,0.4538705269714673,False
sample_06070.jpg,0.4160803144678153,False
sample_06071.jpg,0.4290834589580188,False
sample_06072.jpg,0.5034293256206127,False
sample_06073.jpg,0.44104630991617066,False
sample_06074.jpg,0.36851567589896833,False
sample_06075.jpg,0.36320115883462323,False
sample_06076.jpg,0.43968222100038157,False
sample_06077.jpg,0.4485926151174085,False
sample_06078.jpg,0.43574751224490005,False
sample_06079.jpg,0.4569418989502473,False
sample_06080.jpg,0.4368545111202953,False
sample_06081.jpg,0.43066802098059964,False
sample_06082.jpg,0.4260405733031174,False
sample_06083.jpg,0.4009081870465173,False
sample_06084.jpg,0.45879065522018575,False
sample_06085.jpg,0.403378824344731,False
sample_06086.jpg,0.4107576418011323,False
sample_06087.jpg,0.4264071809810536,False
sample_06088.jpg,0.4152284436352638,False
sample_06089.jpg,0.444732099411173,False
sample_06090.jpg,0.48507167970410403,False
sample_06091.jpg,0.38563304765274575,False
sample_06092.jpg,0.41976419473963933,False
sample_06093.jpg,0.4459035036648281,False
sample_06094.jpg,0.39053204922890894,False
sample_06095.jpg,0.3994912775253084,False
sample_06096.jpg,0.3811139263140586,False
sample_06097.jpg,0.43976744041520505,False
sample_06098.jpg,0.37958987973088265,False
sample_06099.jpg,0.4419715119101692,False
sample_06100.jpg,0.49159706301017264,False
sample_06101.jpg,0.36323586292861576,False
sample_06102.jpg,0.40418507860408376,False
sample_06103.jpg,0.4340207741466305,False
sample_06104.jpg,0.4018277263254377,False
sample_06105.jpg,0.49572707444636843,False
sample_06106.jpg,0.42739061046567495,False
sample_06107.jpg,0.47522064791791596,False
sample_06108.jpg,0.4009486526316485,False
sample_06109.jpg,0.4092217891671697,False
sample_06110.jpg,0.45053236133216384,False
sample_06111.jpg,0.4005825992592481,False
sample_06112.jpg,0.40208131557152843,False
sample_06113.jpg,0.49182544342284207,False
sample_06114.jpg,0.40524723503471055,False
sample_06115.jpg,0.37139974739296205,False
sample_06116.jpg,0.43187519836835014,False
sample_06117.jpg,0.4477595563149681,False
sample_06118.jpg,0.41442726495882287,False
sample_06119.jpg,0.42473077861992986,False
sample_06120.jpg,0.39376062231534453,False
sample_06121.jpg,0.4213291362213399,False
sample_06122.jpg,0.4289479273920975,False
sample_06123.jpg,0.41225131552426814,False
sample_06124.jpg,0.4029353252557445,False
sample_06125.jpg,0.49224255074751816,False
sample_06126.jpg,0.43522532117184715,False
sample_06127.jpg,0.4144670210012902,False
sample_06128.jpg,0.39135416205163087,False
sample_06129.jpg,0.4239393114848124,False
sample_06130.jpg,0.4089549903004718,False
sample_06131.jpg,0.4250805701547807,False
sample_06132.jpg,0.4105538108127177,False
sample_06133.jpg,0.4761597015637994,False
sample_06134.jpg,0.3734219479179305,False
sample_06135.jpg,0.3881211814936095,False
sample_06136.jpg,0.3902900661404522,False
sample_06137.jpg,0.3607806925409139,False
sample_06138.jpg,0.37200914520703227,False
sample_06139.jpg,0.3892361381840692,False
sample_06140.jpg,0.3737894310735365,False
sample_06141.jpg,0.4161509650174158,False
sample_06142.jpg,0.39445727224502525,False
sample_06143.jpg,0.446705154135969,False
sample_06144.jpg,0.41607664711506664,False
sample_06145.jpg,0.3859538268823992,False
sample_06146.jpg,0.3866714052621461,False
sample_06147.jpg,0.41363228383237083,False
sample_06148.jpg,0.403720391833416,False
sample_06149.jpg,0.39049797471106995,False
sample_06150.jpg,0.36549261622485324,False
sample_06151.jpg,0.3980909803301968,False
sample_06152.jpg,0.47586571724793286,False
sample_06153.jpg,0.3999954651488329,False
sample_06154.jpg,0.40711302700735985,False
sample_06155.jpg,0.38973054470676743,False
sample_06156.jpg,0.4373732832237676,False
sample_06157.jpg,0.4502433196451255,False
sample_06158.jpg,0.4429445379088028,False
sample_06159.jpg,0.39285887130953595,False
sample_06160.jpg,0.4364117085678745,False
sample_06161.jpg,0.39008128698760874,False
sample_06162.jpg,0.389663061985948,False
sample_06163.jpg,0.4317180541144685,False
sample_06164.jpg,0.4175712254239414,False
sample_06165.jpg,0.4591095207145586,False
sample_06166.jpg,0.38664295285209255,False
sample_06167.jpg,0.43217025437412254,False
sample_06168.jpg,0.3751593745289477,False
sample_06169.jpg,0.39748255347953665,False
sample_06170.jpg,0.44615966620593306,False
sample_06171.jpg,0.4001112683290627,False
sample_06172.jpg,0.4052047133885867,False
sample_06173.jpg,0.3622960729320603,False
sample_06174.jpg,0.3756538270286085,False
sample_06175.jpg,0.43488141138534125,False
sample_06176.jpg,0.45165034479722094,False
sample_06177.jpg,0.41637883579993273,False
sample_06178.jpg,0.433607065726506,False
sample_06179.jpg,0.44414764228180525,False
sample_06180.jpg,0.3744683262335804,False
sample_06181.jpg,0.46865866450546134,False
sample_06182.jpg,0.42489291294288695,False
sample_06183.jpg,0.3888476027104847,False
sample_06184.jpg,0.424359996307767,False
sample_06185.jpg,0.40714376210236775,False
sample_06186.jpg,0.3861861706745021,False
sample_06187.jpg,0.38649863146461927,False
sample_06188.jpg,0.3849196383928758,False
sample_06189.jpg,0.3907514362003735,False
sample_06190.jpg,0.3996388890945508,False
sample_06191.jpg,0.3890703183433133,False
sample_06192.jpg,0.3581832792519689,False
sample_06193.jpg,0.48306534896497283,False
sample_06194.jpg,0.4036028323123089,False
sample_06195.jpg,0.35920721265801864,False
sample_06196.jpg,0.47633132849662996,False
sample_06197.jpg,0.4077837623499406,False
sample_06198.jpg,0.4335144178386224,False
sample_06199.jpg,0.42533331070222763,False
sample_06200.jpg,0.476149531203762,False
sample_06201.jpg,0.37572054806821564,False
sample_06202.jpg,0.40082018363764754,False
sample_06203.jpg,0.4183044416131493,False
sample_06204.jpg,0.4359679321520495,False
sample_06205.jpg,0.4259990338590126,False
sample_06206.jpg,0.4733158424500284,False
sample_06207.jpg,0.45615389307390913,False
sample_06208.jpg,0.4461392343748485,False
sample_06209.jpg,0.41803123226805156,False
sample_06210.jpg,0.4302068607315977,False
sample_06211.jpg,0.3695527017624576,False
sample_06212.jpg,0.4464262343913128,False
sample_06213.jpg,0.42398599690775957,False
sample_06214.jpg,0.46339370927848433,False
sample_06215.jpg,0.3953193001843603,False
sample_06216.jpg,0.3958451118582061,False
sample_06217.jpg,0.41572476355880456,False
sample_06218.jpg,0.3879044497937262,False
sample_06219.jpg,0.3903046083887784,False
sample_06220.jpg,0.4615102020540223,False
sample_06221.jpg,0.4064650214005386,False
sample_06222.jpg,0.3991608711787238,False
sample_06223.jpg,0.3641517604993711,False
sample_06224.jpg,0.4319688558392478,False
sample_06225.jpg,0.42205354506109577,False
sample_06226.jpg,0.4180552470953288,False
sample_06227.jpg,0.3890437141304038,False
sample_06228.jpg,0.3867638636408214,False
sample_06229.jpg,0.44817809639549405,False
sample_06230.jpg,0.4588942973796111,False
sample_06231.jpg,0.4086376177598428,False
sample_06232.jpg,0.3822846568635921,False
sample_06233.jpg,0.36111862959976465,False
sample_06234.jpg,0.4460691510960549,False
sample_06235.jpg,0.39028144746368293,False
sample_06236.jpg,0.41724535915998573,False
sample_06237.jpg,0.4390774892444956,False
sample_06238.jpg,0.4096495829359205,False
sample_06239.jpg,0.3819547583935815,False
sample_06240.jpg,0.3582838980137322,False
sample_06241.jpg,0.38365187820421687,False
sample_06242.jpg,0.393579353500325,False
sample_06243.jpg,0.3753315541562356,False
sample_06244.jpg,0.4481611683663849,False
sample_06245.jpg,0.4108086953583491,False
sample_06246.jpg,0.37811893240496186,False
sample_06247.jpg,0.4913133869417771,False
sample_06248.jpg,0.44582244812219246,False
sample_06249.jpg,0.4248041335335197,False
sample_06250.jpg,0.39734572093041254,False
sample_06251.jpg,0.4708652686669875,False
sample_06252.jpg,0.4486537349310641,False
sample_06253.jpg,0.3944553981976006,False
sample_06254.jpg,0.4286812270901371,False
sample_06255.jpg,0.43961535468033985,False
sample_06256.jpg,0.5288744470214092,True
sample_06257.jpg,0.4287673786944093,False
sample_06258.jpg,0.4056495000166482,False
sample_06259.jpg,0.3806950930039358,False
sample_06260.jpg,0.43399111091904957,False
sample_06261.jpg,0.47408639748217907,False
sample_06262.jpg,0.39375947785222765,False
sample_06263.jpg,0.3886748126225195,False
sample_06264.jpg,0.42889866885212147,False
sample_06265.jpg,0.41424840746599517,False
sample_06266.jpg,0.4179099264381606,False
sample_06267.jpg,0.4664457949929362,False
sample_06268.jpg,0.46110791953432717,False
sample_06269.jpg,0.4061003221696484,False
sample_06270.jpg,0.3999681799990177,False
sample_06271.jpg,0.3910419288575701,False
sample_06272.jpg,0.4449710616950861,False
sample_06273.jpg,0.4337349232068959,False
sample_06274.jpg,0.40329967818452694,False
sample_06275.jpg,0.4394647875300946,False
sample_06276.jpg,0.43324559323054,False
sample_06277.jpg,0.4393289351988982,False
sample_06278.jpg,0.394538381222492,False
sample_06279.jpg,0.3980704906859523,False
sample_06280.jpg,0.48203378901515653,False
sample_06281.jpg,0.4694868436344499,False
sample_06282.jpg,0.4556627892720292,False
sample_06283.jpg,0.3997254495413986,False
sample_06284.jpg,0.4741817505637115,False
sample_06285.jpg,0.44026274036102125,False
sample_06286.jpg,0.39559568405719864,False
sample_06287.jpg,0.4481071075551829,False
sample_06288.jpg,0.4651476405822404,False
sample_06289.jpg,0.38678725878031645,False
sample_06290.jpg,0.4057732238736115,False
sample_06291.jpg,0.41782549979184386,False
sample_06292.jpg,0.4380107433954459,False
sample_06293.jpg,0.4584976913004722,False
sample_06294.jpg,0.4974940025982955,False
sample_06295.jpg,0.4403860607223453,False
sample_06296.jpg,0.4424184402648833,False
sample_06297.jpg,0.4466157365145538,False
sample_06298.jpg,0.4692013689845316,False
sample_06299.jpg,0.4679441754574911,False
sample_06300.jpg,0.44159869528566625,False
sample_06301.jpg,0.43975606377417564,False
sample_06302.jpg,0.364019693913935,False
sample_06303.jpg,0.3628598953293191,False
sample_06304.jpg,0.49695893175904754,False
sample_06305.jpg,0.3695642565230089,False
sample_06306.jpg,0.3815588406930968,False
sample_06307.jpg,0.435043316240812,False
sample_06308.jpg,0.4626839492023299,False
sample_06309.jpg,0.3857234869613709,False
sample_06310.jpg,0.40671183159220353,False
sample_06311.jpg,0.40473708297155186,False
sample_06312.jpg,0.42788392278839615,False
sample_06313.jpg,0.42264708146270585,False
sample_06314.jpg,0.41316977396495036,False
sample_06315.jpg,0.44073359198012513,False
sample_06316.jpg,0.4046890867720825,False
sample_06317.jpg,0.35587711717221493,False
sample_06318.jpg,0.4073062208177317,False
sample_06319.jpg,0.3679760154130765,False
sample_06320.jpg,0.4914242896547532,False
sample_06321.jpg,0.40607224753485605,False
sample_06322.jpg,0.43887786577299265,False
sample_06323.jpg,0.43749090700099547,False
sample_06324.jpg,0.41187965150870454,False
sample_06325.jpg,0.4210754224321784,False
sample_06326.jpg,0.3941579305270214,False
sample_06327.jpg,0.3894236157824731,False
sample_06328.jpg,0.4080464585886219,False
sample_06329.jpg,0.40387826747164174,False
sample_06330.jpg,0.480379151752348,False
sample_06331.jpg,0.42484618078643394,False
sample_06332.jpg,0.4958131222734641,False
sample_06333.jpg,0.4410811252530111,False
sample_06334.jpg,0.3802228869822745,False
sample_06335.jpg,0.44640153266627286,False
sample_06336.jpg,0.46299424879976464,False
sample_06337.jpg,0.4114205451319031,False
sample_06338.jpg,0.3715679306433123,False
sample_06339.jpg,0.4505431468741919,False
sample_06340.jpg,0.39965796343666454,False
sample_06341.jpg,0.4369899933327632,False
sample_06342.jpg,0.3923829498870167,False
sample_06343.jpg,0.45033436928139486,False
sample_06344.jpg,0.37932559207268723,False
sample_06345.jpg,0.40315494841283656,False
sample_06346.jpg,0.3706050381233212,False
sample_06347.jpg,0.3872178169871779,False
sample_06348.jpg,0.3924248052473505,False
sample_06349.jpg,0.46610277531729993,False
sample_06350.jpg,0.37502952189420646,False
sample_06351.jpg,0.45087560625939227,False
sample_06352.jpg,0.4514996339060886,False
sample_06353.jpg,0.4355416381968807,False
sample_06354.jpg,0.37128314546577,False
sample_06355.jpg,0.46284937789762237,False
sample_06356.jpg,0.37853167918945335,False
sample_06357.jpg,0.44173657800636434,False
sample_06358.jpg,0.4105450581719308,False
sample_06359.jpg,0.39411391153360226,False
sample_06360.jpg,0.43748875290235784,False
sample_06361.jpg,0.38793350969568974,False
sample_06362.jpg,0.3875638076483007,False
sample_06363.jpg,0.4052456745480884,False
sample_06364.jpg,0.4111381956637741,False
sample_06365.jpg,0.36727793560185473,False
sample_06366.jpg,0.36857029385831586,False
sample_06367.jpg,0.4294710326270943,False
sample_06368.jpg,0.4596116295446534,False
sample_06369.jpg,0.39420194971489125,False
sample_06370.jpg,0.4322981769658586,False
sample_06371.jpg,0.37255159228319834,False
sample_06372.jpg,0.40209058955240956,False
sample_06373.jpg,0.47915731874975165,False
sample_06374.jpg,0.4137968083069763,False
sample_06375.jpg,0.3961588887313381,False
sample_06376.jpg,0.39439874196708236,False
sample_06377.jpg,0.4581478922529652,False
sample_06378.jpg,0.41474077809823867,False
sample_06379.jpg,0.4207004765246535,False
sample_06380.jpg,0.4970937597648479,False
sample_06381.jpg,0.40009690372696316,False
sample_06382.jpg,0.3857772706744608,False
sample_06383.jpg,0.4289998626058168,False
sample_06384.jpg,0.4542771918825653,False
sample_06385.jpg,0.4548914895912591,False
sample_06386.jpg,0.38150112720029544,False
sample_06387.jpg,0.3979347957472808,False
sample_06388.jpg,0.48571293519605035,False
sample_06389.jpg,0.4149499724982313,False
sample_06390.jpg,0.43070572483263936,False
sample_06391.jpg,0.4489213335142063,False
sample_06392.jpg,0.44250405832251194,False
sample_06393.jpg,0.4465082874198113,False
sample_06394.jpg,0.43285204611565603,False
sample_06395.jpg,0.3872395514242252,False
sample_06396.jpg,0.4251632487899094,False
sample_06397.jpg,0.4890286815962903,False
sample_06398.jpg,0.45801415172389803,False
sample_06399.jpg,0.4131161787792557,False
sample_06400.jpg,0.41320218457773783,False
sample_06401.jpg,0.4384613991577788,False
sample_06402.jpg,0.3760755375233645,False
sample_06403.jpg,0.431975389173147,False
sample_06404.jpg,0.3933603201675456,False
sample_06405.jpg,0.47732519124080836,False
sample_06406.jpg,0.5015495441349118,False
sample_06407.jpg,0.4124033548015204,False
sample_06408.jpg,0.48054315559093613,False
sample_06409.jpg,0.3903907255146364,False
sample_06410.jpg,0.4878953567220075,False
sample_06411.jpg,0.452706308203724,False
sample_06412.jpg,0.40881785182578756,False
sample_06413.jpg,0.425037722345404,False
sample_06414.jpg,0.44739351657481213,False
sample_06415.jpg,0.3992662748329332,False
sample_06416.jpg,0.3805507841197461,False
sample_06417.jpg,0.43054268490539327,False
sample_06418.jpg,0.41305381372152,False
sample_06419.jpg,0.4738785886814546,False
sample_06420.jpg,0.39631177404644485,False
sample_06421.jpg,0.3579023880733892,False
sample_06422.jpg,0.3832243511702066,False
sample_06423.jpg,0.422328710083469,False
sample_06424.jpg,0.5323445035233012,True
sample_06425.jpg,0.389814514274758,False
sample_06426.jpg,0.3886805718180178,False
sample_06427.jpg,0.39464815937951914,False
sample_06428.jpg,0.5035951054336796,False
sample_06429.jpg,0.38571698386069914,False
sample_06430.jpg,0.44268139682745955,False
sample_06431.jpg,0.4203672384236775,False
sample_06432.jpg,0.48464373415392564,False
sample_06433.jpg,0.39706648622621865,False
sample_06434.jpg,0.38267806692451173,False
sample_06435.jpg,0.3968293064686441,False
sample_06436.jpg,0.4125129071437393,False
sample_06437.jpg,0.3796891017312093,False
sample_06438.jpg,0.41146211263661386,False
sample_06439.jpg,0.3956489960820525,False
sample_06440.jpg,0.41231333355122896,False
sample_06441.jpg,0.43937470390159183,False
sample_06442.jpg,0.4410431289620322,False
sample_06443.jpg,0.396567501262944,False
sample_06444.jpg,0.4413360988792486,False
sample_06445.jpg,0.3893451400056847,False
sample_06446.jpg,0.3638568721130416,False
sample_06447.jpg,0.4453591086545059,False
sample_06448.jpg,0.4552308776351532,False
sample_06449.jpg,0.370870686174197,False
sample_06450.jpg,0.3681837990755816,False
sample_06451.jpg,0.4268958563630794,False
sample_06452.jpg,0.4738329660319991,False
sample_06453.jpg,0.49745035206147237,False
sample_06454.jpg,0.40515562692715823,False
sample_06455.jpg,0.4035137444898819,False
sample_06456.jpg,0.42538325010847766,False
sample_06457.jpg,0.4394873336034019,False
sample_06458.jpg,0.41713334829288234,False
sample_06459.jpg,0.42067529954363236,False
sample_06460.jpg,0.42274474272506274,False
sample_06461.jpg,0.44015070330741657,False
sample_06462.jpg,0.5058451024786466,False
sample_06463.jpg,0.3965986256984802,False
sample_06464.jpg,0.3881630740069846,False
sample_06465.jpg,0.4185881449206701,False
sample_06466.jpg,0.4129954644601024,False
sample_06467.jpg,0.43199912468671786,False
sample_06468.jpg,0.4056383031882811,False
sample_06469.jpg,0.415185188825617,False
sample_06470.jpg,0.4582798581967135,False
sample_06471.jpg,0.3980793207708606,False
sample_06472.jpg,0.3805379163038683,False
sample_06473.jpg,0.42565917848791934,False
sample_06474.jpg,0.45012322109143693,False
sample_06475.jpg,0.40677461929280223,False
sample_06476.jpg,0.5806036119218096,True
sample_06477.jpg,0.42258870850874386,False
sample_06478.jpg,0.40625659076752785,False
sample_06479.jpg,0.4333409881095709,False
sample_06480.jpg,0.4137179468002312,False
sample_06481.jpg,0.4681177163731696,False
sample_06482.jpg,0.44170918586609115,False
sample_06483.jpg,0.36723441579506105,False
sample_06484.jpg,0.3974933941589318,False
sample_06485.jpg,0.3881716203331093,False
sample_06486.jpg,0.42961827177348844,False
sample_06487.jpg,0.357150794415795,False
sample_06488.jpg,0.41806994448140283,False
sample_06489.jpg,0.44314731058075074,False
sample_06490.jpg,0.4717318744223953,False
sample_06491.jpg,0.3763796017978763,False
sample_06492.jpg,0.3764712999579193,False
sample_06493.jpg,0.4108932493719292,False
sample_06494.jpg,0.4021026806087285,False
sample_06495.jpg,0.45371275342571116,False
sample_06496.jpg,0.4412720297976186,False
sample_06497.jpg,0.4048607441309592,False
sample_06498.jpg,0.45676966537923447,False
sample_06499.jpg,0.42026339640635413,False
sample_06500.jpg,0.4468907532446991,False
sample_06501.jpg,0.421693891528467,False
sample_06502.jpg,0.42502810510315775,False
sample_06503.jpg,0.4415246098007901,False
sample_06504.jpg,0.40039994475691465,False
sample_06505.jpg,0.3948650886671044,False
sample_06506.jpg,0.43592689895436987,False
sample_06507.jpg,0.37537514156917656,False
sample_06508.jpg,0.4123347073525503,False
sample_06509.jpg,0.4508520885491664,False
sample_06510.jpg,0.4121313978467665,False
sample_06511.jpg,0.378325298518165,False
sample_06512.jpg,0.35661965478787944,False
sample_06513.jpg,0.42860172291778176,False
sample_06514.jpg,0.4208711387493026,False
sample_06515.jpg,0.41754015878241946,False
sample_06516.jpg,0.39337545834440407,False
sample_06517.jpg,0.4526297855338847,False
sample_06518.jpg,0.39672234405082996,False
sample_06519.jpg,0.43539303019743136,False
sample_06520.jpg,0.38460594716547936,False
sample_06521.jpg,0.363131091262228,False
sample_06522.jpg,0.37880462639612195,False
sample_06523.jpg,0.37240254357880687,False
sample_06524.jpg,0.38160654641967334,False
sample_06525.jpg,0.4251265246365089,False
sample_06526.jpg,0.45069901093770964,False
sample_06527.jpg,0.4593596618956898,False
sample_06528.jpg,0.3583089234528617,False
sample_06529.jpg,0.3783491312015016,False
sample_06530.jpg,0.44027492659460893,False
sample_06531.jpg,0.455373642436322,False
sample_06532.jpg,0.41751555190451645,False
sample_06533.jpg,0.3695915132001218,False
sample_06534.jpg,0.4308418762471112,False
sample_06535.jpg,0.4549686094406786,False
sample_06536.jpg,0.39706947563181294,False
sample_06537.jpg,0.5357400596455512,True
sample_06538.jpg,0.40328504228532785,False
sample_06539.jpg,0.36675743601580774,False
sample_06540.jpg,0.44875313795332766,False
sample_06541.jpg,0.3938591512496857,False
sample_06542.jpg,0.41110289672712363,False
sample_06543.jpg,0.42198254051292944,False
sample_06544.jpg,0.4253067591280491,False
sample_06545.jpg,0.37765504874386313,False
sample_06546.jpg,0.43398414859176115,False
sample_06547.jpg,0.4627007152080275,False
sample_06548.jpg,0.4205165880084694,False
sample_06549.jpg,0.47505865213442416,False
sample_06550.jpg,0.3758838273904364,False
sample_06551.jpg,0.3881897195359793,False
sample_06552.jpg,0.3712973056086553,False
sample_06553.jpg,0.40662772224158383,False
sample_06554.jpg,0.4330259905085066,False
sample_06555.jpg,0.4023791055588255,False
sample_06556.jpg,0.38016319396374254,False
sample_06557.jpg,0.38039913992775265,False
sample_06558.jpg,0.3773577195792829,False
sample_06559.jpg,0.372145452024747,False
sample_06560.jpg,0.4028609951336745,False
sample_06561.jpg,0.48135577833472193,False
sample_06562.jpg,0.43286353900005325,False
sample_06563.jpg,0.3940618779974413,False
sample_06564.jpg,0.4339681033113687,False
sample_06565.jpg,0.38273331920324055,False
sample_06566.jpg,0.4503138164874721,False
sample_06567.jpg,0.455672326199906,False
sample_06568.jpg,0.440698482122778,False
sample_06569.jpg,0.38873585501631047,False
sample_06570.jpg,0.39254122730721686,False
sample_06571.jpg,0.4090204335469329,False
sample_06572.jpg,0.39015720466305653,False
sample_06573.jpg,0.40449993984539095,False
sample_06574.jpg,0.46316947401186276,False
sample_06575.jpg,0.47393345849435276,False
sample_06576.jpg,0.38445229927192887,False
sample_06577.jpg,0.44961056301585783,False
sample_06578.jpg,0.44414558057370845,False
sample_06579.jpg,0.4836944492559463,False
sample_06580.jpg,0.42917255211996097,False
sample_06581.jpg,0.39276708075674527,False
sample_06582.jpg,0.4226611109375389,False
sample_06583.jpg,0.44333833325227534,False
sample_06584.jpg,0.4609715711228359,False
sample_06585.jpg,0.3761469139266454,False
sample_06586.jpg,0.42313196654346885,False
sample_06587.jpg,0.3834305800002705,False
sample_06588.jpg,0.4498234326010102,False
sample_06589.jpg,0.4082914733620855,False
sample_06590.jpg,0.4112667943161816,False
sample_06591.jpg,0.41540892502835025,False
sample_06592.jpg,0.39355857220645735,False
sample_06593.jpg,0.46636004893750826,False
sample_06594.jpg,0.3703321922386299,False
sample_06595.jpg,0.4455169165791818,False
sample_06596.jpg,0.44214183193961343,False
sample_06597.jpg,0.44598395709791,False
sample_06598.jpg,0.4066676556180715,False
sample_06599.jpg,0.4064304951113795,False
sample_06600.jpg,0.43825447306226384,False
sample_06601.jpg,0.39788465512912125,False
sample_06602.jpg,0.42274868950658456,False
sample_06603.jpg,0.421565211069313,False
sample_06604.jpg,0.42335946808366076,False
sample_06605.jpg,0.39848853259121303,False
sample_06606.jpg,0.5354854945751001,True
sample_06607.jpg,0.41266142517353543,False
sample_06608.jpg,0.39086189624169054,False
sample_06609.jpg,0.4234426865540848,False
sample_06610.jpg,0.37149864221606016,False
sample_06611.jpg,0.40302995403062436,False
sample_06612.jpg,0.4337958601853387,False
sample_06613.jpg,0.4122899302923682,False
sample_06614.jpg,0.3948550272426129,False
sample_06615.jpg,0.3758929607254042,False
sample_06616.jpg,0.43871729668344994,False
sample_06617.jpg,0.43064892759261064,False
sample_06618.jpg,0.42210129601326657,False
sample_06619.jpg,0.39402622089968253,False
sample_06620.jpg,0.471496524766255,False
sample_06621.jpg,0.37555948039848863,False
sample_06622.jpg,0.39391702882625534,False
sample_06623.jpg,0.4280920608587769,False
sample_06624.jpg,0.43023835248294096,False
sample_06625.jpg,0.4006014552156262,False
sample_06626.jpg,0.4563390489128785,False
sample_06627.jpg,0.39376882553354875,False
sample_06628.jpg,0.4297602864639688,False
sample_06629.jpg,0.4085739044452653,False
sample_06630.jpg,0.4184370335721745,False
sample_06631.jpg,0.43300612508892095,False
sample_06632.jpg,0.43888751798160264,False
sample_06633.jpg,0.3763810769754214,False
sample_06634.jpg,0.4181621401658526,False
sample_06635.jpg,0.3942328524277196,False
sample_06636.jpg,0.4298610236528967,False
sample_06637.jpg,0.41506529612316123,False
sample_06638.jpg,0.37121169803500376,False
sample_06639.jpg,0.4154018881781804,False
sample_06640.jpg,0.3716785179537117,False
sample_06641.jpg,0.3770712771559022,False
sample_06642.jpg,0.3692416081487261,False
sample_06643.jpg,0.3942202501590963,False
sample_06644.jpg,0.46424243767096823,False
sample_06645.jpg,0.42385913725777113,False
sample_06646.jpg,0.43661781986827086,False
sample_06647.jpg,0.4175576090437116,False
sample_06648.jpg,0.4330516471708057,False
sample_06649.jpg,0.3939693255398245,False
sample_06650.jpg,0.381773717371033,False
sample_06651.jpg,0.48263262085534625,False
sample_06652.jpg,0.4130929380704326,False
sample_06653.jpg,0.41586877003316913,False
sample_06654.jpg,0.4907366145579395,False
sample_06655.jpg,0.4656003745331807,False
sample_06656.jpg,0.41109407526714853,False
sample_06657.jpg,0.47752285348182,False
sample_06658.jpg,0.40308490370697014,False
sample_06659.jpg,0.4392842448153601,False
sample_06660.jpg,0.42500143271114676,False
sample_06661.jpg,0.4396495263958871,False
sample_06662.jpg,0.42185941263777926,False
sample_06663.jpg,0.39244884030783234,False
sample_06664.jpg,0.38388556144548214,False
sample_06665.jpg,0.4085994699513207,False
sample_06666.jpg,0.3618393229541017,False
sample_06667.jpg,0.42387656001631574,False
sample_06668.jpg,0.4251508230481675,False
sample_06669.jpg,0.3995178401469422,False
sample_06670.jpg,0.4195680761512407,False
sample_06671.jpg,0.4044413172427109,False
sample_06672.jpg,0.3755115561393814,False
sample_06673.jpg,0.4340448668145723,False
sample_06674.jpg,0.4220835059861456,False
sample_06675.jpg,0.49764783791704625,False
sample_06676.jpg,0.44412973792979593,False
sample_06677.jpg,0.39809377669469587,False
sample_06678.jpg,0.44393244055385966,False
sample_06679.jpg,0.4639152058012538,False
sample_06680.jpg,0.4138012661772377,False
sample_06681.jpg,0.4629869647938566,False
sample_06682.jpg,0.43391667167387293,False
sample_06683.jpg,0.3823206062699255,False
sample_06684.jpg,0.36695440764665055,False
sample_06685.jpg,0.41200221554327143,False
sample_06686.jpg,0.4241117361368877,False
sample_06687.jpg,0.37452368857433294,False
sample_06688.jpg,0.38073900143671435,False
sample_06689.jpg,0.4223852143401306,False
sample_06690.jpg,0.3920820402196614,False
sample_06691.jpg,0.3989193345763228,False
sample_06692.jpg,0.43768843246693373,False
sample_06693.jpg,0.37752023594114664,False
sample_06694.jpg,0.3872543113180111,False
sample_06695.jpg,0.38542598577600595,False
sample_06696.jpg,0.38068497628970743,False
sample_06697.jpg,0.41728043643694585,False
sample_06698.jpg,0.41270890495882995,False
sample_06699.jpg,0.3968571153100595,False
sample_06700.jpg,0.4151842516139659,False
sample_06701.jpg,0.3831548164029503,False
sample_06702.jpg,0.46335096574682444,False
sample_06703.jpg,0.43725230087480205,False
sample_06704.jpg,0.43143373692168746,False
sample_06705.jpg,0.43105406518300265,False
sample_06706.jpg,0.38251382400937023,False
sample_06707.jpg,0.3958019901689101,False
sample_06708.jpg,0.39447479129782287,False
sample_06709.jpg,0.41467606911267524,False
sample_06710.jpg,0.4884013273097046,False
sample_06711.jpg,0.3895979521939722,False
sample_06712.jpg,0.45417708904363874,False
sample_06713.jpg,0.4425776369778354,False
sample_06714.jpg,0.46769701665577756,False
sample_06715.jpg,0.5105837489586713,False
sample_06716.jpg,0.41983668510219435,False
sample_06717.jpg,0.3797271641472193,False
sample_06718.jpg,0.4449853969299501,False
sample_06719.jpg,0.4333003282878665,False
sample_06720.jpg,0.4141980185915044,False
sample_06721.jpg,0.3739299656682991,False
sample_06722.jpg,0.4963683217892326,False
sample_06723.jpg,0.3899869275142757,False
sample_06724.jpg,0.3664763388443962,False
sample_06725.jpg,0.3882616413379418,False
sample_06726.jpg,0.45457024393396656,False
sample_06727.jpg,0.4028167516607097,False
sample_06728.jpg,0.47005774263343814,False
sample_06729.jpg,0.4451287892547519,False
sample_06730.jpg,0.4413434133070051,False
sample_06731.jpg,0.3827905532401133,False
sample_06732.jpg,0.44719845405933345,False
sample_06733.jpg,0.3872199092129747,False
sample_06734.jpg,0.5000156115770318,False
sample_06735.jpg,0.4503923338064931,False
sample_06736.jpg,0.39861589274807807,False
sample_06737.jpg,0.40389562223722014,False
sample_06738.jpg,0.45449848315351155,False
sample_06739.jpg,0.42606413396646126,False
sample_06740.jpg,0.44253263302984663,False
sample_06741.jpg,0.4015035711897228,False
sample_06742.jpg,0.40319447739424064,False
sample_06743.jpg,0.39893583941640387,False
sample_06744.jpg,0.3648727282589485,False
sample_06745.jpg,0.45754528891812424,False
sample_06746.jpg,0.4028012181925466,False
sample_06747.jpg,0.3831138991568795,False
sample_06748.jpg,0.3855522271545448,False
sample_06749.jpg,0.426988045533991,False
sample_06750.jpg,0.4673013421320919,False
sample_06751.jpg,0.4348768769422571,False
sample_06752.jpg,0.4015077012188771,False
sample_06753.jpg,0.38268917896246946,False
sample_06754.jpg,0.4815461535331096,False
sample_06755.jpg,0.4509100293343576,False
sample_06756.jpg,0.3673558343781691,False
sample_06757.jpg,0.4842163302818921,False
sample_06758.jpg,0.4193927515331496,False
sample_06759.jpg,0.3758935847837757,False
sample_06760.jpg,0.4101961929208237,False
sample_06761.jpg,0.430068452539023,False
sample_06762.jpg,0.4048790546100411,False
sample_06763.jpg,0.41682525867936593,False
sample_06764.jpg,0.3932522840804792,False
sample_06765.jpg,0.4619651463211323,False
sample_06766.jpg,0.38416037997121166,False
sample_06767.jpg,0.385329540901912,False
sample_06768.jpg,0.41940093811013207,False
sample_06769.jpg,0.4068598922820981,False
sample_06770.jpg,0.42681513744239097,False
sample_06771.jpg,0.42086245411149126,False
sample_06772.jpg,0.45445370675097585,False
sample_06773.jpg,0.396395607433069,False
sample_06774.jpg,0.37721459968742993,False
sample_06775.jpg,0.4654744521287578,False
sample_06776.jpg,0.4352902213161087,False
sample_06777.jpg,0.4262916999422735,False
sample_06778.jpg,0.42579172790110864,False
sample_06779.jpg,0.41609949546064967,False
sample_06780.jpg,0.43592049827243146,False
sample_06781.jpg,0.4668394368136626,False
sample_06782.jpg,0.415640041232891,False
sample_06783.jpg,0.41607283609307655,False
sample_06784.jpg,0.4635276725935398,False
sample_06785.jpg,0.3954765212635679,False
sample_06786.jpg,0.4075384876103646,False
sample_06787.jpg,0.3813783787929307,False
sample_06788.jpg,0.4468560443229811,False
sample_06789.jpg,0.4482294733631772,False
sample_06790.jpg,0.4168364231915104,False
sample_06791.jpg,0.4324205369582624,False
sample_06792.jpg,0.41963969045044625,False
sample_06793.jpg,0.45309423538225985,False
sample_06794.jpg,0.4393701575461879,False
sample_06795.jpg,0.38374559991478235,False
sample_06796.jpg,0.400975063604242,False
sample_06797.jpg,0.4821868433971483,False
sample_06798.jpg,0.3632740574137631,False
sample_06799.jpg,0.44487797477329527,False
sample_06800.jpg,0.3882994314614915,False
sample_06801.jpg,0.39295729254914463,False
sample_06802.jpg,0.3812385302791065,False
sample_06803.jpg,0.4102213547647129,False
sample_06804.jpg,0.3934814403441993,False
sample_06805.jpg,0.4291245567980931,False
sample_06806.jpg,0.388125683389075,False
sample_06807.jpg,0.42914293907365453,False
sample_06808.jpg,0.44290084762668286,False
sample_06809.jpg,0.4147332381585506,False
sample_06810.jpg,0.3884156944231251,False
sample_06811.jpg,0.3704771846940149,False
sample_06812.jpg,0.451563508033017,False
sample_06813.jpg,0.4258512303398316,False
sample_06814.jpg,0.4013691166535025,False
sample_06815.jpg,0.47951858895515553,False
sample_06816.jpg,0.4298100804678735,False
sample_06817.jpg,0.38533588112414924,False
sample_06818.jpg,0.39111341660710575,False
sample_06819.jpg,0.3979159595878304,False
sample_06820.jpg,0.49127543241513066,False
sample_06821.jpg,0.45180902464019906,False
sample_06822.jpg,0.4695769865114474,False
sample_06823.jpg,0.37855675484570805,False
sample_06824.jpg,0.4630834275736042,False
sample_06825.jpg,0.3724807380966371,False
sample_06826.jpg,0.4385463334007986,False
sample_06827.jpg,0.4215581939550302,False
sample_06828.jpg,0.4030231247194175,False
sample_06829.jpg,0.417288032251826,False
sample_06830.jpg,0.4316090294991179,False
sample_06831.jpg,0.47807026872876174,False
sample_06832.jpg,0.43910165083376435,False
sample_06833.jpg,0.4515858593898432,False
sample_06834.jpg,0.44383157592508027,False
sample_06835.jpg,0.3892817410182087,False
sample_06836.jpg,0.4259420465029489,False
sample_06837.jpg,0.4482720073626243,False
sample_06838.jpg,0.3949675416898341,False
sample_06839.jpg,0.42161583233439526,False
sample_06840.jpg,0.39523743384653964,False
sample_06841.jpg,0.3880643896364559,False
sample_06842.jpg,0.3962493971057599,False
sample_06843.jpg,0.427953357293519,False
sample_06844.jpg,0.38480742851925903,False
sample_06845.jpg,0.3903843317519638,False
sample_06846.jpg,0.3605502791699213,False
sample_06847.jpg,0.39941955524597805,False
sample_06848.jpg,0.44729829716222497,False
sample_06849.jpg,0.4293446638717718,False
sample_06850.jpg,0.41056153101961507,False
sample_06851.jpg,0.4159779219084102,False
sample_06852.jpg,0.38269924611655604,False
sample_06853.jpg,0.3621029906535459,False
sample_06854.jpg,0.4524960248095027,False
sample_06855.jpg,0.3839701142346422,False
sample_06856.jpg,0.3911977074978678,False
sample_06857.jpg,0.4537003963204688,False
sample_06858.jpg,0.40355387061229,False
sample_06859.jpg,0.44937140673602444,False
sample_06860.jpg,0.3998794773942986,False
sample_06861.jpg,0.43873666652923843,False
sample_06862.jpg,0.42138083877868066,False
sample_06863.jpg,0.44207485410065234,False
sample_06864.jpg,0.4668505319430425,False
sample_06865.jpg,0.4538826981582638,False
sample_06866.jpg,0.41502093227202147,False
sample_06867.jpg,0.3781807207672095,False
sample_06868.jpg,0.43677066664274095,False
sample_06869.jpg,0.40279198308993747,False
sample_06870.jpg,0.4063413763639069,False
sample_06871.jpg,0.42087300390426075,False
sample_06872.jpg,0.444733040349372,False
sample_06873.jpg,0.3970890040179078,False
sample_06874.jpg,0.41777424929118695,False
sample_06875.jpg,0.3882360494038516,False
sample_06876.jpg,0.39823716747515153,False
sample_06877.jpg,0.3962404616353541,False
sample_06878.jpg,0.4298467307386889,False
sample_06879.jpg,0.4460033931262857,False
sample_06880.jpg,0.45170032182199354,False
sample_06881.jpg,0.3708439281725485,False
sample_06882.jpg,0.3985965965183548,False
sample_06883.jpg,0.4514258365855305,False
sample_06884.jpg,0.3872514941029855,False
sample_06885.jpg,0.43938351720211627,False
sample_06886.jpg,0.4506918788558618,False
sample_06887.jpg,0.4094164439825486,False
sample_06888.jpg,0.41175614798358534,False
sample_06889.jpg,0.4113377851954694,False
sample_06890.jpg,0.4298876705140197,False
sample_06891.jpg,0.4274536391902191,False
sample_06892.jpg,0.4466483054904884,False
sample_06893.jpg,0.4071480506507263,False
sample_06894.jpg,0.4318931161794371,False
sample_06895.jpg,0.4807024027865829,False
sample_06896.jpg,0.48826765861422644,False
sample_06897.jpg,0.43629245436129893,False
sample_06898.jpg,0.4065519705866452,False
sample_06899.jpg,0.40404461037374706,False
sample_06900.jpg,0.38910942407060617,False
sample_06901.jpg,0.41584577381324556,False
sample_06902.jpg,0.36726983300051225,False
sample_06903.jpg,0.3975504230571443,False
sample_06904.jpg,0.44246474656316764,False
sample_06905.jpg,0.4750530812619637,False
sample_06906.jpg,0.4332692742654544,False
sample_06907.jpg,0.38971880304711404,False
sample_06908.jpg,0.3970183278202368,False
sample_06909.jpg,0.4178189827561381,False
sample_06910.jpg,0.384244627407733,False
sample_06911.jpg,0.4181228618343486,False
sample_06912.jpg,0.41875309338355177,False
sample_06913.jpg,0.3772338999483577,False
sample_06914.jpg,0.4802417541131695,False
sample_06915.jpg,0.4716888745298866,False
sample_06916.jpg,0.45418611347707954,False
sample_06917.jpg,0.5162813189817068,False
sample_06918.jpg,0.49377616746238323,False
sample_06919.jpg,0.4079470554861101,False
sample_06920.jpg,0.41630424319849363,False
sample_06921.jpg,0.41894713197062405,False
sample_06922.jpg,0.3688411201180037,False
sample_06923.jpg,0.392650253091424,False
sample_06924.jpg,0.38200641428549664,False
sample_06925.jpg,0.3861952312922447,False
sample_06926.jpg,0.44785197186722775,False
sample_06927.jpg,0.3923880488271407,False
sample_06928.jpg,0.40034548023077093,False
sample_06929.jpg,0.37668516051144213,False
sample_06930.jpg,0.37323669628851314,False
sample_06931.jpg,0.43919422967218485,False
sample_06932.jpg,0.42628281872927,False
sample_06933.jpg,0.45876974464376985,False
sample_06934.jpg,0.3874229916233858,False
sample_06935.jpg,0.3855113228788214,False
sample_06936.jpg,0.3755880337883788,False
sample_06937.jpg,0.3848914229868578,False
sample_06938.jpg,0.4027674799696427,False
sample_06939.jpg,0.41568146812084533,False
sample_06940.jpg,0.3877288479825143,False
sample_06941.jpg,0.4182789848687639,False
sample_06942.jpg,0.4422415143550021,False
sample_06943.jpg,0.44448548454853215,False
sample_06944.jpg,0.5296193756000559,True
sample_06945.jpg,0.4164764242597819,False
sample_06946.jpg,0.4561801737052093,False
sample_06947.jpg,0.4286459828132702,False
sample_06948.jpg,0.38174955088726553,False
sample_06949.jpg,0.4528612102230767,False
sample_06950.jpg,0.3966747434270261,False
sample_06951.jpg,0.44016612846985864,False
sample_06952.jpg,0.3997593426118475,False
sample_06953.jpg,0.3963954396159446,False
sample_06954.jpg,0.392340975666146,False
sample_06955.jpg,0.3808998170954823,False
sample_06956.jpg,0.4255563844353235,False
sample_06957.jpg,0.4193121745852357,False
sample_06958.jpg,0.49662606397711234,False
sample_06959.jpg,0.35309219899994354,False
sample_06960.jpg,0.45756562367704634,False
sample_06961.jpg,0.3788661243849007,False
sample_06962.jpg,0.3662448246870894,False
sample_06963.jpg,0.5194816034009215,False
sample_06964.jpg,0.49591285512299255,False
sample_06965.jpg,0.4511313284566606,False
sample_06966.jpg,0.3874709445118466,False
sample_06967.jpg,0.47710364993884075,False
sample_06968.jpg,0.3983823557285536,False
sample_06969.jpg,0.44620532644425337,False
sample_06970.jpg,0.45569817772986754,False
sample_06971.jpg,0.40153070468134444,False
sample_06972.jpg,0.4165381643300062,False
sample_06973.jpg,0.41138276648631583,False
sample_06974.jpg,0.38927922747462423,False
sample_06975.jpg,0.4573423621628608,False
sample_06976.jpg,0.4178230148941697,False
sample_06977.jpg,0.39513202799202085,False
sample_06978.jpg,0.4127015291425853,False
sample_06979.jpg,0.3971257482130807,False
sample_06980.jpg,0.4479742589550247,False
sample_06981.jpg,0.3874125911957643,False
sample_06982.jpg,0.3971728503408333,False
sample_06983.jpg,0.4523169925042944,False
sample_06984.jpg,0.420016319725791,False
sample_06985.jpg,0.45607118551892895,False
sample_06986.jpg,0.4361616590083407,False
sample_06987.jpg,0.3613935123382152,False
sample_06988.jpg,0.3907023877527986,False
sample_06989.jpg,0.44415352058685553,False
sample_06990.jpg,0.37655144193859674,False
sample_06991.jpg,0.42082599251207603,False
sample_06992.jpg,0.42178877556461297,False
sample_06993.jpg,0.35865254456993256,False
sample_06994.jpg,0.4222022012864216,False
sample_06995.jpg,0.40750125548483973,False
sample_06996.jpg,0.39465891592697183,False
sample_06997.jpg,0.4133087784655226,False
sample_06998.jpg,0.4457095136431526,False
sample_06999.jpg,0.36373746412676883,False
sample_07000.jpg,0.47220542137819366,False
sample_07001.jpg,0.4356496785450977,False
sample_07002.jpg,0.47416300322815946,False
sample_07003.jpg,0.45800923656242754,False
sample_07004.jpg,0.41465401541656494,False
sample_07005.jpg,0.4225159566542666,False
sample_07006.jpg,0.4486013366167935,False
sample_07007.jpg,0.3861079170326376,False
sample_07008.jpg,0.45827021586528255,False
sample_07009.jpg,0.4019764579596354,False
sample_07010.jpg,0.42832421969904805,False
sample_07011.jpg,0.41196032081406064,False
sample_07012.jpg,0.40984677208447845,False
sample_07013.jpg,0.44442220399897503,False
sample_07014.jpg,0.43881293218737416,False
sample_07015.jpg,0.4102824536432754,False
sample_07016.jpg,0.485735657761218,False
sample_07017.jpg,0.4230909684222343,False
sample_07018.jpg,0.4000535984761498,False
sample_07019.jpg,0.42489424334199505,False
sample_07020.jpg,0.45775228096322224,False
sample_07021.jpg,0.4429499643037519,False
sample_07022.jpg,0.3980781740209716,False
sample_07023.jpg,0.38999788458951107,False
sample_07024.jpg,0.36851215028124923,False
sample_07025.jpg,0.4015866579904697,False
sample_07026.jpg,0.39294239964781047,False
sample_07027.jpg,0.4498508227574118,False
sample_07028.jpg,0.4452318090077931,False
sample_07029.jpg,0.41217859379904287,False
sample_07030.jpg,0.38189555995715674,False
sample_07031.jpg,0.3960408369459894,False
sample_07032.jpg,0.4078141715348774,False
sample_07033.jpg,0.3706170649306223,False
sample_07034.jpg,0.46233066679019497,False
sample_07035.jpg,0.4179907278555391,False
sample_07036.jpg,0.37239466845747987,False
sample_07037.jpg,0.37990164229212303,False
sample_07038.jpg,0.41404662580093626,False
sample_07039.jpg,0.397768991151792,False
sample_07040.jpg,0.39243063779803633,False
sample_07041.jpg,0.44328148362189024,False
sample_07042.jpg,0.4374202688289766,False
sample_07043.jpg,0.43816991973600344,False
sample_07044.jpg,0.43651019932072943,False
sample_07045.jpg,0.358722631066109,False
sample_07046.jpg,0.43263524607207804,False
sample_07047.jpg,0.43708624163453597,False
sample_07048.jpg,0.40817185490189944,False
sample_07049.jpg,0.41981644667084717,False
sample_07050.jpg,0.43219260567433837,False
sample_07051.jpg,0.443303154828941,False
sample_07052.jpg,0.43356937286249475,False
sample_07053.jpg,0.3865700189121521,False
sample_07054.jpg,0.45263695442134705,False
sample_07055.jpg,0.39523415818846613,False
sample_07056.jpg,0.4234844816400713,False
sample_07057.jpg,0.3902857855657481,False
sample_07058.jpg,0.44286787100070113,False
sample_07059.jpg,0.44266527555460644,False
sample_07060.jpg,0.4501898465269066,False
sample_07061.jpg,0.4530163608931611,False
sample_07062.jpg,0.4389962838778156,False
sample_07063.jpg,0.4241487136741349,False
sample_07064.jpg,0.3909318969531657,False
sample_07065.jpg,0.39368845661491997,False
sample_07066.jpg,0.3819562839485283,False
sample_07067.jpg,0.4707825396132848,False
sample_07068.jpg,0.43412998078658716,False
sample_07069.jpg,0.3992702549369932,False
sample_07070.jpg,0.41343880745950845,False
sample_07071.jpg,0.3982416160526485,False
sample_07072.jpg,0.42887711638282283,False
sample_07073.jpg,0.46192504166699266,False
sample_07074.jpg,0.4472842904160888,False
sample_07075.jpg,0.3675516904845811,False
sample_07076.jpg,0.36448922743759166,False
sample_07077.jpg,0.4222059911794513,False
sample_07078.jpg,0.3903499333440233,False
sample_07079.jpg,0.4444883071697122,False
sample_07080.jpg,0.4156047884431206,False
sample_07081.jpg,0.43391400421766274,False
sample_07082.jpg,0.4076769214595563,False
sample_07083.jpg,0.4250091095933079,False
sample_07084.jpg,0.45863859510875354,False
sample_07085.jpg,0.42429918823962764,False
sample_07086.jpg,0.4162406352927844,False
sample_07087.jpg,0.40086108456095737,False
sample_07088.jpg,0.4240573109427278,False
sample_07089.jpg,0.3640109489392862,False
sample_07090.jpg,0.3868503970872188,False
sample_07091.jpg,0.4634723701932722,False
sample_07092.jpg,0.46131404162192247,False
sample_07093.jpg,0.4015171004459958,False
sample_07094.jpg,0.44249701168748423,False
sample_07095.jpg,0.404625577394425,False
sample_07096.jpg,0.4153877868142117,False
sample_07097.jpg,0.3873042604258292,False
sample_07098.jpg,0.3590321282787223,False
sample_07099.jpg,0.39086232536692533,False
sample_07100.jpg,0.3646970949949748,False
sample_07101.jpg,0.42601857841376206,False
sample_07102.jpg,0.4043386297769008,False
sample_07103.jpg,0.41347739980323117,False
sample_07104.jpg,0.4017622634045496,False
sample_07105.jpg,0.3925025564382051,False
sample_07106.jpg,0.48207143911538797,False
sample_07107.jpg,0.41405626480985225,False
sample_07108.jpg,0.38338042716845905,False
sample_07109.jpg,0.43970873024917323,False
sample_07110.jpg,0.4747450800855162,False
sample_07111.jpg,0.42659345601837106,False
sample_07112.jpg,0.4218061329499741,False
sample_07113.jpg,0.41488606593583566,False
sample_07114.jpg,0.38269132349413654,False
sample_07115.jpg,0.3873310993076711,False
sample_07116.jpg,0.407786087587846,False
sample_07117.jpg,0.4136845307159821,False
sample_07118.jpg,0.3951490083411682,False
sample_07119.jpg,0.4343798262222951,False
sample_07120.jpg,0.42879254280780066,False
sample_07121.jpg,0.4208864775180839,False
sample_07122.jpg,0.39148178304256315,False
sample_07123.jpg,0.39197690873702046,False
sample_07124.jpg,0.4215430794064116,False
sample_07125.jpg,0.43548098373223637,False
sample_07126.jpg,0.41009244652459675,False
sample_07127.jpg,0.4589346450208179,False
sample_07128.jpg,0.4423489322413943,False
sample_07129.jpg,0.38775013498156086,False
sample_07130.jpg,0.40591077900651534,False
sample_07131.jpg,0.4546510473096971,False
sample_07132.jpg,0.4625975399894611,False
sample_07133.jpg,0.39916844781880295,False
sample_07134.jpg,0.39342556482384644,False
sample_07135.jpg,0.38841150748273917,False
sample_07136.jpg,0.3980559054512991,False
sample_07137.jpg,0.4646390294691106,False
sample_07138.jpg,0.41986878282496143,False
sample_07139.jpg,0.4275212849054794,False
sample_07140.jpg,0.4583147604685832,False
sample_07141.jpg,0.41465937103584066,False
sample_07142.jpg,0.3948997203346681,False
sample_07143.jpg,0.4241796660013439,False
sample_07144.jpg,0.4224136631937117,False
sample_07145.jpg,0.41522196465318745,False
sample_07146.jpg,0.39188095300855136,False
sample_07147.jpg,0.36304377363895557,False
sample_07148.jpg,0.35645805523363383,False
sample_07149.jpg,0.450051988765388,False
sample_07150.jpg,0.41471730613865004,False
sample_07151.jpg,0.4645113027627108,False
sample_07152.jpg,0.3634400909658692,False
sample_07153.jpg,0.42390535846288124,False
sample_07154.jpg,0.4436858258229331,False
sample_07155.jpg,0.43125198615620336,False
sample_07156.jpg,0.39405184701932,False
sample_07157.jpg,0.4168685134902465,False
sample_07158.jpg,0.45985353773546034,False
sample_07159.jpg,0.4710697129925105,False
sample_07160.jpg,0.3737452670357107,False
sample_07161.jpg,0.3928199394370858,False
sample_07162.jpg,0.409543592998778,False
sample_07163.jpg,0.43231437427433933,False
sample_07164.jpg,0.38532189777652376,False
sample_07165.jpg,0.40790983201886544,False
sample_07166.jpg,0.37630764865246624,False
sample_07167.jpg,0.45620489754620835,False
sample_07168.jpg,0.40705922784801907,False
sample_07169.jpg,0.42570413576510147,False
sample_07170.jpg,0.5281757223730991,True
sample_07171.jpg,0.41879317447022923,False
sample_07172.jpg,0.48778619771698495,False
sample_07173.jpg,0.3759974232078988,False
sample_07174.jpg,0.36803094191937874,False
sample_07175.jpg,0.38807556189764353,False
sample_07176.jpg,0.46082139548673073,False
sample_07177.jpg,0.44512457688823814,False
sample_07178.jpg,0.37392966521102994,False
sample_07179.jpg,0.46624529212683374,False
sample_07180.jpg,0.46582022337805923,False
sample_07181.jpg,0.4658534407598037,False
sample_07182.jpg,0.43927863153344776,False
sample_07183.jpg,0.43204392731699925,False
sample_07184.jpg,0.47997791908990295,False
sample_07185.jpg,0.44842676940681814,False
sample_07186.jpg,0.4211809084340805,False
sample_07187.jpg,0.37587489088636866,False
sample_07188.jpg,0.4348134542681225,False
sample_07189.jpg,0.42715941913398575,False
sample_07190.jpg,0.39920073524788713,False
sample_07191.jpg,0.477331491822525,False
sample_07192.jpg,0.4051642648890816,False
sample_07193.jpg,0.39583387937007225,False
sample_07194.jpg,0.44927100451445173,False
sample_07195.jpg,0.42683428791104333,False
sample_07196.jpg,0.37560533133914537,False
sample_07197.jpg,0.4632286609409491,False
sample_07198.jpg,0.4169710398546039,False
sample_07199.jpg,0.37920530560437915,False
sample_07200.jpg,0.5172734243651087,False
sample_07201.jpg,0.3922747591508217,False
sample_07202.jpg,0.37866315239588083,False
sample_07203.jpg,0.36842356409824123,False
sample_07204.jpg,0.40568382478370557,False
sample_07205.jpg,0.3957677397351526,False
sample_07206.jpg,0.40204920491487706,False
sample_07207.jpg,0.4313942800160301,False
sample_07208.jpg,0.4210109826429059,False
sample_07209.jpg,0.4240126845168465,False
sample_07210.jpg,0.3958982701832816,False
sample_07211.jpg,0.39252461045238546,False
sample_07212.jpg,0.43485411633894844,False
sample_07213.jpg,0.3777395626640008,False
sample_07214.jpg,0.405370609046667,False
sample_07215.jpg,0.37476711079254826,False
sample_07216.jpg,0.3595594268946931,False
sample_07217.jpg,0.38291354508140535,False
sample_07218.jpg,0.4054862154650006,False
sample_07219.jpg,0.3955456649873282,False
sample_07220.jpg,0.428718938780924,False
sample_07221.jpg,0.40813076911782525,False
sample_07222.jpg,0.43120861982517383,False
sample_07223.jpg,0.4114095855320434,False
sample_07224.jpg,0.4657529573244296,False
sample_07225.jpg,0.4388230616792129,False
sample_07226.jpg,0.4169811700191646,False
sample_07227.jpg,0.46374640706619474,False
sample_07228.jpg,0.41251380633927437,False
sample_07229.jpg,0.4684285655425358,False
sample_07230.jpg,0.3794311388850282,False
sample_07231.jpg,0.4316139903713533,False
sample_07232.jpg,0.3903277714843366,False
sample_07233.jpg,0.4434137887869212,False
sample_07234.jpg,0.4169652585302962,False
sample_07235.jpg,0.4250690779032241,False
sample_07236.jpg,0.3905853276314503,False
sample_07237.jpg,0.4093865155286993,False
sample_07238.jpg,0.3908086071629101,False
sample_07239.jpg,0.4341137632727929,False
sample_07240.jpg,0.4357989131621203,False
sample_07241.jpg,0.40313899697701655,False
sample_07242.jpg,0.4455598605490261,False
sample_07243.jpg,0.441224834879594,False
sample_07244.jpg,0.42591918719584043,False
sample_07245.jpg,0.44044796866295693,False
sample_07246.jpg,0.3847043293641633,False
sample_07247.jpg,0.4351316889124512,False
sample_07248.jpg,0.4212669541780993,False
sample_07249.jpg,0.4632241685320952,False
sample_07250.jpg,0.404921253966686,False
sample_07251.jpg,0.38338117930798116,False
sample_07252.jpg,0.4238921889567614,False
sample_07253.jpg,0.3962190659248995,False
sample_07254.jpg,0.43180811384141726,False
sample_07255.jpg,0.4650319092556059,False
sample_07256.jpg,0.42452755797897046,False
sample_07257.jpg,0.47471213227979353,False
sample_07258.jpg,0.45165941626839506,False
sample_07259.jpg,0.4235995699261615,False
sample_07260.jpg,0.4144292292528851,False
sample_07261.jpg,0.3955858177198633,False
sample_07262.jpg,0.39041820346487677,False
sample_07263.jpg,0.3876054951553988,False
sample_07264.jpg,0.47764990789152595,False
sample_07265.jpg,0.4128453539644578,False
sample_07266.jpg,0.44157175219123224,False
sample_07267.jpg,0.4388498234710912,False
sample_07268.jpg,0.37756382164419133,False
sample_07269.jpg,0.3848880276462403,False
sample_07270.jpg,0.4106247534061786,False
sample_07271.jpg,0.4657750170738429,False
sample_07272.jpg,0.47303650838859956,False
sample_07273.jpg,0.452090398197714,False
sample_07274.jpg,0.47095202435117167,False
sample_07275.jpg,0.4383801192983328,False
sample_07276.jpg,0.4589850744384576,False
sample_07277.jpg,0.39417697049556666,False
sample_07278.jpg,0.3622025987285299,False
sample_07279.jpg,0.3607171042836182,False
sample_07280.jpg,0.396421030648896,False
sample_07281.jpg,0.42610843014314426,False
sample_07282.jpg,0.45322589951253967,False
sample_07283.jpg,0.4083249733509511,False
sample_07284.jpg,0.42963084471240515,False
sample_07285.jpg,0.4121798397953798,False
sample_07286.jpg,0.4072898372562003,False
sample_07287.jpg,0.4478808422177298,False
sample_07288.jpg,0.4669243805060036,False
sample_07289.jpg,0.3800295832725048,False
sample_07290.jpg,0.435294288906699,False
sample_07291.jpg,0.4332647793107471,False
sample_07292.jpg,0.47512496866070714,False
sample_07293.jpg,0.40683904733479787,False
sample_07294.jpg,0.46977337720665546,False
sample_07295.jpg,0.4761708436949483,False
sample_07296.jpg,0.4009942477886047,False
sample_07297.jpg,0.3993203079018708,False
sample_07298.jpg,0.43926098565670857,False
sample_07299.jpg,0.477098339098143,False
sample_07300.jpg,0.4139410716525508,False
sample_07301.jpg,0.39364232914646047,False
sample_07302.jpg,0.4130541080611396,False
sample_07303.jpg,0.41203231531461937,False
sample_07304.jpg,0.5030813748544907,False
sample_07305.jpg,0.4475686894541353,False
sample_07306.jpg,0.4630498456583275,False
sample_07307.jpg,0.3636511318568664,False
sample_07308.jpg,0.3858956049474996,False
sample_07309.jpg,0.41071831821087584,False
sample_07310.jpg,0.40973238254151434,False
sample_07311.jpg,0.3698318558109719,False
sample_07312.jpg,0.47974849494084587,False
sample_07313.jpg,0.41024258441141803,False
sample_07314.jpg,0.37571047701464694,False
sample_07315.jpg,0.40162348975454554,False
sample_07316.jpg,0.45960429808451453,False
sample_07317.jpg,0.36536019229226074,False
sample_07318.jpg,0.392584411608483,False
sample_07319.jpg,0.4330963048212352,False
sample_07320.jpg,0.4523786431618363,False
sample_07321.jpg,0.4582889922839614,False
sample_07322.jpg,0.3878966693562539,False
sample_07323.jpg,0.42110363745873525,False
sample_07324.jpg,0.3613293465580736,False
sample_07325.jpg,0.4516920804465988,False
sample_07326.jpg,0.41370884573323846,False
sample_07327.jpg,0.4727170969496557,False
sample_07328.jpg,0.3728893648153932,False
sample_07329.jpg,0.44487145302300163,False
sample_07330.jpg,0.3700596120574943,False
sample_07331.jpg,0.39287538047638576,False
sample_07332.jpg,0.4498282391693046,False
sample_07333.jpg,0.41616122525248495,False
sample_07334.jpg,0.4218960770754108,False
sample_07335.jpg,0.4596960477883818,False
sample_07336.jpg,0.38116931019166994,False
sample_07337.jpg,0.399919958979742,False
sample_07338.jpg,0.49861916388330463,False
sample_07339.jpg,0.410556387041313,False
sample_07340.jpg,0.3638265419537475,False
sample_07341.jpg,0.5064506809676387,False
sample_07342.jpg,0.4187467747037303,False
sample_07343.jpg,0.38216157221472563,False
sample_07344.jpg,0.3897721726114031,False
sample_07345.jpg,0.510712775529681,False
sample_07346.jpg,0.3792254790893864,False
sample_07347.jpg,0.44906061326645424,False
sample_07348.jpg,0.450195793539344,False
sample_07349.jpg,0.4087505207557584,False
sample_07350.jpg,0.40972323188393456,False
sample_07351.jpg,0.427220528864677,False
sample_07352.jpg,0.38830000685965615,False
sample_07353.jpg,0.38306618161039624,False
sample_07354.jpg,0.4538510446368311,False
sample_07355.jpg,0.46858025512727375,False
sample_07356.jpg,0.46243601658787326,False
sample_07357.jpg,0.4460019933845403,False
sample_07358.jpg,0.42058471610976295,False
sample_07359.jpg,0.4169265562686411,False
sample_07360.jpg,0.42937114721681474,False
sample_07361.jpg,0.5416978910409254,True
sample_07362.jpg,0.40576201503764214,False
sample_07363.jpg,0.5107302558235879,False
sample_07364.jpg,0.38090031904168375,False
sample_07365.jpg,0.4456206005687951,False
sample_07366.jpg,0.39261871509153745,False
sample_07367.jpg,0.4030462444569874,False
sample_07368.jpg,0.5035155053841696,False
sample_07369.jpg,0.4519018516242697,False
sample_07370.jpg,0.438794934557589,False
sample_07371.jpg,0.3968141436530909,False
sample_07372.jpg,0.3817400301859617,False
sample_07373.jpg,0.43515038171446385,False
sample_07374.jpg,0.4988500216985951,False
sample_07375.jpg,0.4297944300991517,False
sample_07376.jpg,0.42805863865459437,False
sample_07377.jpg,0.37300699065271686,False
sample_07378.jpg,0.42542842424871025,False
sample_07379.jpg,0.4090244134775823,False
sample_07380.jpg,0.4509716305426425,False
sample_07381.jpg,0.4660600997829142,False
sample_07382.jpg,0.4667668603933233,False
sample_07383.jpg,0.38027352232391587,False
sample_07384.jpg,0.4138520633369927,False
sample_07385.jpg,0.4451966570931527,False
sample_07386.jpg,0.4573390230681936,False
sample_07387.jpg,0.4567385219764882,False
sample_07388.jpg,0.3977255917366356,False
sample_07389.jpg,0.41036062954962865,False
sample_07390.jpg,0.3943578714275931,False
sample_07391.jpg,0.4385093977317489,False
sample_07392.jpg,0.37395203345817796,False
sample_07393.jpg,0.3721137094528176,False
sample_07394.jpg,0.41483084278743804,False
sample_07395.jpg,0.38147786174140924,False
sample_07396.jpg,0.40976823736394896,False
sample_07397.jpg,0.4442629791821943,False
sample_07398.jpg,0.40404253037950266,False
sample_07399.jpg,0.44247014156794473,False
sample_07400.jpg,0.4510193088136332,False
sample_07401.jpg,0.4031544228513921,False
sample_07402.jpg,0.3777841841450374,False
sample_07403.jpg,0.37351856780092074,False
sample_07404.jpg,0.43142367690476524,False
sample_07405.jpg,0.41444346781621666,False
sample_07406.jpg,0.4434945775154056,False
sample_07407.jpg,0.43569542863107874,False
sample_07408.jpg,0.3834841533957975,False
sample_07409.jpg,0.3629376413233613,False
sample_07410.jpg,0.5054820650506604,False
sample_07411.jpg,0.4373655545266817,False
sample_07412.jpg,0.3747100111557816,False
sample_07413.jpg,0.4867612361793179,False
sample_07414.jpg,0.45186091314766197,False
sample_07415.jpg,0.4248098973196577,False
sample_07416.jpg,0.4052278215130656,False
sample_07417.jpg,0.41933133137253187,False
sample_07418.jpg,0.4914740375233447,False
sample_07419.jpg,0.40753054188296295,False
sample_07420.jpg,0.39119091915495363,False
sample_07421.jpg,0.4477059141418436,False
sample_07422.jpg,0.3820803824790593,False
sample_07423.jpg,0.45171908791012344,False
sample_07424.jpg,0.41733615299334126,False
sample_07425.jpg,0.4044429067720524,False
sample_07426.jpg,0.447873085031616,False
sample_07427.jpg,0.4347455125566509,False
sample_07428.jpg,0.4843620617936465,False
sample_07429.jpg,0.39556740752816943,False
sample_07430.jpg,0.409715631063414,False
sample_07431.jpg,0.4228287205332954,False
sample_07432.jpg,0.5055621463884447,False
sample_07433.jpg,0.4295214824161963,False
sample_07434.jpg,0.3881933066201644,False
sample_07435.jpg,0.49223825726579584,False
sample_07436.jpg,0.42765920691241216,False
sample_07437.jpg,0.4228863749416362,False
sample_07438.jpg,0.385496783730813,False
sample_07439.jpg,0.3938453294302451,False
sample_07440.jpg,0.4210266445536687,False
sample_07441.jpg,0.36605869707895194,False
sample_07442.jpg,0.456208458430825,False
sample_07443.jpg,0.4588298374401642,False
sample_07444.jpg,0.47954681039739816,False
sample_07445.jpg,0.4027544761361876,False
sample_07446.jpg,0.4205300338717945,False
sample_07447.jpg,0.43340625898701957,False
sample_07448.jpg,0.38263138515999284,False
sample_07449.jpg,0.45007750981059774,False
sample_07450.jpg,0.4091998791151589,False
sample_07451.jpg,0.38607102529586784,False
sample_07452.jpg,0.4052281050270488,False
sample_07453.jpg,0.4002108218732319,False
sample_07454.jpg,0.4092788166773589,False
sample_07455.jpg,0.4093282907348783,False
sample_07456.jpg,0.41922078710646377,False
sample_07457.jpg,0.41671080587681536,False
sample_07458.jpg,0.44199779270091033,False
sample_07459.jpg,0.45774210520822084,False
sample_07460.jpg,0.40881008276784314,False
sample_07461.jpg,0.4336993311560753,False
sample_07462.jpg,0.41272522685811386,False
sample_07463.jpg,0.43786469695565744,False
sample_07464.jpg,0.42778652484107643,False
sample_07465.jpg,0.4505758775773058,False
sample_07466.jpg,0.38842387946745716,False
sample_07467.jpg,0.41256704563524516,False
sample_07468.jpg,0.4871596192971307,False
sample_07469.jpg,0.42547566661812125,False
sample_07470.jpg,0.37530644301022537,False
sample_07471.jpg,0.3713594238513195,False
sample_07472.jpg,0.3833747617917279,False
sample_07473.jpg,0.3684312212858376,False
sample_07474.jpg,0.5055964191163613,False
sample_07475.jpg,0.3753222819329142,False
sample_07476.jpg,0.41270173120437353,False
sample_07477.jpg,0.44245193555255696,False
sample_07478.jpg,0.4039732017792697,False
sample_07479.jpg,0.3908366087384183,False
sample_07480.jpg,0.4306429563537504,False
sample_07481.jpg,0.4094399685666561,False
sample_07482.jpg,0.4581506739355382,False
sample_07483.jpg,0.4147157617753974,False
sample_07484.jpg,0.3986766385049457,False
sample_07485.jpg,0.47085688082288907,False
sample_07486.jpg,0.4619121786398148,False
sample_07487.jpg,0.4722033589240126,False
sample_07488.jpg,0.44027370887979306,False
sample_07489.jpg,0.4240647746128919,False
sample_07490.jpg,0.4478182941663754,False
sample_07491.jpg,0.3936220416838976,False
sample_07492.jpg,0.4090630677500839,False
sample_07493.jpg,0.4351456658983073,False
sample_07494.jpg,0.36105230602551625,False
sample_07495.jpg,0.4353294958671141,False
sample_07496.jpg,0.42435433805240264,False
sample_07497.jpg,0.4174871806403539,False
sample_07498.jpg,0.40261936163211215,False
sample_07499.jpg,0.4560953961105463,False
sample_07500.jpg,0.4912934070362102,False
sample_07501.jpg,0.3995320390348643,False
sample_07502.jpg,0.4547650385133282,False
sample_07503.jpg,0.3996871656412351,False
sample_07504.jpg,0.4831384913760894,False
sample_07505.jpg,0.38400613981287907,False
sample_07506.jpg,0.3855866079613436,False
sample_07507.jpg,0.4643303746328966,False
sample_07508.jpg,0.43950390530425787,False
sample_07509.jpg,0.36781883419028777,False
sample_07510.jpg,0.5013047193257033,False
sample_07511.jpg,0.40990487823135546,False
sample_07512.jpg,0.36583140896120586,False
sample_07513.jpg,0.4328122701117328,False
sample_07514.jpg,0.3844791127163607,False
sample_07515.jpg,0.4693173638292535,False
sample_07516.jpg,0.4098481442816177,False
sample_07517.jpg,0.408257973129823,False
sample_07518.jpg,0.44292891450124405,False
sample_07519.jpg,0.42320122705724306,False
sample_07520.jpg,0.39167154196198506,False
sample_07521.jpg,0.44144420003805507,False
sample_07522.jpg,0.418959854289694,False
sample_07523.jpg,0.44194734318665274,False
sample_07524.jpg,0.39700273729058366,False
sample_07525.jpg,0.37967742780498304,False
sample_07526.jpg,0.45866830594995184,False
sample_07527.jpg,0.4423087153203843,False
sample_07528.jpg,0.38026651802421474,False
sample_07529.jpg,0.38338568615554736,False
sample_07530.jpg,0.45360497883248885,False
sample_07531.jpg,0.4019298418695538,False
sample_07532.jpg,0.3896300329813179,False
sample_07533.jpg,0.39886268061921915,False
sample_07534.jpg,0.43906051047431294,False
sample_07535.jpg,0.4479328139364247,False
sample_07536.jpg,0.45432535543995756,False
sample_07537.jpg,0.4632648540827084,False
sample_07538.jpg,0.3820806886657326,False
sample_07539.jpg,0.39496803973555156,False
sample_07540.jpg,0.40538311008732425,False
sample_07541.jpg,0.40110757492951427,False
sample_07542.jpg,0.3845316583269136,False
sample_07543.jpg,0.39444299039598785,False
sample_07544.jpg,0.4807264866116934,False
sample_07545.jpg,0.39607533695786407,False
sample_07546.jpg,0.41757045523672964,False
sample_07547.jpg,0.3753113223108431,False
sample_07548.jpg,0.4258223424704113,False
sample_07549.jpg,0.5012643940764785,False
sample_07550.jpg,0.46529731577702743,False
sample_07551.jpg,0.38655110971480616,False
sample_07552.jpg,0.4113067222601965,False
sample_07553.jpg,0.3951902597314888,False
sample_07554.jpg,0.3999260312190941,False
sample_07555.jpg,0.43145229881997776,False
sample_07556.jpg,0.3881851311804439,False
sample_07557.jpg,0.41374305660599037,False
sample_07558.jpg,0.42605151664217955,False
sample_07559.jpg,0.40503906219982644,False
sample_07560.jpg,0.40171017726363406,False
sample_07561.jpg,0.43677322786938394,False
sample_07562.jpg,0.47292560264708144,False
sample_07563.jpg,0.38102942902704817,False
sample_07564.jpg,0.4158069913035099,False
sample_07565.jpg,0.42129231265107636,False
sample_07566.jpg,0.40412770868255615,False
sample_07567.jpg,0.3961051384665508,False
sample_07568.jpg,0.4412251619535781,False
sample_07569.jpg,0.5075653969166268,False
sample_07570.jpg,0.37900601609969176,False
sample_07571.jpg,0.38403173307515004,False
sample_07572.jpg,0.3558634113690856,False
sample_07573.jpg,0.46994043945675273,False
sample_07574.jpg,0.4825735853097246,False
sample_07575.jpg,0.378967413221062,False
sample_07576.jpg,0.4086309747498415,False
sample_07577.jpg,0.4027085246931272,False
sample_07578.jpg,0.42433738565602436,False
sample_07579.jpg,0.41569097823443746,False
sample_07580.jpg,0.4429700242950762,False
sample_07581.jpg,0.4175782701321413,False
sample_07582.jpg,0.48253568287625875,False
sample_07583.jpg,0.42627348878595456,False
sample_07584.jpg,0.43455364329390556,False
sample_07585.jpg,0.36116045184072704,False
sample_07586.jpg,0.379471607110916,False
sample_07587.jpg,0.441768662883624,False
sample_07588.jpg,0.4162903929931656,False
sample_07589.jpg,0.42071763747486784,False
sample_07590.jpg,0.3740498101061289,False
sample_07591.jpg,0.4417007493325297,False
sample_07592.jpg,0.37752416924090365,False
sample_07593.jpg,0.4514811604780033,False
sample_07594.jpg,0.4036876294556199,False
sample_07595.jpg,0.42313673978646044,False
sample_07596.jpg,0.4137135694889283,False
sample_07597.jpg,0.41985488457840336,False
sample_07598.jpg,0.38948727205615,False
sample_07599.jpg,0.40795233021938304,False
sample_07600.jpg,0.4155948881605748,False
sample_07601.jpg,0.3913227211134586,False
sample_07602.jpg,0.5196516797306534,False
sample_07603.jpg,0.4558474515165833,False
sample_07604.jpg,0.3916628216116501,False
sample_07605.jpg,0.37520847787398875,False
sample_07606.jpg,0.38103322931154754,False
sample_07607.jpg,0.48352242786646743,False
sample_07608.jpg,0.3967346821072234,False
sample_07609.jpg,0.413527914615641,False
sample_07610.jpg,0.400653603352213,False
sample_07611.jpg,0.46279485640011203,False
sample_07612.jpg,0.4624746972576588,False
sample_07613.jpg,0.3749831402378715,False
sample_07614.jpg,0.45204876411656775,False
sample_07615.jpg,0.4260071084047396,False
sample_07616.jpg,0.4102302235733069,False
sample_07617.jpg,0.4381175868426101,False
sample_07618.jpg,0.3910192497481408,False
sample_07619.jpg,0.46673544197452316,False
sample_07620.jpg,0.43238653435392094,False
sample_07621.jpg,0.46450641629124234,False
sample_07622.jpg,0.4027505728245629,False
sample_07623.jpg,0.4224723487935485,False
sample_07624.jpg,0.4229103482340712,False
sample_07625.jpg,0.436669912672905,False
sample_07626.jpg,0.3923209411901913,False
sample_07627.jpg,0.38968684886034943,False
sample_07628.jpg,0.4140899125921312,False
sample_07629.jpg,0.4355770870092792,False
sample_07630.jpg,0.40506952275310415,False
sample_07631.jpg,0.3914160596082165,False
sample_07632.jpg,0.3742548565541963,False
sample_07633.jpg,0.4988185159506109,False
sample_07634.jpg,0.3965702555050311,False
sample_07635.jpg,0.45990743924148625,False
sample_07636.jpg,0.41296939709106956,False
sample_07637.jpg,0.40664896548895413,False
sample_07638.jpg,0.3916586578600538,False
sample_07639.jpg,0.4518328333170344,False
sample_07640.jpg,0.43049429694203534,False
sample_07641.jpg,0.4550851129179999,False
sample_07642.jpg,0.4514942263945342,False
sample_07643.jpg,0.4365808864276854,False
sample_07644.jpg,0.4148913928482725,False
sample_07645.jpg,0.4533766860358057,False
sample_07646.jpg,0.42221720050064004,False
sample_07647.jpg,0.42178394187755713,False
sample_07648.jpg,0.4164998450209293,False
sample_07649.jpg,0.4461621142284971,False
sample_07650.jpg,0.43277458043270745,False
sample_07651.jpg,0.4260431259227441,False
sample_07652.jpg,0.4308116219141386,False
sample_07653.jpg,0.4549394217244548,False
sample_07654.jpg,0.447859124128705,False
sample_07655.jpg,0.41680369545612417,False
sample_07656.jpg,0.36997350815328817,False
sample_07657.jpg,0.3750882128113329,False
sample_07658.jpg,0.3975615980286802,False
sample_07659.jpg,0.4133349597400493,False
sample_07660.jpg,0.46798361607211336,False
sample_07661.jpg,0.3959527519495651,False
sample_07662.jpg,0.4625953121881898,False
sample_07663.jpg,0.5364542548367518,True
sample_07664.jpg,0.3882205616152205,False
sample_07665.jpg,0.3988127162633805,False
sample_07666.jpg,0.40025395861414825,False
sample_07667.jpg,0.4242473350256836,False
sample_07668.jpg,0.3900213883889685,False
sample_07669.jpg,0.42238442532610215,False
sample_07670.jpg,0.47468326071338074,False
sample_07671.jpg,0.4051257757561591,False
sample_07672.jpg,0.41552826180125396,False
sample_07673.jpg,0.4116002725242451,False
sample_07674.jpg,0.373023340461642,False
sample_07675.jpg,0.4642917903454718,False
sample_07676.jpg,0.4053595894531478,False
sample_07677.jpg,0.37821357906125663,False
sample_07678.jpg,0.36924689811955685,False
sample_07679.jpg,0.4225734464549185,False
sample_07680.jpg,0.39633218281846294,False
sample_07681.jpg,0.4168072467890557,False
sample_07682.jpg,0.41987315756166155,False
sample_07683.jpg,0.39026331206089543,False
sample_07684.jpg,0.40639439134122957,False
sample_07685.jpg,0.4430365437689509,False
sample_07686.jpg,0.45521572553406325,False
sample_07687.jpg,0.4488702844465158,False
sample_07688.jpg,0.405080346302177,False
sample_07689.jpg,0.4118798449624815,False
sample_07690.jpg,0.43208861927356895,False
sample_07691.jpg,0.4329101269665568,False
sample_07692.jpg,0.382517467657647,False
sample_07693.jpg,0.3903277234780541,False
sample_07694.jpg,0.432389443791707,False
sample_07695.jpg,0.39593177719609995,False
sample_07696.jpg,0.430535604858645,False
sample_07697.jpg,0.4551338353764839,False
sample_07698.jpg,0.4181403215653293,False
sample_07699.jpg,0.4428891397375312,False
sample_07700.jpg,0.3996308602260103,False
sample_07701.jpg,0.4762499752137651,False
sample_07702.jpg,0.4838418349158538,False
sample_07703.jpg,0.3828246421387088,False
sample_07704.jpg,0.44259462162688507,False
sample_07705.jpg,0.3812397132321141,False
sample_07706.jpg,0.45151224924515565,False
sample_07707.jpg,0.45154293460819706,False
sample_07708.jpg,0.40367869200005346,False
sample_07709.jpg,0.42584795057910574,False
sample_07710.jpg,0.3775387031211352,False
sample_07711.jpg,0.5270785957982097,True
sample_07712.jpg,0.43819719178467564,False
sample_07713.jpg,0.41998162773417347,False
sample_07714.jpg,0.4068215365527559,False
sample_07715.jpg,0.42148679722354354,False
sample_07716.jpg,0.44480580033814554,False
sample_07717.jpg,0.35954191556397724,False
sample_07718.jpg,0.4505097066198544,False
sample_07719.jpg,0.4131428748432772,False
sample_07720.jpg,0.39867344039752955,False
sample_07721.jpg,0.4279773404172896,False
sample_07722.jpg,0.39995454925517415,False
sample_07723.jpg,0.4022766130456504,False
sample_07724.jpg,0.4039811168578937,False
sample_07725.jpg,0.4453190361377474,False
sample_07726.jpg,0.3639110252342709,False
sample_07727.jpg,0.42305912387816436,False
sample_07728.jpg,0.38819857141827663,False
sample_07729.jpg,0.43837932680049085,False
sample_07730.jpg,0.4237001798766017,False
sample_07731.jpg,0.37556952130954724,False
sample_07732.jpg,0.45137940774365154,False
sample_07733.jpg,0.43824923334318744,False
sample_07734.jpg,0.4913854906565036,False
sample_07735.jpg,0.45070954017363957,False
sample_07736.jpg,0.44237973204643183,False
sample_07737.jpg,0.4636652368756528,False
sample_07738.jpg,0.4107338809761938,False
sample_07739.jpg,0.39458480451471134,False
sample_07740.jpg,0.4032301969479109,False
sample_07741.jpg,0.39982607823933936,False
sample_07742.jpg,0.38598018977807924,False
sample_07743.jpg,0.42371642506512325,False
sample_07744.jpg,0.4194780236369389,False
sample_07745.jpg,0.43039223675225996,False
sample_07746.jpg,0.4695783139698603,False
sample_07747.jpg,0.39243540623341927,False
sample_07748.jpg,0.38806947587302715,False
sample_07749.jpg,0.41745430714640114,False
sample_07750.jpg,0.4040662590031536,False
sample_07751.jpg,0.43340292303985833,False
sample_07752.jpg,0.42783041416835954,False
sample_07753.jpg,0.46246033936929853,False
sample_07754.jpg,0.4203446607968902,False
sample_07755.jpg,0.39503235524985386,False
sample_07756.jpg,0.4639895608795779,False
sample_07757.jpg,0.45842041899513664,False
sample_07758.jpg,0.3958600310379193,False
sample_07759.jpg,0.405600189512273,False
sample_07760.jpg,0.4027482380127475,False
sample_07761.jpg,0.5490756677964784,True
sample_07762.jpg,0.4112797740619249,False
sample_07763.jpg,0.4426513742469352,False
sample_07764.jpg,0.4491585675493408,False
sample_07765.jpg,0.391183325128057,False
sample_07766.jpg,0.49396868569022456,False
sample_07767.jpg,0.39768667934899293,False
sample_07768.jpg,0.40072302038327723,False
sample_07769.jpg,0.4798033457392504,False
sample_07770.jpg,0.4318992227199866,False
sample_07771.jpg,0.47119866719751846,False
sample_07772.jpg,0.4186689776679194,False
sample_07773.jpg,0.41338423449451994,False
sample_07774.jpg,0.4086784824615122,False
sample_07775.jpg,0.47611014502009597,False
sample_07776.jpg,0.4106437626287314,False
sample_07777.jpg,0.44154039494761915,False
sample_07778.jpg,0.4058124225400888,False
sample_07779.jpg,0.4004427476920231,False
sample_07780.jpg,0.41988657028977655,False
sample_07781.jpg,0.40206834384489715,False
sample_07782.jpg,0.4084160064463649,False
sample_07783.jpg,0.4570956525001299,False
sample_07784.jpg,0.4598050594851835,False
sample_07785.jpg,0.43513707685088,False
sample_07786.jpg,0.39777868129490906,False
sample_07787.jpg,0.45582406538966685,False
sample_07788.jpg,0.37076875956834376,False
sample_07789.jpg,0.379794281940221,False
sample_07790.jpg,0.4149802429904156,False
sample_07791.jpg,0.3934241818225339,False
sample_07792.jpg,0.4227749700681738,False
sample_07793.jpg,0.39491813446493235,False
sample_07794.jpg,0.420009519336002,False
sample_07795.jpg,0.4335968704623922,False
sample_07796.jpg,0.41109691860785025,False
sample_07797.jpg,0.36990653647248034,False
sample_07798.jpg,0.5315711589536602,True
sample_07799.jpg,0.3996245516854496,False
sample_07800.jpg,0.37151586267890596,False
sample_07801.jpg,0.39560096028977815,False
sample_07802.jpg,0.4244724759914336,False
sample_07803.jpg,0.39333394020489815,False
sample_07804.jpg,0.4015278605145813,False
sample_07805.jpg,0.45581718094148943,False
sample_07806.jpg,0.42709597116000386,False
sample_07807.jpg,0.3851785246714502,False
sample_07808.jpg,0.41209844257667666,False
sample_07809.jpg,0.4548778641338472,False
sample_07810.jpg,0.4067698896175758,False
sample_07811.jpg,0.42581839821072576,False
sample_07812.jpg,0.39406225960920227,False
sample_07813.jpg,0.42494237057330925,False
sample_07814.jpg,0.4341198056570737,False
sample_07815.jpg,0.41861175754296903,False
sample_07816.jpg,0.4162808006153498,False
sample_07817.jpg,0.42741055325165717,False
sample_07818.jpg,0.44440705248392676,False
sample_07819.jpg,0.5005867278665234,False
sample_07820.jpg,0.4180638439689356,False
sample_07821.jpg,0.42163015831663925,False
sample_07822.jpg,0.47868964911273076,False
sample_07823.jpg,0.4848864742444508,False
sample_07824.jpg,0.47741635415319716,False
sample_07825.jpg,0.43244521648225637,False
sample_07826.jpg,0.37240372725563503,False
sample_07827.jpg,0.44755876746530693,False
sample_07828.jpg,0.42661397351602653,False
sample_07829.jpg,0.362589205879953,False
sample_07830.jpg,0.44681449646965643,False
sample_07831.jpg,0.3957542632204538,False
sample_07832.jpg,0.39833318667119166,False
sample_07833.jpg,0.40701870074125684,False
sample_07834.jpg,0.4148570814258308,False
sample_07835.jpg,0.38709397733407414,False
sample_07836.jpg,0.3640637541339136,False
sample_07837.jpg,0.3787614687947697,False
sample_07838.jpg,0.4046953316513107,False
sample_07839.jpg,0.39473591766741095,False
sample_07840.jpg,0.4478321376059125,False
sample_07841.jpg,0.3734762418138415,False
sample_07842.jpg,0.43822305136029166,False
sample_07843.jpg,0.40358624088553474,False
sample_07844.jpg,0.39827167788425083,False
sample_07845.jpg,0.3659351006213678,False
sample_07846.jpg,0.40771896954046255,False
sample_07847.jpg,0.40154700518082664,False
sample_07848.jpg,0.395421786523358,False
sample_07849.jpg,0.4322151902239398,False
sample_07850.jpg,0.42207778079867003,False
sample_07851.jpg,0.4546319754225638,False
sample_07852.jpg,0.41561074569550627,False
sample_07853.jpg,0.39983785041185493,False
sample_07854.jpg,0.4151751234609423,False
sample_07855.jpg,0.4074058782060249,False
sample_07856.jpg,0.45634323100022056,False
sample_07857.jpg,0.4424256749121989,False
sample_07858.jpg,0.3911128670025694,False
sample_07859.jpg,0.39443491031311584,False
sample_07860.jpg,0.4116895586082191,False
sample_07861.jpg,0.3975700096879238,False
sample_07862.jpg,0.38484753193531196,False
sample_07863.jpg,0.49023439881046454,False
sample_07864.jpg,0.46744265791951906,False
sample_07865.jpg,0.45355191945580836,False
sample_07866.jpg,0.4283398320876515,False
sample_07867.jpg,0.42109360690445463,False
sample_07868.jpg,0.3718798070579554,False
sample_07869.jpg,0.4663815367771303,False
sample_07870.jpg,0.43222197995584327,False
sample_07871.jpg,0.3891453310411913,False
sample_07872.jpg,0.4302236385963396,False
sample_07873.jpg,0.3996870227564086,False
sample_07874.jpg,0.4177005409342979,False
sample_07875.jpg,0.5150756821575599,False
sample_07876.jpg,0.37769760568207655,False
sample_07877.jpg,0.4511728622430834,False
sample_07878.jpg,0.365110229224491,False
sample_07879.jpg,0.38569062418578576,False
sample_07880.jpg,0.450973974297399,False
sample_07881.jpg,0.37284926517423056,False
sample_07882.jpg,0.4162062017174749,False
sample_07883.jpg,0.3930719309197236,False
sample_07884.jpg,0.3983665748984186,False
sample_07885.jpg,0.3856668550714347,False
sample_07886.jpg,0.4183753155572214,False
sample_07887.jpg,0.3826362641052302,False
sample_07888.jpg,0.39095387911680796,False
sample_07889.jpg,0.4138715907558515,False
sample_07890.jpg,0.43623040739464103,False
sample_07891.jpg,0.4109130351983609,False
sample_07892.jpg,0.40724343865100926,False
sample_07893.jpg,0.4219249059050622,False
sample_07894.jpg,0.3831943703648821,False
sample_07895.jpg,0.36967437704258294,False
sample_07896.jpg,0.42725176546667737,False
sample_07897.jpg,0.47973472288085217,False
sample_07898.jpg,0.4619720437887708,False
sample_07899.jpg,0.43105717944084043,False
sample_07900.jpg,0.4473793940582198,False
sample_07901.jpg,0.3798497859730902,False
sample_07902.jpg,0.48010098630851583,False
sample_07903.jpg,0.43857305736694985,False
sample_07904.jpg,0.44554366766147635,False
sample_07905.jpg,0.3940949429278572,False
sample_07906.jpg,0.42761159885766714,False
sample_07907.jpg,0.44064014289261805,False
sample_07908.jpg,0.4116831247494259,False
sample_07909.jpg,0.3541273512229283,False
sample_07910.jpg,0.3958329715049548,False
sample_07911.jpg,0.42144979177609637,False
sample_07912.jpg,0.40665536511409955,False
sample_07913.jpg,0.44201061379615636,False
sample_07914.jpg,0.4561965333360192,False
sample_07915.jpg,0.3699399116664289,False
sample_07916.jpg,0.42787636181661265,False
sample_07917.jpg,0.45656976623367057,False
sample_07918.jpg,0.4902830632294415,False
sample_07919.jpg,0.3699036538988688,False
sample_07920.jpg,0.42535265475590545,False
sample_07921.jpg,0.3713013695088577,False
sample_07922.jpg,0.44578259540987875,False
sample_07923.jpg,0.4352320529792187,False
sample_07924.jpg,0.41434942360770016,False
sample_07925.jpg,0.4514026405475663,False
sample_07926.jpg,0.41795555056299655,False
sample_07927.jpg,0.46237289135583026,False
sample_07928.jpg,0.41501605726058455,False
sample_07929.jpg,0.47325252253168476,False
sample_07930.jpg,0.38563457276442303,False
sample_07931.jpg,0.3975133457391728,False
sample_07932.jpg,0.46181976547660447,False
sample_07933.jpg,0.3940059568060589,False
sample_07934.jpg,0.35703927903629507,False
sample_07935.jpg,0.40496859049225437,False
sample_07936.jpg,0.3964873363871255,False
sample_07937.jpg,0.426153693484017,False
sample_07938.jpg,0.38927072922847267,False
sample_07939.jpg,0.4598751227593509,False
sample_07940.jpg,0.3988658113619609,False
sample_07941.jpg,0.4621359142409303,False
sample_07942.jpg,0.3947925518048156,False
sample_07943.jpg,0.43128448658386276,False
sample_07944.jpg,0.39270579762033986,False
sample_07945.jpg,0.3638189613989809,False
sample_07946.jpg,0.4201072484497218,False
sample_07947.jpg,0.4164318326627292,False
sample_07948.jpg,0.4176656304076764,False
sample_07949.jpg,0.4018462008555723,False
sample_07950.jpg,0.4228462763876175,False
sample_07951.jpg,0.48101940678285465,False
sample_07952.jpg,0.3830826612920442,False
sample_07953.jpg,0.3627990501005106,False
sample_07954.jpg,0.45756221020005916,False
sample_07955.jpg,0.4978846448128386,False
sample_07956.jpg,0.4284730413973654,False
sample_07957.jpg,0.4301443148205263,False
sample_07958.jpg,0.3821313703617418,False
sample_07959.jpg,0.35670512083765776,False
sample_07960.jpg,0.38847904243002235,False
sample_07961.jpg,0.41506810451432163,False
sample_07962.jpg,0.4109416419088492,False
sample_07963.jpg,0.4134806984992935,False
sample_07964.jpg,0.39621205765396883,False
sample_07965.jpg,0.4017553177030097,False
sample_07966.jpg,0.40329529855605223,False
sample_07967.jpg,0.36439263974586067,False
sample_07968.jpg,0.37640711320237913,False
sample_07969.jpg,0.43107508042670195,False
sample_07970.jpg,0.4192221612594947,False
sample_07971.jpg,0.4926973541900392,False
sample_07972.jpg,0.44175225387001654,False
sample_07973.jpg,0.40760136191837326,False
sample_07974.jpg,0.4510602690476305,False
sample_07975.jpg,0.39922461349915345,False
sample_07976.jpg,0.44981296100467144,False
sample_07977.jpg,0.48967000380978526,False
sample_07978.jpg,0.3766336050079147,False
sample_07979.jpg,0.42876908051072765,False
sample_07980.jpg,0.44624486857921336,False
sample_07981.jpg,0.39650621255446516,False
sample_07982.jpg,0.42774389599367013,False
sample_07983.jpg,0.47775700975022095,False
sample_07984.jpg,0.3911979583402056,False
sample_07985.jpg,0.44818336142198517,False
sample_07986.jpg,0.43911853569534814,False
sample_07987.jpg,0.43158587271059584,False
sample_07988.jpg,0.4722502740972375,False
sample_07989.jpg,0.4517742526028215,False
sample_07990.jpg,0.4011436492111241,False
sample_07991.jpg,0.410167976366736,False
sample_07992.jpg,0.35832653109115625,False
sample_07993.jpg,0.40850145069402,False
sample_07994.jpg,0.3979036446651736,False
sample_07995.jpg,0.4443161442754797,False
sample_07996.jpg,0.43771494763029534,False
sample_07997.jpg,0.38440958427609545,False
sample_07998.jpg,0.4548465180401011,False
sample_07999.jpg,0.39665498913557296,False
sample_08000.jpg,0.389823312824136,False
sample_08001.jpg,0.4528625180153056,False
sample_08002.jpg,0.3981950589417495,False
sample_08003.jpg,0.45653826122918745,False
sample_08004.jpg,0.44535587746015276,False
sample_08005.jpg,0.3941158274057197,False
sample_08006.jpg,0.48897713660295017,False
sample_08007.jpg,0.42158981508205495,False
sample_08008.jpg,0.39372906159146753,False
sample_08009.jpg,0.47365233385225386,False
sample_08010.jpg,0.44133460485738674,False
sample_08011.jpg,0.44706740698022457,False
sample_08012.jpg,0.3672349466968298,False
sample_08013.jpg,0.40459868689984707,False
sample_08014.jpg,0.46226392768177865,False
sample_08015.jpg,0.43855730237453594,False
sample_08016.jpg,0.4316889872854647,False
sample_08017.jpg,0.39877151461313964,False
sample_08018.jpg,0.4163399485386188,False
sample_08019.jpg,0.3934201158812263,False
sample_08020.jpg,0.480892355178161,False
sample_08021.jpg,0.415697545102029,False
sample_08022.jpg,0.4289533551131127,False
sample_08023.jpg,0.37700545187983725,False
sample_08024.jpg,0.4729418758156502,False
sample_08025.jpg,0.3857775949865827,False
sample_08026.jpg,0.36703694379477575,False
sample_08027.jpg,0.3907594297526427,False
sample_08028.jpg,0.4410746480735254,False
sample_08029.jpg,0.39176472624268094,False
sample_08030.jpg,0.4093785811401596,False
sample_08031.jpg,0.43202228069264453,False
sample_08032.jpg,0.4183782781093894,False
sample_08033.jpg,0.4394467802184108,False
sample_08034.jpg,0.38467028163469646,False
sample_08035.jpg,0.47070150721777887,False
sample_08036.jpg,0.4131834539860685,False
sample_08037.jpg,0.38874918390814417,False
sample_08038.jpg,0.4011322676552608,False
sample_08039.jpg,0.4162837778802001,False
sample_08040.jpg,0.46823987599391376,False
sample_08041.jpg,0.36753669279760126,False
sample_08042.jpg,0.43712162817307015,False
sample_08043.jpg,0.43533276352034067,False
sample_08044.jpg,0.40824464340214633,False
sample_08045.jpg,0.37660616844844713,False
sample_08046.jpg,0.4365322399385412,False
sample_08047.jpg,0.399149407974468,False
sample_08048.jpg,0.4537095005492608,False
sample_08049.jpg,0.437065571319959,False
sample_08050.jpg,0.38564190816065086,False
sample_08051.jpg,0.4179161920193007,False
sample_08052.jpg,0.41107971678433464,False
sample_08053.jpg,0.42004694626762634,False
sample_08054.jpg,0.4152089723501227,False
sample_08055.jpg,0.4732620692820864,False
sample_08056.jpg,0.36697515360280847,False
sample_08057.jpg,0.4269736790426957,False
sample_08058.jpg,0.40301207502522635,False
sample_08059.jpg,0.43125473817223,False
sample_08060.jpg,0.49281182104888044,False
sample_08061.jpg,0.430228023781745,False
sample_08062.jpg,0.4328650674103867,False
sample_08063.jpg,0.38717914953824945,False
sample_08064.jpg,0.38528177570603894,False
sample_08065.jpg,0.3782510903938685,False
sample_08066.jpg,0.45774246940805324,False
sample_08067.jpg,0.3925042618206313,False
sample_08068.jpg,0.41226754127766263,False
sample_08069.jpg,0.4309656017559355,False
sample_08070.jpg,0.38625763355581766,False
sample_08071.jpg,0.36732053323258174,False
sample_08072.jpg,0.46956495354739064,False
sample_08073.jpg,0.4778844713137773,False
sample_08074.jpg,0.468757476432618,False
sample_08075.jpg,0.444138396222738,False
sample_08076.jpg,0.4894238627435901,False
sample_08077.jpg,0.4109539234911687,False
sample_08078.jpg,0.391465025269241,False
sample_08079.jpg,0.4582000494272405,False
sample_08080.jpg,0.4138052830447045,False
sample_08081.jpg,0.44858616761231257,False
sample_08082.jpg,0.41967121797665896,False
sample_08083.jpg,0.422947826891129,False
sample_08084.jpg,0.41024549167152724,False
sample_08085.jpg,0.43115522480932567,False
sample_08086.jpg,0.3837006289158276,False
sample_08087.jpg,0.3560281084333746,False
sample_08088.jpg,0.39718670327762406,False
sample_08089.jpg,0.4921211858445738,False
sample_08090.jpg,0.44723176141085197,False
sample_08091.jpg,0.43638655336242715,False
sample_08092.jpg,0.44106017781573076,False
sample_08093.jpg,0.45809908813445493,False
sample_08094.jpg,0.3703559961127122,False
sample_08095.jpg,0.45106408391872294,False
sample_08096.jpg,0.4741412959421402,False
sample_08097.jpg,0.47180371304648344,False
sample_08098.jpg,0.4356442766119783,False
sample_08099.jpg,0.4072789564331551,False
sample_08100.jpg,0.4060996757097378,False
sample_08101.jpg,0.37256388044531463,False
sample_08102.jpg,0.40485834353559014,False
sample_08103.jpg,0.4235049920948816,False
sample_08104.jpg,0.44323248923892167,False
sample_08105.jpg,0.42405894606034733,False
sample_08106.jpg,0.45816406267128745,False
sample_08107.jpg,0.3533419219610693,False
sample_08108.jpg,0.3722739766813564,False
sample_08109.jpg,0.44882825444095764,False
sample_08110.jpg,0.44770613842238494,False
sample_08111.jpg,0.37068268754785133,False
sample_08112.jpg,0.45221839487677956,False
sample_08113.jpg,0.4967937268994342,False
sample_08114.jpg,0.4502522658719838,False
sample_08115.jpg,0.3907540098929754,False
sample_08116.jpg,0.3676397140037071,False
sample_08117.jpg,0.43750659974495015,False
sample_08118.jpg,0.41844510354106634,False
sample_08119.jpg,0.4287868167630622,False
sample_08120.jpg,0.4379633846796077,False
sample_08121.jpg,0.45863247142025615,False
sample_08122.jpg,0.3850761319678666,False
sample_08123.jpg,0.39493843928426653,False
sample_08124.jpg,0.4147368286538992,False
sample_08125.jpg,0.4364853644352419,False
sample_08126.jpg,0.3659869602646743,False
sample_08127.jpg,0.35726697024705384,False
sample_08128.jpg,0.39780009779316294,False
sample_08129.jpg,0.4163537489185491,False
sample_08130.jpg,0.4291817226952551,False
sample_08131.jpg,0.43810998503148285,False
sample_08132.jpg,0.4840941476477837,False
sample_08133.jpg,0.3814730236937919,False
sample_08134.jpg,0.4107434215336735,False
sample_08135.jpg,0.4149510586426433,False
sample_08136.jpg,0.41654891404002986,False
sample_08137.jpg,0.5080818934375211,False
sample_08138.jpg,0.5027959413082038,False
sample_08139.jpg,0.4283623020813641,False
sample_08140.jpg,0.3521570815741159,False
sample_08141.jpg,0.38155997058934404,False
sample_08142.jpg,0.3706553205943009,False
sample_08143.jpg,0.4342579895318219,False
sample_08144.jpg,0.414978030299898,False
sample_08145.jpg,0.47942158778050226,False
sample_08146.jpg,0.41905373032698423,False
sample_08147.jpg,0.3938522867839116,False
sample_08148.jpg,0.4420675691452375,False
sample_08149.jpg,0.3839995882840103,False
sample_08150.jpg,0.4404673861659896,False
sample_08151.jpg,0.4459393075046339,False
sample_08152.jpg,0.42590914758851156,False
sample_08153.jpg,0.4384802291788764,False
sample_08154.jpg,0.3629425067086409,False
sample_08155.jpg,0.38290961299744614,False
sample_08156.jpg,0.4513572894199268,False
sample_08157.jpg,0.4031337774749924,False
sample_08158.jpg,0.4293970513759235,False
sample_08159.jpg,0.41920185356225276,False
sample_08160.jpg,0.39446947336279264,False
sample_08161.jpg,0.38320997513493255,False
sample_08162.jpg,0.39129002114030387,False
sample_08163.jpg,0.4156981771838855,False
sample_08164.jpg,0.4864260346210949,False
sample_08165.jpg,0.390472838678344,False
sample_08166.jpg,0.386944246959335,False
sample_08167.jpg,0.3711234117473265,False
sample_08168.jpg,0.46829184694389214,False
sample_08169.jpg,0.3716576753607078,False
sample_08170.jpg,0.38819469099298426,False
sample_08171.jpg,0.4671115426574054,False
sample_08172.jpg,0.4159336929656859,False
sample_08173.jpg,0.4788764321136066,False
sample_08174.jpg,0.41093998250285,False
sample_08175.jpg,0.40375834944421574,False
sample_08176.jpg,0.4160454671052421,False
sample_08177.jpg,0.422502021185557,False
sample_08178.jpg,0.46430480823764236,False
sample_08179.jpg,0.39889718510688227,False
sample_08180.jpg,0.41102910810716636,False
sample_08181.jpg,0.3656893776120135,False
sample_08182.jpg,0.39276412146001616,False
sample_08183.jpg,0.5032074316952232,False
sample_08184.jpg,0.3744622351307075,False
sample_08185.jpg,0.3992892830619695,False
sample_08186.jpg,0.43387170654416224,False
sample_08187.jpg,0.4486970723885985,False
sample_08188.jpg,0.4024920661164058,False
sample_08189.jpg,0.37910803537366844,False
sample_08190.jpg,0.3957780685044661,False
sample_08191.jpg,0.48454437541978895,False
sample_08192.jpg,0.4894848932951168,False
sample_08193.jpg,0.41062372618361115,False
sample_08194.jpg,0.4344242115596028,False
sample_08195.jpg,0.4461769818626554,False
sample_08196.jpg,0.3937950758677455,False
sample_08197.jpg,0.38639165766604344,False
sample_08198.jpg,0.43547843079144294,False
sample_08199.jpg,0.4039457240458475,False
sample_08200.jpg,0.5048492565016269,False
sample_08201.jpg,0.4721948616568769,False
sample_08202.jpg,0.4333747972301305,False
sample_08203.jpg,0.40235093219965967,False
sample_08204.jpg,0.4301170400775822,False
sample_08205.jpg,0.44109262380541253,False
sample_08206.jpg,0.3941790710512034,False
sample_08207.jpg,0.36281071709728857,False
sample_08208.jpg,0.4232632887760587,False
sample_08209.jpg,0.44586099778072497,False
sample_08210.jpg,0.4728665356347855,False
sample_08211.jpg,0.4122197565669506,False
sample_08212.jpg,0.48095497135275295,False
sample_08213.jpg,0.40778794300043564,False
sample_08214.jpg,0.39809702567896593,False
sample_08215.jpg,0.4249064418051402,False
sample_08216.jpg,0.43103474589861956,False
sample_08217.jpg,0.45383170659595046,False
sample_08218.jpg,0.4005560050884258,False
sample_08219.jpg,0.3671894443851229,False
sample_08220.jpg,0.3989412221094823,False
sample_08221.jpg,0.4211885451292834,False
sample_08222.jpg,0.48041761326370075,False
sample_08223.jpg,0.41269461382727696,False
sample_08224.jpg,0.39043537600201983,False
sample_08225.jpg,0.40895545765123664,False
sample_08226.jpg,0.43890916799136165,False
sample_08227.jpg,0.45905986556141337,False
sample_08228.jpg,0.4136013059757298,False
sample_08229.jpg,0.47697298196087995,False
sample_08230.jpg,0.4202400567023094,False
sample_08231.jpg,0.3912816217452213,False
sample_08232.jpg,0.3848141665720834,False
sample_08233.jpg,0.4103158980405144,False
sample_08234.jpg,0.41160185493304896,False
sample_08235.jpg,0.3786098589629472,False
sample_08236.jpg,0.47592124416292825,False
sample_08237.jpg,0.47138251091120986,False
sample_08238.jpg,0.44677801392068517,False
sample_08239.jpg,0.38480013852398004,False
sample_08240.jpg,0.37129774787526854,False
sample_08241.jpg,0.427876192748746,False
sample_08242.jpg,0.4491911141617946,False
sample_08243.jpg,0.4797223361584702,False
sample_08244.jpg,0.5035249120691331,False
sample_08245.jpg,0.36073402667194293,False
sample_08246.jpg,0.4479873746717143,False
sample_08247.jpg,0.429614753337049,False
sample_08248.jpg,0.4185114137666024,False
sample_08249.jpg,0.3814348428747847,False
sample_08250.jpg,0.3961474182703251,False
sample_08251.jpg,0.4693225051854686,False
sample_08252.jpg,0.45824957927735444,False
sample_08253.jpg,0.39126035029403816,False
sample_08254.jpg,0.4613067567648066,False
sample_08255.jpg,0.48166603772418365,False
sample_08256.jpg,0.35930608763526045,False
sample_08257.jpg,0.38978601897548565,False
sample_08258.jpg,0.4224530717516057,False
sample_08259.jpg,0.4568240105355152,False
sample_08260.jpg,0.4277582173389739,False
sample_08261.jpg,0.4631493088067293,False
sample_08262.jpg,0.4451301517026498,False
sample_08263.jpg,0.4665548979346613,False
sample_08264.jpg,0.4169624073200081,False
sample_08265.jpg,0.38624715864527753,False
sample_08266.jpg,0.3884700962554069,False
sample_08267.jpg,0.4236967706411033,False
sample_08268.jpg,0.40821928931581347,False
sample_08269.jpg,0.45970478571933715,False
sample_08270.jpg,0.4235524683280399,False
sample_08271.jpg,0.39517584006529344,False
sample_08272.jpg,0.4164391219863791,False
sample_08273.jpg,0.44640224359720315,False
sample_08274.jpg,0.45069677813534176,False
sample_08275.jpg,0.4288376972299446,False
sample_08276.jpg,0.3864889222379839,False
sample_08277.jpg,0.48979144030096083,False
sample_08278.jpg,0.3982427425977249,False
sample_08279.jpg,0.43130187885020815,False
sample_08280.jpg,0.38721166154176356,False
sample_08281.jpg,0.4250412701783846,False
sample_08282.jpg,0.4122540758474358,False
sample_08283.jpg,0.41795010322897674,False
sample_08284.jpg,0.452854702091939,False
sample_08285.jpg,0.4100329718464586,False
sample_08286.jpg,0.3839963407879436,False
sample_08287.jpg,0.39352157253718306,False
sample_08288.jpg,0.4236210799818791,False
sample_08289.jpg,0.4151106031488266,False
sample_08290.jpg,0.3566776133043539,False
sample_08291.jpg,0.4248730542640555,False
sample_08292.jpg,0.4184537261922146,False
sample_08293.jpg,0.40336861748581065,False
sample_08294.jpg,0.36147819248464086,False
sample_08295.jpg,0.4557316098649015,False
sample_08296.jpg,0.40447582055305037,False
sample_08297.jpg,0.43535432852893546,False
sample_08298.jpg,0.4484542046597141,False
sample_08299.jpg,0.43567360960604656,False
sample_08300.jpg,0.4140839459012688,False
sample_08301.jpg,0.45854377704948945,False
sample_08302.jpg,0.42931109056521455,False
sample_08303.jpg,0.4698306355577696,False
sample_08304.jpg,0.39072018003585524,False
sample_08305.jpg,0.3731809354144977,False
sample_08306.jpg,0.41588814072990293,False
sample_08307.jpg,0.46387084985680566,False
sample_08308.jpg,0.4068934715426282,False
sample_08309.jpg,0.4758946384969797,False
sample_08310.jpg,0.4882176975528425,False
sample_08311.jpg,0.45204606197185604,False
sample_08312.jpg,0.3865808999148927,False
sample_08313.jpg,0.39500334491252254,False
sample_08314.jpg,0.4032220213762841,False
sample_08315.jpg,0.4311073123110796,False
sample_08316.jpg,0.39893084918345795,False
sample_08317.jpg,0.4108554889759593,False
sample_08318.jpg,0.4294987681259084,False
sample_08319.jpg,0.4469242882404223,False
sample_08320.jpg,0.5156362404133857,False
sample_08321.jpg,0.3797656520437323,False
sample_08322.jpg,0.43147243833997057,False
sample_08323.jpg,0.39181389592874344,False
sample_08324.jpg,0.4069505665863287,False
sample_08325.jpg,0.4640669143183322,False
sample_08326.jpg,0.3598083791081931,False
sample_08327.jpg,0.391780489811108,False
sample_08328.jpg,0.44042272762717816,False
sample_08329.jpg,0.37325742915339205,False
sample_08330.jpg,0.38600514692883936,False
sample_08331.jpg,0.49259166248952346,False
sample_08332.jpg,0.40950863883227145,False
sample_08333.jpg,0.4510101128710638,False
sample_08334.jpg,0.38607903051553394,False
sample_08335.jpg,0.3749124645324085,False
sample_08336.jpg,0.4691840492459635,False
sample_08337.jpg,0.40675321412766907,False
sample_08338.jpg,0.38408148827898314,False
sample_08339.jpg,0.43184491318552654,False
sample_08340.jpg,0.4311799468026026,False
sample_08341.jpg,0.40078148860432855,False
sample_08342.jpg,0.40992830064811786,False
sample_08343.jpg,0.43411855303532204,False
sample_08344.jpg,0.4402582342173642,False
sample_08345.jpg,0.44346825038128257,False
sample_08346.jpg,0.4239180490212683,False
sample_08347.jpg,0.3670717824879486,False
sample_08348.jpg,0.43548013736083074,False
sample_08349.jpg,0.49994150883650756,False
sample_08350.jpg,0.4478244382589195,False
sample_08351.jpg,0.41466782673121383,False
sample_08352.jpg,0.4023155364216941,False
sample_08353.jpg,0.47696057512571016,False
sample_08354.jpg,0.4073336695405665,False
sample_08355.jpg,0.3674469029256588,False
sample_08356.jpg,0.43320063947878806,False
sample_08357.jpg,0.36138484218038996,False
sample_08358.jpg,0.3828987072695698,False
sample_08359.jpg,0.37140946480268955,False
sample_08360.jpg,0.4181534322208997,False
sample_08361.jpg,0.4717128118198427,False
sample_08362.jpg,0.4120587301367435,False
sample_08363.jpg,0.3788647051667949,False
sample_08364.jpg,0.38184478813435785,False
sample_08365.jpg,0.44325262376902674,False
sample_08366.jpg,0.38639426628376133,False
sample_08367.jpg,0.39057027962675267,False
sample_08368.jpg,0.3803074008884421,False
sample_08369.jpg,0.4125687754270865,False
sample_08370.jpg,0.37601242602509766,False
sample_08371.jpg,0.42198476335631835,False
sample_08372.jpg,0.3906444209260371,False
sample_08373.jpg,0.43601738649836974,False
sample_08374.jpg,0.4664832496664884,False
sample_08375.jpg,0.4270555051886256,False
sample_08376.jpg,0.47145130711748273,False
sample_08377.jpg,0.37411965325535423,False
sample_08378.jpg,0.4954927882896196,False
sample_08379.jpg,0.5287640788277161,True
sample_08380.jpg,0.4303401974476934,False
sample_08381.jpg,0.4013516575568034,False
sample_08382.jpg,0.4178189747645542,False
sample_08383.jpg,0.45985398725458565,False
sample_08384.jpg,0.4138936364313893,False
sample_08385.jpg,0.36730893380072904,False
sample_08386.jpg,0.4274557611623324,False
sample_08387.jpg,0.4158181506920803,False
sample_08388.jpg,0.380125705858737,False
sample_08389.jpg,0.43031258742814055,False
sample_08390.jpg,0.4228061591893321,False
sample_08391.jpg,0.3903894826574031,False
sample_08392.jpg,0.4658459266349175,False
sample_08393.jpg,0.3889509486676305,False
sample_08394.jpg,0.4052142059730441,False
sample_08395.jpg,0.3960736978024533,False
sample_08396.jpg,0.4820012777715293,False
sample_08397.jpg,0.37218388394364466,False
sample_08398.jpg,0.4135662924415636,False
sample_08399.jpg,0.44847958333619775,False
sample_08400.jpg,0.4190321552317711,False
sample_08401.jpg,0.39133315287305803,False
sample_08402.jpg,0.4508799649791296,False
sample_08403.jpg,0.43394232656140114,False
sample_08404.jpg,0.4263459024866299,False
sample_08405.jpg,0.43106122262904883,False
sample_08406.jpg,0.45246483841244345,False
sample_08407.jpg,0.38379867694852,False
sample_08408.jpg,0.38170883699090186,False
sample_08409.jpg,0.4328743348777394,False
sample_08410.jpg,0.4510061065048937,False
sample_08411.jpg,0.39116683526657337,False
sample_08412.jpg,0.3857317534725822,False
sample_08413.jpg,0.36723523678104225,False
sample_08414.jpg,0.37297600325560815,False
sample_08415.jpg,0.3971702937476459,False
sample_08416.jpg,0.43217708684987527,False
sample_08417.jpg,0.46809843097406184,False
sample_08418.jpg,0.3806358202327219,False
sample_08419.jpg,0.5035512640104932,False
sample_08420.jpg,0.4502615718743014,False
sample_08421.jpg,0.4258663346175248,False
sample_08422.jpg,0.4083160600655863,False
sample_08423.jpg,0.45053609642616244,False
sample_08424.jpg,0.4544071655962789,False
sample_08425.jpg,0.43074293990765944,False
sample_08426.jpg,0.38875456068155667,False
sample_08427.jpg,0.4055570841210706,False
sample_08428.jpg,0.43979666729428313,False
sample_08429.jpg,0.4156834812909831,False
sample_08430.jpg,0.44972360375541093,False
sample_08431.jpg,0.45255458876493526,False
sample_08432.jpg,0.37959879400309227,False
sample_08433.jpg,0.4534835029816166,False
sample_08434.jpg,0.42976953451833433,False
sample_08435.jpg,0.4466975466573023,False
sample_08436.jpg,0.4447102561149935,False
sample_08437.jpg,0.4547106831238644,False
sample_08438.jpg,0.46031072893352387,False
sample_08439.jpg,0.39361064158186176,False
sample_08440.jpg,0.41009451821649223,False
sample_08441.jpg,0.4220592475175916,False
sample_08442.jpg,0.4292000163724534,False
sample_08443.jpg,0.4638977092236042,False
sample_08444.jpg,0.43863535788734304,False
sample_08445.jpg,0.4466581283400896,False
sample_08446.jpg,0.5011010364098123,False
sample_08447.jpg,0.4050817789460004,False
sample_08448.jpg,0.3816394424548203,False
sample_08449.jpg,0.36535702892184735,False
sample_08450.jpg,0.4940022167891278,False
sample_08451.jpg,0.37120395379582394,False
sample_08452.jpg,0.41077571212372843,False
sample_08453.jpg,0.3984881935859645,False
sample_08454.jpg,0.4148304232262901,False
sample_08455.jpg,0.5115631489094811,False
sample_08456.jpg,0.42988161072077485,False
sample_08457.jpg,0.42956310426958155,False
sample_08458.jpg,0.445184928314731,False
sample_08459.jpg,0.403655170953042,False
sample_08460.jpg,0.48902223034134584,False
sample_08461.jpg,0.41094521372944776,False
sample_08462.jpg,0.3977685433627532,False
sample_08463.jpg,0.37176445262272934,False
sample_08464.jpg,0.41119132549659015,False
sample_08465.jpg,0.3999377848070395,False
sample_08466.jpg,0.4563923202319659,False
sample_08467.jpg,0.45647867316300805,False
sample_08468.jpg,0.41969274012091345,False
sample_08469.jpg,0.4032743900372239,False
sample_08470.jpg,0.39343191529689947,False
sample_08471.jpg,0.4083894115397013,False
sample_08472.jpg,0.3945087059641454,False
sample_08473.jpg,0.41480679711825225,False
sample_08474.jpg,0.45932046082022493,False
sample_08475.jpg,0.41579224303749585,False
sample_08476.jpg,0.3819187865216438,False
sample_08477.jpg,0.40349895166955596,False
sample_08478.jpg,0.39711434662667117,False
sample_08479.jpg,0.39816765838544527,False
sample_08480.jpg,0.40174241675862027,False
sample_08481.jpg,0.4323179577227507,False
sample_08482.jpg,0.43481679943634466,False
sample_08483.jpg,0.41895807639322913,False
sample_08484.jpg,0.46999116054723517,False
sample_08485.jpg,0.39476473434972364,False
sample_08486.jpg,0.4449477199524526,False
sample_08487.jpg,0.36256440796014383,False
sample_08488.jpg,0.4078247713556699,False
sample_08489.jpg,0.3729794646778472,False
sample_08490.jpg,0.4382540872256867,False
sample_08491.jpg,0.3889960329606028,False
sample_08492.jpg,0.4453637700491127,False
sample_08493.jpg,0.4339551492362891,False
sample_08494.jpg,0.45230770912497853,False
sample_08495.jpg,0.4373313266575375,False
sample_08496.jpg,0.43395699756624667,False
sample_08497.jpg,0.3994417258664422,False
sample_08498.jpg,0.39094063445061766,False
sample_08499.jpg,0.39535639460490357,False
sample_08500.jpg,0.4081404674820463,False
sample_08501.jpg,0.43152082057825825,False
sample_08502.jpg,0.4374093292613595,False
sample_08503.jpg,0.44472149720138954,False
sample_08504.jpg,0.4715051878171985,False
sample_08505.jpg,0.41736730074920897,False
sample_08506.jpg,0.4523666283818463,False
sample_08507.jpg,0.44248786590977035,False
sample_08508.jpg,0.3940552601068945,False
sample_08509.jpg,0.3988708551015695,False
sample_08510.jpg,0.39225405566184596,False
sample_08511.jpg,0.46876826205804695,False
sample_08512.jpg,0.3998330533034348,False
sample_08513.jpg,0.40421203011922485,False
sample_08514.jpg,0.4321526134792286,False
sample_08515.jpg,0.36192451203281406,False
sample_08516.jpg,0.3940768240741795,False
sample_08517.jpg,0.38711729833416686,False
sample_08518.jpg,0.4719516111795538,False
sample_08519.jpg,0.38737265717963754,False
sample_08520.jpg,0.42833405295702537,False
sample_08521.jpg,0.35894947441269165,False
sample_08522.jpg,0.46810874610625763,False
sample_08523.jpg,0.484025073851967,False
sample_08524.jpg,0.3988760220436446,False
sample_08525.jpg,0.47508542115190294,False
sample_08526.jpg,0.4526846666160377,False
sample_08527.jpg,0.4730658999083863,False
sample_08528.jpg,0.45137317693003504,False
sample_08529.jpg,0.3796472551766102,False
sample_08530.jpg,0.45292757787193827,False
sample_08531.jpg,0.42202418631360455,False
sample_08532.jpg,0.4549293196069269,False
sample_08533.jpg,0.481081626795182,False
sample_08534.jpg,0.374206978522354,False
sample_08535.jpg,0.4487130570451716,False
sample_08536.jpg,0.38726043177662806,False
sample_08537.jpg,0.4405842456838931,False
sample_08538.jpg,0.4907668899774121,False
sample_08539.jpg,0.39868586679169177,False
sample_08540.jpg,0.4296648928453295,False
sample_08541.jpg,0.3933576549969428,False
sample_08542.jpg,0.41095463078659666,False
sample_08543.jpg,0.4531242681052496,False
sample_08544.jpg,0.43675337123146235,False
sample_08545.jpg,0.4320626603280301,False
sample_08546.jpg,0.3928557978189996,False
sample_08547.jpg,0.41612142434770616,False
sample_08548.jpg,0.3929254240184914,False
sample_08549.jpg,0.38432525919978144,False
sample_08550.jpg,0.4184141891974312,False
sample_08551.jpg,0.4518067281943761,False
sample_08552.jpg,0.4405140437867915,False
sample_08553.jpg,0.43698221412454397,False
sample_08554.jpg,0.48919399488008714,False
sample_08555.jpg,0.4187251200716937,False
sample_08556.jpg,0.44777918835124914,False
sample_08557.jpg,0.4160178434520252,False
sample_08558.jpg,0.37932403839489504,False
sample_08559.jpg,0.44296651781900254,False
sample_08560.jpg,0.39184485061326035,False
sample_08561.jpg,0.41886878469516703,False
sample_08562.jpg,0.44373316700740645,False
sample_08563.jpg,0.3923309583904732,False
sample_08564.jpg,0.4424993805368329,False
sample_08565.jpg,0.4656822564233237,False
sample_08566.jpg,0.4806214731693389,False
sample_08567.jpg,0.40445417132438516,False
sample_08568.jpg,0.3716780352694173,False
sample_08569.jpg,0.44927088693991374,False
sample_08570.jpg,0.4091809027652854,False
sample_08571.jpg,0.42820990912430207,False
sample_08572.jpg,0.4147091276115837,False
sample_08573.jpg,0.39519749797547044,False
sample_08574.jpg,0.39957168531350473,False
sample_08575.jpg,0.3571481110108743,False
sample_08576.jpg,0.4582648307970394,False
sample_08577.jpg,0.38973051595087344,False
sample_08578.jpg,0.37110859154670284,False
sample_08579.jpg,0.3723250867276318,False
sample_08580.jpg,0.44184531302754904,False
sample_08581.jpg,0.3956698683055346,False
sample_08582.jpg,0.47625982600837985,False
sample_08583.jpg,0.3767789739728439,False
sample_08584.jpg,0.3995926218512407,False
sample_08585.jpg,0.38561377740009434,False
sample_08586.jpg,0.3873633531216702,False
sample_08587.jpg,0.44671278421303756,False
sample_08588.jpg,0.4180457949727372,False
sample_08589.jpg,0.36589026733287083,False
sample_08590.jpg,0.47954436791299404,False
sample_08591.jpg,0.4278139060154034,False
sample_08592.jpg,0.4151777320280441,False
sample_08593.jpg,0.4177186413304274,False
sample_08594.jpg,0.4193442893871336,False
sample_08595.jpg,0.40460407433985845,False
sample_08596.jpg,0.4264979286571189,False
sample_08597.jpg,0.4584367458129702,False
sample_08598.jpg,0.4055074661323693,False
sample_08599.jpg,0.3914067029994064,False
sample_08600.jpg,0.47342696338803647,False
sample_08601.jpg,0.48488408182864695,False
sample_08602.jpg,0.4074653518687449,False
sample_08603.jpg,0.4399908553683349,False
sample_08604.jpg,0.4281893404252702,False
sample_08605.jpg,0.3709772542088163,False
sample_08606.jpg,0.43680107586670963,False
sample_08607.jpg,0.45451433193184315,False
sample_08608.jpg,0.4971837913234803,False
sample_08609.jpg,0.42494925225119073,False
sample_08610.jpg,0.38586730975939965,False
sample_08611.jpg,0.46314328376348707,False
sample_08612.jpg,0.3903993199205265,False
sample_08613.jpg,0.38042830377981635,False
sample_08614.jpg,0.39202984195826673,False
sample_08615.jpg,0.4404363148618934,False
sample_08616.jpg,0.4418323500229897,False
sample_08617.jpg,0.36985023373867865,False
sample_08618.jpg,0.41649428116013437,False
sample_08619.jpg,0.4166124661571429,False
sample_08620.jpg,0.3591993409868057,False
sample_08621.jpg,0.5215756363577672,False
sample_08622.jpg,0.36786167762271593,False
sample_08623.jpg,0.45946114304513214,False
sample_08624.jpg,0.3715109616473774,False
sample_08625.jpg,0.3938307492275326,False
sample_08626.jpg,0.41185460092289355,False
sample_08627.jpg,0.4025395352523657,False
sample_08628.jpg,0.4423803398593612,False
sample_08629.jpg,0.40951934026418696,False
sample_08630.jpg,0.4633732692617316,False
sample_08631.jpg,0.3893190427654098,False
sample_08632.jpg,0.41609724492055145,False
sample_08633.jpg,0.38402417278614237,False
sample_08634.jpg,0.4267381436596487,False
sample_08635.jpg,0.43031227738037,False
sample_08636.jpg,0.3955436615232515,False
sample_08637.jpg,0.40201968905091023,False
sample_08638.jpg,0.5122170187136312,False
sample_08639.jpg,0.3879164470332426,False
sample_08640.jpg,0.4455445169419717,False
sample_08641.jpg,0.4383578469625726,False
sample_08642.jpg,0.39554320388754244,False
sample_08643.jpg,0.5084686725116897,False
sample_08644.jpg,0.4075029019706391,False
sample_08645.jpg,0.3944751703643916,False
sample_08646.jpg,0.375443329978053,False
sample_08647.jpg,0.36448421751688037,False
sample_08648.jpg,0.42722120998959007,False
sample_08649.jpg,0.404787409169899,False
sample_08650.jpg,0.43726357649849157,False
sample_08651.jpg,0.46710754600152155,False
sample_08652.jpg,0.4369172903195593,False
sample_08653.jpg,0.4189484220527701,False
sample_08654.jpg,0.37678941428780527,False
sample_08655.jpg,0.4350523758347484,False
sample_08656.jpg,0.4715672633433889,False
sample_08657.jpg,0.4043797056028491,False
sample_08658.jpg,0.45570581669592275,False
sample_08659.jpg,0.3825397215907929,False
sample_08660.jpg,0.44542101932079226,False
sample_08661.jpg,0.44676716353325374,False
sample_08662.jpg,0.42548313093426604,False
sample_08663.jpg,0.5233870493296884,False
sample_08664.jpg,0.42506675353025475,False
sample_08665.jpg,0.40326781043202015,False
sample_08666.jpg,0.39197498568889355,False
sample_08667.jpg,0.3762187815026629,False
sample_08668.jpg,0.40398179937070344,False
sample_08669.jpg,0.4263097395361406,False
sample_08670.jpg,0.4447347918036374,False
sample_08671.jpg,0.4097217569920101,False
sample_08672.jpg,0.4070319920962909,False
sample_08673.jpg,0.4183115006127386,False
sample_08674.jpg,0.45573317624040144,False
sample_08675.jpg,0.3996966050073978,False
sample_08676.jpg,0.4336877373570406,False
sample_08677.jpg,0.41315407554283123,False
sample_08678.jpg,0.361708105332343,False
sample_08679.jpg,0.4750177573261751,False
sample_08680.jpg,0.45923868684233715,False
sample_08681.jpg,0.4138724887693833,False
sample_08682.jpg,0.4275949535766217,False
sample_08683.jpg,0.38379607554347583,False
sample_08684.jpg,0.39293388226338616,False
sample_08685.jpg,0.42620355216971684,False
sample_08686.jpg,0.4825747521900187,False
sample_08687.jpg,0.4284840369479273,False
sample_08688.jpg,0.4331235491879088,False
sample_08689.jpg,0.4452076466078627,False
sample_08690.jpg,0.40526122171476603,False
sample_08691.jpg,0.3898490771104494,False
sample_08692.jpg,0.4063529243013599,False
sample_08693.jpg,0.3803532395212549,False
sample_08694.jpg,0.4032133691628383,False
sample_08695.jpg,0.4043570621990257,False
sample_08696.jpg,0.4332855406632357,False
sample_08697.jpg,0.44207981781668637,False
sample_08698.jpg,0.44673172233230135,False
sample_08699.jpg,0.3715150503660113,False
sample_08700.jpg,0.38272418920430906,False
sample_08701.jpg,0.4299186926025944,False
sample_08702.jpg,0.39500442063445457,False
sample_08703.jpg,0.38183804688646383,False
sample_08704.jpg,0.445631590669661,False
sample_08705.jpg,0.39942384448558743,False
sample_08706.jpg,0.39505208798263547,False
sample_08707.jpg,0.4825099677817664,False
sample_08708.jpg,0.4465712043522713,False
sample_08709.jpg,0.41716668384251376,False
sample_08710.jpg,0.39600477858578603,False
sample_08711.jpg,0.4130226389782468,False
sample_08712.jpg,0.46612964024178305,False
sample_08713.jpg,0.4245295078077106,False
sample_08714.jpg,0.43791215044163556,False
sample_08715.jpg,0.39642628478052155,False
sample_08716.jpg,0.45433926586366535,False
sample_08717.jpg,0.4074684860071362,False
sample_08718.jpg,0.38440382436774523,False
sample_08719.jpg,0.4618239027770666,False
sample_08720.jpg,0.42673135250661604,False
sample_08721.jpg,0.38918434917019107,False
sample_08722.jpg,0.4610848154083468,False
sample_08723.jpg,0.42441176746425396,False
sample_08724.jpg,0.45833663520616974,False
sample_08725.jpg,0.3955029430729168,False
sample_08726.jpg,0.4269877330571743,False
sample_08727.jpg,0.4434701910044684,False
sample_08728.jpg,0.43042737432850176,False
sample_08729.jpg,0.414335129308664,False
sample_08730.jpg,0.42161904768966324,False
sample_08731.jpg,0.49969525585088537,False
sample_08732.jpg,0.44497549388545615,False
sample_08733.jpg,0.44146754256647264,False
sample_08734.jpg,0.41178636789287937,False
sample_08735.jpg,0.4550705556941081,False
sample_08736.jpg,0.4928432790566373,False
sample_08737.jpg,0.4416243515016313,False
sample_08738.jpg,0.4301042062620008,False
sample_08739.jpg,0.468665389278211,False
sample_08740.jpg,0.4553688732680044,False
sample_08741.jpg,0.45826987494532345,False
sample_08742.jpg,0.37546862842725476,False
sample_08743.jpg,0.4523100642976487,False
sample_08744.jpg,0.434913743910854,False
sample_08745.jpg,0.44272626046817837,False
sample_08746.jpg,0.3933027100983489,False
sample_08747.jpg,0.37568359982399063,False
sample_08748.jpg,0.3771109526733194,False
sample_08749.jpg,0.381068504271795,False
sample_08750.jpg,0.38402219996090275,False
sample_08751.jpg,0.46679970718020236,False
sample_08752.jpg,0.42479372679027566,False
sample_08753.jpg,0.3908156798431001,False
sample_08754.jpg,0.472816394035468,False
sample_08755.jpg,0.450240774414834,False
sample_08756.jpg,0.42335682189204404,False
sample_08757.jpg,0.38448308030314765,False
sample_08758.jpg,0.4264794092581295,False
sample_08759.jpg,0.43266537587480364,False
sample_08760.jpg,0.43801328801341666,False
sample_08761.jpg,0.36428603594836717,False
sample_08762.jpg,0.42314065305499127,False
sample_08763.jpg,0.43942904746540373,False
sample_08764.jpg,0.391853767877939,False
sample_08765.jpg,0.41303676001168954,False
sample_08766.jpg,0.37133252934317745,False
sample_08767.jpg,0.44674416269067296,False
sample_08768.jpg,0.4460129267211982,False
sample_08769.jpg,0.37814439062268945,False
sample_08770.jpg,0.4702433993202027,False
sample_08771.jpg,0.4894209161621294,False
sample_08772.jpg,0.5096040394976947,False
sample_08773.jpg,0.47097443124195343,False
sample_08774.jpg,0.4154401218723908,False
sample_08775.jpg,0.3965025171308132,False
sample_08776.jpg,0.40436569768828706,False
sample_08777.jpg,0.38296872478176075,False
sample_08778.jpg,0.41885014022055883,False
sample_08779.jpg,0.39365057271584125,False
sample_08780.jpg,0.3917876351641007,False
sample_08781.jpg,0.3901234907708354,False
sample_08782.jpg,0.4177881153419366,False
sample_08783.jpg,0.40917472667808974,False
sample_08784.jpg,0.49668600823152476,False
sample_08785.jpg,0.40659719288973706,False
sample_08786.jpg,0.40795554575758514,False
sample_08787.jpg,0.40358736824901664,False
sample_08788.jpg,0.44542899740675623,False
sample_08789.jpg,0.4012228692652957,False
sample_08790.jpg,0.41634664127453463,False
sample_08791.jpg,0.48120588565169065,False
sample_08792.jpg,0.4576872637884354,False
sample_08793.jpg,0.40303543290952093,False
sample_08794.jpg,0.3847340114601652,False
sample_08795.jpg,0.4574798946111567,False
sample_08796.jpg,0.43607442102227195,False
sample_08797.jpg,0.44628884909869443,False
sample_08798.jpg,0.36927409473015727,False
sample_08799.jpg,0.41618618843705996,False
sample_08800.jpg,0.4458700641641046,False
sample_08801.jpg,0.4491412235578578,False
sample_08802.jpg,0.4041522724547912,False
sample_08803.jpg,0.4046352625724048,False
sample_08804.jpg,0.4980177852203821,False
sample_08805.jpg,0.43442940217055076,False
sample_08806.jpg,0.41795765845654825,False
sample_08807.jpg,0.39889476028653736,False
sample_08808.jpg,0.47054100697817586,False
sample_08809.jpg,0.39345031426359883,False
sample_08810.jpg,0.41335465614078903,False
sample_08811.jpg,0.39632250667664126,False
sample_08812.jpg,0.41565490859729126,False
sample_08813.jpg,0.45074649835903974,False
sample_08814.jpg,0.40133062811790016,False
sample_08815.jpg,0.3979578028618355,False
sample_08816.jpg,0.4428578874435838,False
sample_08817.jpg,0.3530315432415127,False
sample_08818.jpg,0.41737303120552127,False
sample_08819.jpg,0.3899861286500316,False
sample_08820.jpg,0.44794354073581455,False
sample_08821.jpg,0.39062901454543764,False
sample_08822.jpg,0.389843775935699,False
sample_08823.jpg,0.39481310851530804,False
sample_08824.jpg,0.46746922384964784,False
sample_08825.jpg,0.4408470097044805,False
sample_08826.jpg,0.45637478554550354,False
sample_08827.jpg,0.42466600496449725,False
sample_08828.jpg,0.4149754232310029,False
sample_08829.jpg,0.45289991948400865,False
sample_08830.jpg,0.41300802818065874,False
sample_08831.jpg,0.42648141618176544,False
sample_08832.jpg,0.4088459182565443,False
sample_08833.jpg,0.4650276983950562,False
sample_08834.jpg,0.4373408695171158,False
sample_08835.jpg,0.41543484915679446,False
sample_08836.jpg,0.4540743237930555,False
sample_08837.jpg,0.3812442602898519,False
sample_08838.jpg,0.4223634205186726,False
sample_08839.jpg,0.3894298261670036,False
sample_08840.jpg,0.4131990612603284,False
sample_08841.jpg,0.36670724013075195,False
sample_08842.jpg,0.45822083955165505,False
sample_08843.jpg,0.4176425948515091,False
sample_08844.jpg,0.4045292424383925,False
sample_08845.jpg,0.35822724217470864,False
sample_08846.jpg,0.3899948668083264,False
sample_08847.jpg,0.38853808233998083,False
sample_08848.jpg,0.38252683808745896,False
sample_08849.jpg,0.41088608110538993,False
sample_08850.jpg,0.40973826756118736,False
sample_08851.jpg,0.4502502442279807,False
sample_08852.jpg,0.4622000006637926,False
sample_08853.jpg,0.4246030382342112,False
sample_08854.jpg,0.44934732591335197,False
sample_08855.jpg,0.3756850279589256,False
sample_08856.jpg,0.48484816630720656,False
sample_08857.jpg,0.40182722697646234,False
sample_08858.jpg,0.4095028957678162,False
sample_08859.jpg,0.35891030242267974,False
sample_08860.jpg,0.4067081190842383,False
sample_08861.jpg,0.5117256217591405,False
sample_08862.jpg,0.4425745499171513,False
sample_08863.jpg,0.42905179838514507,False
sample_08864.jpg,0.3863203569723548,False
sample_08865.jpg,0.4857060666848688,False
sample_08866.jpg,0.38650756372582173,False
sample_08867.jpg,0.3916431665387593,False
sample_08868.jpg,0.4376387242151984,False
sample_08869.jpg,0.41532374266565736,False
sample_08870.jpg,0.433992483084648,False
sample_08871.jpg,0.3857631444641141,False
sample_08872.jpg,0.4659972972013378,False
sample_08873.jpg,0.39131181194674397,False
sample_08874.jpg,0.36577746772531483,False
sample_08875.jpg,0.40329150682995873,False
sample_08876.jpg,0.4375760236472568,False
sample_08877.jpg,0.4438857002584879,False
sample_08878.jpg,0.39240515895560824,False
sample_08879.jpg,0.3608589885565183,False
sample_08880.jpg,0.44399792625260803,False
sample_08881.jpg,0.42660184064199075,False
sample_08882.jpg,0.39095403373978027,False
sample_08883.jpg,0.48086030687799863,False
sample_08884.jpg,0.48374557784581523,False
sample_08885.jpg,0.38384165779603313,False
sample_08886.jpg,0.3835563370754101,False
sample_08887.jpg,0.44731155932201866,False
sample_08888.jpg,0.4165436177468543,False
sample_08889.jpg,0.41016344277205347,False
sample_08890.jpg,0.3995108401603546,False
sample_08891.jpg,0.4411176437754418,False
sample_08892.jpg,0.42590264718706833,False
sample_08893.jpg,0.4078191175545636,False
sample_08894.jpg,0.4041537296390887,False
sample_08895.jpg,0.41050816245498506,False
sample_08896.jpg,0.38201882755500643,False
sample_08897.jpg,0.3992656890453371,False
sample_08898.jpg,0.40555020570280564,False
sample_08899.jpg,0.3629772880292146,False
sample_08900.jpg,0.41054105439281297,False
sample_08901.jpg,0.37167604870052406,False
sample_08902.jpg,0.4311141872594516,False
sample_08903.jpg,0.41385903746645647,False
sample_08904.jpg,0.40493729468379414,False
sample_08905.jpg,0.4736549314489109,False
sample_08906.jpg,0.41966429674545996,False
sample_08907.jpg,0.36905314975396647,False
sample_08908.jpg,0.4517887360358031,False
sample_08909.jpg,0.4523131440559916,False
sample_08910.jpg,0.4509793997969936,False
sample_08911.jpg,0.40596639341507174,False
sample_08912.jpg,0.44771149924562065,False
sample_08913.jpg,0.3868510821910198,False
sample_08914.jpg,0.4057056802555591,False
sample_08915.jpg,0.36593387350170664,False
sample_08916.jpg,0.3884343536050998,False
sample_08917.jpg,0.43149413201856407,False
sample_08918.jpg,0.44689205276881006,False
sample_08919.jpg,0.4116811075760119,False
sample_08920.jpg,0.3984507950150561,False
sample_08921.jpg,0.4422759733298909,False
sample_08922.jpg,0.418516451439145,False
sample_08923.jpg,0.3960628038623675,False
sample_08924.jpg,0.3848350640945375,False
sample_08925.jpg,0.38211463077318697,False
sample_08926.jpg,0.3868843612653297,False
sample_08927.jpg,0.3984947413635514,False
sample_08928.jpg,0.3927608740954827,False
sample_08929.jpg,0.41248519370916625,False
sample_08930.jpg,0.45097447435909915,False
sample_08931.jpg,0.4494098184016146,False
sample_08932.jpg,0.45367937102813854,False
sample_08933.jpg,0.420215030714567,False
sample_08934.jpg,0.4722880937656149,False
sample_08935.jpg,0.3767199462530982,False
sample_08936.jpg,0.45459860746371,False
sample_08937.jpg,0.37984205063594473,False
sample_08938.jpg,0.45682137676145124,False
sample_08939.jpg,0.39942633780789927,False
sample_08940.jpg,0.41939172471858877,False
sample_08941.jpg,0.4099061103292974,False
sample_08942.jpg,0.4560361986678873,False
sample_08943.jpg,0.382330434686052,False
sample_08944.jpg,0.4479502304202441,False
sample_08945.jpg,0.4366819631552348,False
sample_08946.jpg,0.4402173560628401,False
sample_08947.jpg,0.3886691779130886,False
sample_08948.jpg,0.4061558577375085,False
sample_08949.jpg,0.41891577651552564,False
sample_08950.jpg,0.3800665065835099,False
sample_08951.jpg,0.4565502413505023,False
sample_08952.jpg,0.37599302662080747,False
sample_08953.jpg,0.3948718745653001,False
sample_08954.jpg,0.4336458764832057,False
sample_08955.jpg,0.4224600950377769,False
sample_08956.jpg,0.38999193799138465,False
sample_08957.jpg,0.38881082629004254,False
sample_08958.jpg,0.44623654711830885,False
sample_08959.jpg,0.43500832755083646,False
sample_08960.jpg,0.4227630279375722,False
sample_08961.jpg,0.4008172348348733,False
sample_08962.jpg,0.4184704830340424,False
sample_08963.jpg,0.39474600278208094,False
sample_08964.jpg,0.4545922947485308,False
sample_08965.jpg,0.4079979835913267,False
sample_08966.jpg,0.3864081322597838,False
sample_08967.jpg,0.4607841658274927,False
sample_08968.jpg,0.4066403149719967,False
sample_08969.jpg,0.4401840017470759,False
sample_08970.jpg,0.42590692882353404,False
sample_08971.jpg,0.4559131700007914,False
sample_08972.jpg,0.4260671346046434,False
sample_08973.jpg,0.4235043758930945,False
sample_08974.jpg,0.4571835449489972,False
sample_08975.jpg,0.37100920494441086,False
sample_08976.jpg,0.41948179690469983,False
sample_08977.jpg,0.39876763402740106,False
sample_08978.jpg,0.3864359777487429,False
sample_08979.jpg,0.4124101300209425,False
sample_08980.jpg,0.43570976870187667,False
sample_08981.jpg,0.3845646145535465,False
sample_08982.jpg,0.38836802652061925,False
sample_08983.jpg,0.45506311954106676,False
sample_08984.jpg,0.4330397458941444,False
sample_08985.jpg,0.4474869915969355,False
sample_08986.jpg,0.4481466387265771,False
sample_08987.jpg,0.38748486924205,False
sample_08988.jpg,0.39016585216780214,False
sample_08989.jpg,0.4203257256468074,False
sample_08990.jpg,0.4823107915743551,False
sample_08991.jpg,0.37754069627656267,False
sample_08992.jpg,0.38972556657540514,False
sample_08993.jpg,0.437044549396237,False
sample_08994.jpg,0.3768350163703721,False
sample_08995.jpg,0.4594344676843603,False
sample_08996.jpg,0.46110501431781586,False
sample_08997.jpg,0.421729419633716,False
sample_08998.jpg,0.4290468800973353,False
sample_08999.jpg,0.4855430490719967,False
sample_09000.jpg,0.4664467425753804,False
sample_09001.jpg,0.3719915835617091,False
sample_09002.jpg,0.4713927223705406,False
sample_09003.jpg,0.46475932059009395,False
sample_09004.jpg,0.4426248117824818,False
sample_09005.jpg,0.4479283319052718,False
sample_09006.jpg,0.4129261266869213,False
sample_09007.jpg,0.47079690205279845,False
sample_09008.jpg,0.44152407052695897,False
sample_09009.jpg,0.3638250540149012,False
sample_09010.jpg,0.4908036191987306,False
sample_09011.jpg,0.4187413940370063,False
sample_09012.jpg,0.4192941994940386,False
sample_09013.jpg,0.4191175533393388,False
sample_09014.jpg,0.4944526624427852,False
sample_09015.jpg,0.4538711647013147,False
sample_09016.jpg,0.38530252626982847,False
sample_09017.jpg,0.41230468576624335,False
sample_09018.jpg,0.4605025901914528,False
sample_09019.jpg,0.46319424296963907,False
sample_09020.jpg,0.39539528543835767,False
sample_09021.jpg,0.4048251290697419,False
sample_09022.jpg,0.41401498973501666,False
sample_09023.jpg,0.44194783671007015,False
sample_09024.jpg,0.40981647343938193,False
sample_09025.jpg,0.4104512237724202,False
sample_09026.jpg,0.4175305227969564,False
sample_09027.jpg,0.4776159124470344,False
sample_09028.jpg,0.4122930447296347,False
sample_09029.jpg,0.3914975202438309,False
sample_09030.jpg,0.46177258327037585,False
sample_09031.jpg,0.3825065064838132,False
sample_09032.jpg,0.43935023548398844,False
sample_09033.jpg,0.4332002423922104,False
sample_09034.jpg,0.4426508289149995,False
sample_09035.jpg,0.37361826488198735,False
sample_09036.jpg,0.45040181168234794,False
sample_09037.jpg,0.4712025167520375,False
sample_09038.jpg,0.4375917664098969,False
sample_09039.jpg,0.4576323250880715,False
sample_09040.jpg,0.44298486192575276,False
sample_09041.jpg,0.4374952672059415,False
sample_09042.jpg,0.38437189376246905,False
sample_09043.jpg,0.3923783731082737,False
sample_09044.jpg,0.4140006138477179,False
sample_09045.jpg,0.42484559566560703,False
sample_09046.jpg,0.4655586439514984,False
sample_09047.jpg,0.36910016054760775,False
sample_09048.jpg,0.3819779970036433,False
sample_09049.jpg,0.5097989328068925,False
sample_09050.jpg,0.43007748813906393,False
sample_09051.jpg,0.3883283614711461,False
sample_09052.jpg,0.4465750666370499,False
sample_09053.jpg,0.4379807606116085,False
sample_09054.jpg,0.3940306277075852,False
sample_09055.jpg,0.4394331340015745,False
sample_09056.jpg,0.39045683145950305,False
sample_09057.jpg,0.35700612191672276,False
sample_09058.jpg,0.42045085361530854,False
sample_09059.jpg,0.43548425303635724,False
sample_09060.jpg,0.4267494506189112,False
sample_09061.jpg,0.4546508089282371,False
sample_09062.jpg,0.40732881260020726,False
sample_09063.jpg,0.4231962469025765,False
sample_09064.jpg,0.3705761144495158,False
sample_09065.jpg,0.40427855687311703,False
sample_09066.jpg,0.3569106819891057,False
sample_09067.jpg,0.5370287777284816,True
sample_09068.jpg,0.4046869458985043,False
sample_09069.jpg,0.3877590824554456,False
sample_09070.jpg,0.4013610528153607,False
sample_09071.jpg,0.42524446469549704,False
sample_09072.jpg,0.391989747490358,False
sample_09073.jpg,0.37454984988734547,False
sample_09074.jpg,0.38064731945703517,False
sample_09075.jpg,0.4020780108752992,False
sample_09076.jpg,0.45922741627189667,False
sample_09077.jpg,0.4273271954727878,False
sample_09078.jpg,0.43537020933585235,False
sample_09079.jpg,0.42731899877954604,False
sample_09080.jpg,0.3821522213819146,False
sample_09081.jpg,0.4056557460730487,False
sample_09082.jpg,0.4652715270354092,False
sample_09083.jpg,0.38542245881120574,False
sample_09084.jpg,0.3891508591543012,False
sample_09085.jpg,0.37982371092137374,False
sample_09086.jpg,0.4207596041366073,False
sample_09087.jpg,0.4408221283391777,False
sample_09088.jpg,0.4459174778703933,False
sample_09089.jpg,0.3891042376194743,False
sample_09090.jpg,0.37191036854967896,False
sample_09091.jpg,0.4251275318155441,False
sample_09092.jpg,0.4330720159346339,False
sample_09093.jpg,0.4410496667706571,False
sample_09094.jpg,0.4035839711555845,False
sample_09095.jpg,0.4632156989341605,False
sample_09096.jpg,0.40568773873944963,False
sample_09097.jpg,0.46423566322662835,False
sample_09098.jpg,0.41027528762567833,False
sample_09099.jpg,0.3983126705255174,False
sample_09100.jpg,0.39026651510417737,False
sample_09101.jpg,0.4068120804721757,False
sample_09102.jpg,0.434481902282405,False
sample_09103.jpg,0.4277901992145922,False
sample_09104.jpg,0.371337871360758,False
sample_09105.jpg,0.3904914767012274,False
sample_09106.jpg,0.4481896238655007,False
sample_09107.jpg,0.4732161685208869,False
sample_09108.jpg,0.3828164196143523,False
sample_09109.jpg,0.4311054717885987,False
sample_09110.jpg,0.39065302074619557,False
sample_09111.jpg,0.458393621433397,False
sample_09112.jpg,0.42665795385301397,False
sample_09113.jpg,0.43295443135799366,False
sample_09114.jpg,0.4634897358301199,False
sample_09115.jpg,0.35357268036179107,False
sample_09116.jpg,0.390118313806487,False
sample_09117.jpg,0.4500472368909182,False
sample_09118.jpg,0.3968335147016813,False
sample_09119.jpg,0.4411116962414556,False
sample_09120.jpg,0.46049143057527825,False
sample_09121.jpg,0.45910834382508275,False
sample_09122.jpg,0.3894133246464932,False
sample_09123.jpg,0.43475637943851536,False
sample_09124.jpg,0.4284575605343591,False
sample_09125.jpg,0.42241974730921095,False
sample_09126.jpg,0.42336678866891286,False
sample_09127.jpg,0.44966067303918644,False
sample_09128.jpg,0.43350530716198077,False
sample_09129.jpg,0.3881105930652319,False
sample_09130.jpg,0.3971539299058879,False
sample_09131.jpg,0.4294275655824685,False
sample_09132.jpg,0.44019124231215856,False
sample_09133.jpg,0.42228976815959285,False
sample_09134.jpg,0.4101292589046407,False
sample_09135.jpg,0.43491812035510574,False
sample_09136.jpg,0.4284599825453641,False
sample_09137.jpg,0.4064586973315172,False
sample_09138.jpg,0.40685226838323907,False
sample_09139.jpg,0.44522089064759246,False
sample_09140.jpg,0.3622858807302853,False
sample_09141.jpg,0.42344934271898665,False
sample_09142.jpg,0.4439407066627364,False
sample_09143.jpg,0.47890813349196915,False
sample_09144.jpg,0.4951883653989388,False
sample_09145.jpg,0.3797260141908688,False
sample_09146.jpg,0.3983175581917401,False
sample_09147.jpg,0.4410374335184253,False
sample_09148.jpg,0.38025250080649825,False
sample_09149.jpg,0.4467921699713223,False
sample_09150.jpg,0.3951339526218419,False
sample_09151.jpg,0.46139401962366633,False
sample_09152.jpg,0.46001283301556617,False
sample_09153.jpg,0.45246938763367756,False
sample_09154.jpg,0.41798294443460393,False
sample_09155.jpg,0.406737403404065,False
sample_09156.jpg,0.44026875566210066,False
sample_09157.jpg,0.411184765248659,False
sample_09158.jpg,0.41245412692930905,False
sample_09159.jpg,0.42841401426446857,False
sample_09160.jpg,0.3754342789567064,False
sample_09161.jpg,0.45011939715467225,False
sample_09162.jpg,0.4373237942100938,False
sample_09163.jpg,0.44067604224131085,False
sample_09164.jpg,0.42878516731742805,False
sample_09165.jpg,0.3699478304219141,False
sample_09166.jpg,0.3728265821102458,False
sample_09167.jpg,0.37458096368877747,False
sample_09168.jpg,0.46301081970318636,False
sample_09169.jpg,0.3798994921684789,False
sample_09170.jpg,0.4116295028636057,False
sample_09171.jpg,0.4009689468953169,False
sample_09172.jpg,0.36660687251076207,False
sample_09173.jpg,0.41347526389685485,False
sample_09174.jpg,0.39164749967216095,False
sample_09175.jpg,0.3718770119574673,False
sample_09176.jpg,0.45095277540139506,False
sample_09177.jpg,0.46898665101273035,False
sample_09178.jpg,0.41239352126643847,False
sample_09179.jpg,0.41881149711484816,False
sample_09180.jpg,0.40154196469490866,False
sample_09181.jpg,0.42682341747128116,False
sample_09182.jpg,0.38822624602645806,False
sample_09183.jpg,0.39718009026328716,False
sample_09184.jpg,0.4291281967144982,False
sample_09185.jpg,0.39776826553013234,False
sample_09186.jpg,0.463874668184438,False
sample_09187.jpg,0.36346154240765627,False
sample_09188.jpg,0.4703750371502608,False
sample_09189.jpg,0.45055710852835174,False
sample_09190.jpg,0.4193214155906658,False
sample_09191.jpg,0.40525688289409006,False
sample_09192.jpg,0.387157503410701,False
sample_09193.jpg,0.38033080128738433,False
sample_09194.jpg,0.3820328214737474,False
sample_09195.jpg,0.3727527793891099,False
sample_09196.jpg,0.3905681502744458,False
sample_09197.jpg,0.4215551383761241,False
sample_09198.jpg,0.3656218327823243,False
sample_09199.jpg,0.423026090808142,False
sample_09200.jpg,0.3805640343520039,False
sample_09201.jpg,0.44238338466916916,False
sample_09202.jpg,0.3746769017589285,False
sample_09203.jpg,0.4175991371075935,False
sample_09204.jpg,0.4686434090492329,False
sample_09205.jpg,0.45207675711651457,False
sample_09206.jpg,0.37888369455359616,False
sample_09207.jpg,0.4150559054837623,False
sample_09208.jpg,0.469864038611066,False
sample_09209.jpg,0.3872280865738511,False
sample_09210.jpg,0.4490952225682757,False
sample_09211.jpg,0.43711224021693246,False
sample_09212.jpg,0.41172736792998343,False
sample_09213.jpg,0.41351916355743035,False
sample_09214.jpg,0.4479066671522689,False
sample_09215.jpg,0.3632455272990633,False
sample_09216.jpg,0.4264558445264384,False
sample_09217.jpg,0.4496985581102234,False
sample_09218.jpg,0.40251992970702516,False
sample_09219.jpg,0.39768738666702447,False
sample_09220.jpg,0.38075709833332877,False
sample_09221.jpg,0.43986233734138,False
sample_09222.jpg,0.4421619356117118,False
sample_09223.jpg,0.40319197851963057,False
sample_09224.jpg,0.38163585156852364,False
sample_09225.jpg,0.43698457737576907,False
sample_09226.jpg,0.43804468597715035,False
sample_09227.jpg,0.40448905166596527,False
sample_09228.jpg,0.3821399151570392,False
sample_09229.jpg,0.4178608075533606,False
sample_09230.jpg,0.38956073493503207,False
sample_09231.jpg,0.438613266432037,False
sample_09232.jpg,0.39536525258337135,False
sample_09233.jpg,0.417427106603553,False
sample_09234.jpg,0.42210103671677984,False
sample_09235.jpg,0.4714116106976081,False
sample_09236.jpg,0.44175861390080606,False
sample_09237.jpg,0.3570285215041266,False
sample_09238.jpg,0.4462470280364117,False
sample_09239.jpg,0.3929089997213277,False
sample_09240.jpg,0.39867007044993863,False
sample_09241.jpg,0.3881473877872418,False
sample_09242.jpg,0.38145915432873384,False
sample_09243.jpg,0.4330107914031188,False
sample_09244.jpg,0.45542792013979017,False
sample_09245.jpg,0.4648716314386358,False
sample_09246.jpg,0.3818157941039876,False
sample_09247.jpg,0.4472077025517209,False
sample_09248.jpg,0.4305122665917271,False
sample_09249.jpg,0.43938717845756,False
sample_09250.jpg,0.39533850579047536,False
sample_09251.jpg,0.4208912986942019,False
sample_09252.jpg,0.4319162857841928,False
sample_09253.jpg,0.4319787667885049,False
sample_09254.jpg,0.41143064560591197,False
sample_09255.jpg,0.42378787761356757,False
sample_09256.jpg,0.4211397594481244,False
sample_09257.jpg,0.4462124517152927,False
sample_09258.jpg,0.4059363268885485,False
sample_09259.jpg,0.43527918560183093,False
sample_09260.jpg,0.38864490597980705,False
sample_09261.jpg,0.37156791613313783,False
sample_09262.jpg,0.3760206125768585,False
sample_09263.jpg,0.40690635017904037,False
sample_09264.jpg,0.4113443101629202,False
sample_09265.jpg,0.4417858977852063,False
sample_09266.jpg,0.3675376609721985,False
sample_09267.jpg,0.40561342169487946,False
sample_09268.jpg,0.41355682300222724,False
sample_09269.jpg,0.3881055637622639,False
sample_09270.jpg,0.44941575708426684,False
sample_09271.jpg,0.4280457974595654,False
sample_09272.jpg,0.4419799526779719,False
sample_09273.jpg,0.42001308604556326,False
sample_09274.jpg,0.43579640181186163,False
sample_09275.jpg,0.47276801292259624,False
sample_09276.jpg,0.4483815244270265,False
sample_09277.jpg,0.38504507926092046,False
sample_09278.jpg,0.4457333644850742,False
sample_09279.jpg,0.4139522082849768,False
sample_09280.jpg,0.47608632361557557,False
sample_09281.jpg,0.4172985391085736,False
sample_09282.jpg,0.4274535021467457,False
sample_09283.jpg,0.42147208359904403,False
sample_09284.jpg,0.39384609266891757,False
sample_09285.jpg,0.4177192612557957,False
sample_09286.jpg,0.40372244871589125,False
sample_09287.jpg,0.40066800029922633,False
sample_09288.jpg,0.40112029369484126,False
sample_09289.jpg,0.40173280387749244,False
sample_09290.jpg,0.39378017278286404,False
sample_09291.jpg,0.44923206062014204,False
sample_09292.jpg,0.43529768602232,False
sample_09293.jpg,0.39361388790165286,False
sample_09294.jpg,0.42709708972918287,False
sample_09295.jpg,0.3897503941942459,False
sample_09296.jpg,0.40571979394142316,False
sample_09297.jpg,0.35708567116861356,False
sample_09298.jpg,0.4798820803966078,False
sample_09299.jpg,0.4326235490804908,False
sample_09300.jpg,0.3814709219027478,False
sample_09301.jpg,0.42364666585259225,False
sample_09302.jpg,0.4293701818569829,False
sample_09303.jpg,0.36990099395642767,False
sample_09304.jpg,0.42814767592154757,False
sample_09305.jpg,0.3929336446961551,False
sample_09306.jpg,0.43300416576344175,False
sample_09307.jpg,0.42762195778089557,False
sample_09308.jpg,0.36832453769477774,False
sample_09309.jpg,0.3749344059951715,False
sample_09310.jpg,0.4440870608966478,False
sample_09311.jpg,0.36062916256271327,False
sample_09312.jpg,0.43942570910350565,False
sample_09313.jpg,0.3742694350804407,False
sample_09314.jpg,0.4609996559921265,False
sample_09315.jpg,0.4602564003541071,False
sample_09316.jpg,0.3920934715717975,False
sample_09317.jpg,0.4509537369435986,False
sample_09318.jpg,0.43938532174644584,False
sample_09319.jpg,0.4009047165496291,False
sample_09320.jpg,0.40108605281978393,False
sample_09321.jpg,0.4092724426908414,False
sample_09322.jpg,0.4565396758759749,False
sample_09323.jpg,0.46038226242469626,False
sample_09324.jpg,0.3809208590018235,False
sample_09325.jpg,0.42958303332196246,False
sample_09326.jpg,0.39466040873283526,False
sample_09327.jpg,0.379692699876296,False
sample_09328.jpg,0.3802919855252801,False
sample_09329.jpg,0.4456331557301789,False
sample_09330.jpg,0.36033772420369803,False
sample_09331.jpg,0.4020289423780447,False
sample_09332.jpg,0.39272546989930013,False
sample_09333.jpg,0.4300174797112689,False
sample_09334.jpg,0.4434089947781103,False
sample_09335.jpg,0.4625406678608753,False
sample_09336.jpg,0.42447011610865676,False
sample_09337.jpg,0.41850383390384144,False
sample_09338.jpg,0.4302332259363238,False
sample_09339.jpg,0.38347715585273384,False
sample_09340.jpg,0.4039316918092155,False
sample_09341.jpg,0.4642663155786329,False
sample_09342.jpg,0.4462162000843234,False
sample_09343.jpg,0.41951617271374475,False
sample_09344.jpg,0.4488243361865051,False
sample_09345.jpg,0.4863395178725844,False
sample_09346.jpg,0.46458694019517277,False
sample_09347.jpg,0.44575353038147353,False
sample_09348.jpg,0.4562795145942788,False
sample_09349.jpg,0.4474318830273051,False
sample_09350.jpg,0.4458501355661434,False
sample_09351.jpg,0.3838536425764441,False
sample_09352.jpg,0.36600718387457293,False
sample_09353.jpg,0.47838240463229914,False
sample_09354.jpg,0.4089833191041685,False
sample_09355.jpg,0.49240412555167024,False
sample_09356.jpg,0.40107977075482937,False
sample_09357.jpg,0.499465993553311,False
sample_09358.jpg,0.40761179415877585,False
sample_09359.jpg,0.46393090857699454,False
sample_09360.jpg,0.4190280770246151,False
sample_09361.jpg,0.39693805756070416,False
sample_09362.jpg,0.4010113280489754,False
sample_09363.jpg,0.4539011956675962,False
sample_09364.jpg,0.40196848636633287,False
sample_09365.jpg,0.39165762966145234,False
sample_09366.jpg,0.44384762401705674,False
sample_09367.jpg,0.4840526198986604,False
sample_09368.jpg,0.4426513914200917,False
sample_09369.jpg,0.4064614286839233,False
sample_09370.jpg,0.4491479585656946,False
sample_09371.jpg,0.45602727995122677,False
sample_09372.jpg,0.4824780408270019,False
sample_09373.jpg,0.38718383107881954,False
sample_09374.jpg,0.3821491711615625,False
sample_09375.jpg,0.44306113983456363,False
sample_09376.jpg,0.4636156419288177,False
sample_09377.jpg,0.40365732758948397,False
sample_09378.jpg,0.41723091753967473,False
sample_09379.jpg,0.3962873714534402,False
sample_09380.jpg,0.402721012588971,False
sample_09381.jpg,0.41467440409514816,False
sample_09382.jpg,0.39114672139753376,False
sample_09383.jpg,0.4176559941701431,False
sample_09384.jpg,0.44392170490403676,False
sample_09385.jpg,0.3880900056555338,False
sample_09386.jpg,0.3789555029633966,False
sample_09387.jpg,0.43132148789237046,False
sample_09388.jpg,0.45948497321688536,False
sample_09389.jpg,0.4015970125559307,False
sample_09390.jpg,0.3985711209665179,False
sample_09391.jpg,0.3840132945149742,False
sample_09392.jpg,0.4736076288783938,False
sample_09393.jpg,0.40385032226088735,False
sample_09394.jpg,0.3894118491181082,False
sample_09395.jpg,0.5111427854335265,False
sample_09396.jpg,0.4253092642145166,False
sample_09397.jpg,0.42598013774030924,False
sample_09398.jpg,0.3766372719139823,False
sample_09399.jpg,0.5051673700336792,False
sample_09400.jpg,0.36279929016120566,False
sample_09401.jpg,0.4072100486065237,False
sample_09402.jpg,0.36350286380246993,False
sample_09403.jpg,0.5034075409787855,False
sample_09404.jpg,0.45609141171558254,False
sample_09405.jpg,0.37023530449203923,False
sample_09406.jpg,0.39572139893863156,False
sample_09407.jpg,0.36568409774019206,False
sample_09408.jpg,0.46834919061939156,False
sample_09409.jpg,0.37222363661352603,False
sample_09410.jpg,0.3971179203749199,False
sample_09411.jpg,0.40399211499428395,False
sample_09412.jpg,0.4450287673482555,False
sample_09413.jpg,0.3818613985844853,False
sample_09414.jpg,0.4474055940720547,False
sample_09415.jpg,0.40146193362402655,False
sample_09416.jpg,0.3823639139847166,False
sample_09417.jpg,0.436420426742893,False
sample_09418.jpg,0.464245103016191,False
sample_09419.jpg,0.4343180228640624,False
sample_09420.jpg,0.3974252053104044,False
sample_09421.jpg,0.44519801226602324,False
sample_09422.jpg,0.4183890403731777,False
sample_09423.jpg,0.4573222402421716,False
sample_09424.jpg,0.5162363107794612,False
sample_09425.jpg,0.48700486333817034,False
sample_09426.jpg,0.42035498720923753,False
sample_09427.jpg,0.4534260685007753,False
sample_09428.jpg,0.3811109594410947,False
sample_09429.jpg,0.42412143612718406,False
sample_09430.jpg,0.48792763994428,False
sample_09431.jpg,0.4677021918923902,False
sample_09432.jpg,0.40305960656775364,False
sample_09433.jpg,0.38491335734602183,False
sample_09434.jpg,0.43268991294550496,False
sample_09435.jpg,0.39192222118611014,False
sample_09436.jpg,0.42506552026494526,False
sample_09437.jpg,0.43672891339640707,False
sample_09438.jpg,0.48562311780947093,False
sample_09439.jpg,0.5065603034875619,False
sample_09440.jpg,0.45304682020750325,False
sample_09441.jpg,0.41509650349071553,False
sample_09442.jpg,0.41769558104926363,False
sample_09443.jpg,0.4508537195159711,False
sample_09444.jpg,0.3695780487181786,False
sample_09445.jpg,0.4311159336354436,False
sample_09446.jpg,0.4273452865297173,False
sample_09447.jpg,0.4086415190738406,False
sample_09448.jpg,0.4089460919670199,False
sample_09449.jpg,0.41622794367679433,False
sample_09450.jpg,0.3714937168212105,False
sample_09451.jpg,0.4030922861968634,False
sample_09452.jpg,0.39504821808111346,False
sample_09453.jpg,0.4933252421786768,False
sample_09454.jpg,0.4397324398159145,False
sample_09455.jpg,0.4707243343391802,False
sample_09456.jpg,0.442827754674822,False
sample_09457.jpg,0.44512324699834555,False
sample_09458.jpg,0.4655924118491821,False
sample_09459.jpg,0.3978703634504956,False
sample_09460.jpg,0.39166833065085715,False
sample_09461.jpg,0.4607754587209433,False
sample_09462.jpg,0.41081818447456314,False
sample_09463.jpg,0.4590378646393272,False
sample_09464.jpg,0.49243190780617685,False
sample_09465.jpg,0.4067520773746091,False
sample_09466.jpg,0.4536894891813938,False
sample_09467.jpg,0.41611373159814186,False
sample_09468.jpg,0.44105879367882006,False
sample_09469.jpg,0.40814578169665605,False
sample_09470.jpg,0.41307294234424885,False
sample_09471.jpg,0.37751513335686326,False
sample_09472.jpg,0.4704169247676629,False
sample_09473.jpg,0.4168612489581717,False
sample_09474.jpg,0.41842898339506435,False
sample_09475.jpg,0.45485591886890436,False
sample_09476.jpg,0.4000015791112479,False
sample_09477.jpg,0.38658283101896174,False
sample_09478.jpg,0.4363343164225692,False
sample_09479.jpg,0.44764177672563027,False
sample_09480.jpg,0.3767242960816695,False
sample_09481.jpg,0.4896669552527364,False
sample_09482.jpg,0.3999557245615728,False
sample_09483.jpg,0.4376943164492907,False
sample_09484.jpg,0.37899941657194264,False
sample_09485.jpg,0.4274974620104223,False
sample_09486.jpg,0.46348196720019086,False
sample_09487.jpg,0.46170449834215677,False
sample_09488.jpg,0.411985696681029,False
sample_09489.jpg,0.45561329856659877,False
sample_09490.jpg,0.42145578034464354,False
sample_09491.jpg,0.37387597525833083,False
sample_09492.jpg,0.37273756970810695,False
sample_09493.jpg,0.457131907852192,False
sample_09494.jpg,0.43385512214034666,False
sample_09495.jpg,0.3835414321317603,False
sample_09496.jpg,0.4161716068237396,False
sample_09497.jpg,0.5099443805137902,False
sample_09498.jpg,0.45432750707035163,False
sample_09499.jpg,0.37556336614046487,False
sample_09500.jpg,0.41501775521310647,False
sample_09501.jpg,0.49951742490610584,False
sample_09502.jpg,0.432560059064154,False
sample_09503.jpg,0.42296245333349947,False
sample_09504.jpg,0.41222811478524674,False
sample_09505.jpg,0.373553332582014,False
sample_09506.jpg,0.4029678458965586,False
sample_09507.jpg,0.4709856445464859,False
sample_09508.jpg,0.43305316938036514,False
sample_09509.jpg,0.41903086545479445,False
sample_09510.jpg,0.44687440405515616,False
sample_09511.jpg,0.40313467108908413,False
sample_09512.jpg,0.37192820793491366,False
sample_09513.jpg,0.4273041910488768,False
sample_09514.jpg,0.37437607230415404,False
sample_09515.jpg,0.4494110986842059,False
sample_09516.jpg,0.44363213582766614,False
sample_09517.jpg,0.4042749576240161,False
sample_09518.jpg,0.43838228891703274,False
sample_09519.jpg,0.42086299316692355,False
sample_09520.jpg,0.3966204901584175,False
sample_09521.jpg,0.4313438271820898,False
sample_09522.jpg,0.4183703858917018,False
sample_09523.jpg,0.4644088747997903,False
sample_09524.jpg,0.46986986191566005,False
sample_09525.jpg,0.43628635766991164,False
sample_09526.jpg,0.38422027593881414,False
sample_09527.jpg,0.4000370560103154,False
sample_09528.jpg,0.41836151792658627,False
sample_09529.jpg,0.43531523415665374,False
sample_09530.jpg,0.4840133480742876,False
sample_09531.jpg,0.419189296118719,False
sample_09532.jpg,0.4291162095677528,False
sample_09533.jpg,0.42234098917130874,False
sample_09534.jpg,0.39700151905388653,False
sample_09535.jpg,0.41744008810382777,False
sample_09536.jpg,0.4118122132588775,False
sample_09537.jpg,0.44930330614536496,False
sample_09538.jpg,0.3952793799165431,False
sample_09539.jpg,0.4055694547254626,False
sample_09540.jpg,0.4113767527419518,False
sample_09541.jpg,0.4767192056923098,False
sample_09542.jpg,0.39996020664227483,False
sample_09543.jpg,0.49558414758930847,False
sample_09544.jpg,0.3926329721905732,False
sample_09545.jpg,0.43136662678895815,False
sample_09546.jpg,0.3817558451672892,False
sample_09547.jpg,0.43516386914428296,False
sample_09548.jpg,0.40968831998740446,False
sample_09549.jpg,0.4090367839382347,False
sample_09550.jpg,0.517986035924877,False
sample_09551.jpg,0.3778579983741843,False
sample_09552.jpg,0.4550139097744075,False
sample_09553.jpg,0.43298295570697154,False
sample_09554.jpg,0.38609263336354943,False
sample_09555.jpg,0.4116325974706178,False
sample_09556.jpg,0.39574002439961115,False
sample_09557.jpg,0.4086048386032801,False
sample_09558.jpg,0.3998161402773647,False
sample_09559.jpg,0.4177359164830751,False
sample_09560.jpg,0.43446662651168955,False
sample_09561.jpg,0.38513295780240814,False
sample_09562.jpg,0.41597060445327355,False
sample_09563.jpg,0.38004908331968434,False
sample_09564.jpg,0.4276850626494137,False
sample_09565.jpg,0.4596223885331833,False
sample_09566.jpg,0.474242511018316,False
sample_09567.jpg,0.3599672374384746,False
sample_09568.jpg,0.37546044103793635,False
sample_09569.jpg,0.3885635494561829,False
sample_09570.jpg,0.4421917737343824,False
sample_09571.jpg,0.371857655491222,False
sample_09572.jpg,0.44164855318152374,False
sample_09573.jpg,0.4029403513584701,False
sample_09574.jpg,0.41714780642097427,False
sample_09575.jpg,0.41408789956370834,False
sample_09576.jpg,0.3940277822951156,False
sample_09577.jpg,0.42039327753187056,False
sample_09578.jpg,0.4309490136791153,False
sample_09579.jpg,0.38789493702417344,False
sample_09580.jpg,0.40832932314894105,False
sample_09581.jpg,0.41785508508890923,False
sample_09582.jpg,0.4457503851674077,False
sample_09583.jpg,0.50259815802846,False
sample_09584.jpg,0.4159125618068898,False
sample_09585.jpg,0.40550800360597106,False
sample_09586.jpg,0.3918203339287844,False
sample_09587.jpg,0.387017296320997,False
sample_09588.jpg,0.4855279621400908,False
sample_09589.jpg,0.42608853705810495,False
sample_09590.jpg,0.37766861710801636,False
sample_09591.jpg,0.40074333380625143,False
sample_09592.jpg,0.41202175302569893,False
sample_09593.jpg,0.4524385320061822,False
sample_09594.jpg,0.41658756131222074,False
sample_09595.jpg,0.425478514499508,False
sample_09596.jpg,0.45165298020808253,False
sample_09597.jpg,0.4128708327315654,False
sample_09598.jpg,0.41922506944505356,False
sample_09599.jpg,0.3899626914121863,False
sample_09600.jpg,0.4417757587061451,False
sample_09601.jpg,0.48576469906867653,False
sample_09602.jpg,0.38492807895199693,False
sample_09603.jpg,0.38614060921090076,False
sample_09604.jpg,0.4804458484329397,False
sample_09605.jpg,0.40273710325315903,False
sample_09606.jpg,0.41133216449457394,False
sample_09607.jpg,0.4679940878992977,False
sample_09608.jpg,0.4541955825482767,False
sample_09609.jpg,0.42609099861743116,False
sample_09610.jpg,0.3869261056250778,False
sample_09611.jpg,0.39649743868368187,False
sample_09612.jpg,0.3702489049627112,False
sample_09613.jpg,0.3969721771216717,False
sample_09614.jpg,0.4033137152287906,False
sample_09615.jpg,0.41161110115768873,False
sample_09616.jpg,0.4344717510082371,False
sample_09617.jpg,0.41114029082461095,False
sample_09618.jpg,0.4754496462699345,False
sample_09619.jpg,0.4077822885356561,False
sample_09620.jpg,0.403724740768415,False
sample_09621.jpg,0.42272758457822174,False
sample_09622.jpg,0.41098669579219776,False
sample_09623.jpg,0.3905736789594718,False
sample_09624.jpg,0.482657802550682,False
sample_09625.jpg,0.44544692359984045,False
sample_09626.jpg,0.45323696990644063,False
sample_09627.jpg,0.434201084751228,False
sample_09628.jpg,0.3775281185223847,False
sample_09629.jpg,0.4068284876214357,False
sample_09630.jpg,0.4044193912485124,False
sample_09631.jpg,0.4433227226805073,False
sample_09632.jpg,0.40061925951494554,False
sample_09633.jpg,0.43795864566931714,False
sample_09634.jpg,0.4442993885664394,False
sample_09635.jpg,0.40346580359128215,False
sample_09636.jpg,0.3936751487525031,False
sample_09637.jpg,0.3932835878146312,False
sample_09638.jpg,0.4016482950938294,False
sample_09639.jpg,0.42601033457492354,False
sample_09640.jpg,0.4033964077449723,False
sample_09641.jpg,0.3823780904048986,False
sample_09642.jpg,0.40997110574481666,False
sample_09643.jpg,0.39018805359935343,False
sample_09644.jpg,0.356180552489036,False
sample_09645.jpg,0.40483950258824986,False
sample_09646.jpg,0.4265422773548597,False
sample_09647.jpg,0.44380126197607633,False
sample_09648.jpg,0.3954415771667565,False
sample_09649.jpg,0.43525571917093425,False
sample_09650.jpg,0.40961883001326715,False
sample_09651.jpg,0.44204352858335827,False
sample_09652.jpg,0.38791491305431935,False
sample_09653.jpg,0.4013133167769098,False
sample_09654.jpg,0.400656048360596,False
sample_09655.jpg,0.49073602539888134,False
sample_09656.jpg,0.40386761836361085,False
sample_09657.jpg,0.3797071445643964,False
sample_09658.jpg,0.3749990074305358,False
sample_09659.jpg,0.4194633610727171,False
sample_09660.jpg,0.4711806212201954,False
sample_09661.jpg,0.4038680535756625,False
sample_09662.jpg,0.3878947296663953,False
sample_09663.jpg,0.37792943720938954,False
sample_09664.jpg,0.4135529884262494,False
sample_09665.jpg,0.4545571025026308,False
sample_09666.jpg,0.44044757820436276,False
sample_09667.jpg,0.4664793293998239,False
sample_09668.jpg,0.4169500001947435,False
sample_09669.jpg,0.44678391435632175,False
sample_09670.jpg,0.3825277321268047,False
sample_09671.jpg,0.3683213634405949,False
sample_09672.jpg,0.45491941215530585,False
sample_09673.jpg,0.39165962707040025,False
sample_09674.jpg,0.510748590271416,False
sample_09675.jpg,0.3835902861049346,False
sample_09676.jpg,0.44711978884750586,False
sample_09677.jpg,0.3810467513691059,False
sample_09678.jpg,0.42202021966989445,False
sample_09679.jpg,0.49260047625731695,False
sample_09680.jpg,0.42258414278520334,False
sample_09681.jpg,0.40289656075586233,False
sample_09682.jpg,0.3734847842998028,False
sample_09683.jpg,0.3998332435334942,False
sample_09684.jpg,0.3797140329180094,False
sample_09685.jpg,0.4298637281901334,False
sample_09686.jpg,0.39097542264218477,False
sample_09687.jpg,0.4440740730013457,False
sample_09688.jpg,0.3698775353746371,False
sample_09689.jpg,0.4263807259310327,False
sample_09690.jpg,0.45814925076577295,False
sample_09691.jpg,0.36442065126202555,False
sample_09692.jpg,0.38684045593130106,False
sample_09693.jpg,0.4610845960010419,False
sample_09694.jpg,0.368055112532515,False
sample_09695.jpg,0.44464072384485964,False
sample_09696.jpg,0.3712195265524818,False
sample_09697.jpg,0.4507820031307785,False
sample_09698.jpg,0.4053892884791119,False
sample_09699.jpg,0.3886085464667926,False
sample_09700.jpg,0.4048474441968724,False
sample_09701.jpg,0.4367552618588283,False
sample_09702.jpg,0.3686026472908174,False
sample_09703.jpg,0.37541242226324634,False
sample_09704.jpg,0.36993619635050934,False
sample_09705.jpg,0.4205991423780514,False
sample_09706.jpg,0.3984145373042355,False
sample_09707.jpg,0.452650347700783,False
sample_09708.jpg,0.3696850420817725,False
sample_09709.jpg,0.4130724267313,False
sample_09710.jpg,0.47177508560134274,False
sample_09711.jpg,0.4117684039109562,False
sample_09712.jpg,0.37510567803393546,False
sample_09713.jpg,0.47460432389006485,False
sample_09714.jpg,0.37665848787140893,False
sample_09715.jpg,0.41323331024939475,False
sample_09716.jpg,0.45465854702090264,False
sample_09717.jpg,0.496101997371903,False
sample_09718.jpg,0.4447190135192401,False
sample_09719.jpg,0.4146073443848654,False
sample_09720.jpg,0.3833946862737204,False
sample_09721.jpg,0.4482970231261751,False
sample_09722.jpg,0.4267882947544677,False
sample_09723.jpg,0.4260209658433357,False
sample_09724.jpg,0.37466676626116086,False
sample_09725.jpg,0.3717004350312056,False
sample_09726.jpg,0.5256411542722519,True
sample_09727.jpg,0.37817212652570154,False
sample_09728.jpg,0.37515715982069586,False
sample_09729.jpg,0.4573700372159585,False
sample_09730.jpg,0.39828034058526457,False
sample_09731.jpg,0.43506330726261616,False
sample_09732.jpg,0.4530441768440094,False
sample_09733.jpg,0.4065719233131288,False
sample_09734.jpg,0.43654830780677645,False
sample_09735.jpg,0.4135670618416775,False
sample_09736.jpg,0.45417800442004297,False
sample_09737.jpg,0.4482597522320515,False
sample_09738.jpg,0.4742032151693175,False
sample_09739.jpg,0.44749928952299256,False
sample_09740.jpg,0.4214328602997936,False
sample_09741.jpg,0.3856082566674755,False
sample_09742.jpg,0.3889577758346627,False
sample_09743.jpg,0.43482387590995875,False
sample_09744.jpg,0.5149294544286221,False
sample_09745.jpg,0.4351738734441828,False
sample_09746.jpg,0.38008118735123997,False
sample_09747.jpg,0.4170287942710568,False
sample_09748.jpg,0.4101399520202876,False
sample_09749.jpg,0.48032661509031965,False
sample_09750.jpg,0.49175507446138794,False
sample_09751.jpg,0.4014551102802912,False
sample_09752.jpg,0.3686590253412657,False
sample_09753.jpg,0.4085667690291708,False
sample_09754.jpg,0.37587026180401617,False
sample_09755.jpg,0.4098036749463147,False
sample_09756.jpg,0.38800564032845375,False
sample_09757.jpg,0.4132916857957083,False
sample_09758.jpg,0.4447136765384819,False
sample_09759.jpg,0.41500493420197604,False
sample_09760.jpg,0.49680682316213376,False
sample_09761.jpg,0.4272590318134648,False
sample_09762.jpg,0.41065624293104047,False
sample_09763.jpg,0.4537331154631845,False
sample_09764.jpg,0.46470782349729994,False
sample_09765.jpg,0.3683404455881742,False
sample_09766.jpg,0.3551190370340928,False
sample_09767.jpg,0.39171808476886555,False
sample_09768.jpg,0.46454284757178016,False
sample_09769.jpg,0.44203105351853267,False
sample_09770.jpg,0.3639920996435457,False
sample_09771.jpg,0.48555065234204603,False
sample_09772.jpg,0.43078375580344974,False
sample_09773.jpg,0.47118761719971186,False
sample_09774.jpg,0.43505818615631575,False
sample_09775.jpg,0.4608107301066543,False
sample_09776.jpg,0.4095398007746887,False
sample_09777.jpg,0.4660099607848935,False
sample_09778.jpg,0.41187357026172944,False
sample_09779.jpg,0.3800696242902837,False
sample_09780.jpg,0.40863367450266197,False
sample_09781.jpg,0.39594775048696473,False
sample_09782.jpg,0.42465586172774783,False
sample_09783.jpg,0.4230031443099374,False
sample_09784.jpg,0.40566742069974127,False
sample_09785.jpg,0.37672084700339953,False
sample_09786.jpg,0.44615233449423874,False
sample_09787.jpg,0.38667221729311213,False
sample_09788.jpg,0.4065116852877076,False
sample_09789.jpg,0.4316019321998769,False
sample_09790.jpg,0.44778729886886287,False
sample_09791.jpg,0.40319032637920293,False
sample_09792.jpg,0.45760286184349347,False
sample_09793.jpg,0.432114114064328,False
sample_09794.jpg,0.3783444630936081,False
sample_09795.jpg,0.46599438441979074,False
sample_09796.jpg,0.40560458264428845,False
sample_09797.jpg,0.40709475293698394,False
sample_09798.jpg,0.38717819472212567,False
sample_09799.jpg,0.45879238917865756,False
sample_09800.jpg,0.4084506120476578,False
sample_09801.jpg,0.3804441537614441,False
sample_09802.jpg,0.3960585493870682,False
sample_09803.jpg,0.41676999185552205,False
sample_09804.jpg,0.4414366418402685,False
sample_09805.jpg,0.4235203635211266,False
sample_09806.jpg,0.42666951029240957,False
sample_09807.jpg,0.41545428371989884,False
sample_09808.jpg,0.47365951401695716,False
sample_09809.jpg,0.41785164017181753,False
sample_09810.jpg,0.38146662933481734,False
sample_09811.jpg,0.39217874841184636,False
sample_09812.jpg,0.4553122636607224,False
sample_09813.jpg,0.39944020321630813,False
sample_09814.jpg,0.43121763696850784,False
sample_09815.jpg,0.3762244629076358,False
sample_09816.jpg,0.418306755076149,False
sample_09817.jpg,0.4137077839098682,False
sample_09818.jpg,0.39575040785960913,False
sample_09819.jpg,0.40691216383564904,False
sample_09820.jpg,0.42188917091669054,False
sample_09821.jpg,0.35997024058492677,False
sample_09822.jpg,0.3718382487353412,False
sample_09823.jpg,0.3623815821840984,False
sample_09824.jpg,0.4135680371391439,False
sample_09825.jpg,0.40681390909906684,False
sample_09826.jpg,0.4041102475860508,False
sample_09827.jpg,0.4208278047646134,False
sample_09828.jpg,0.5076466481408571,False
sample_09829.jpg,0.4346335705660284,False
sample_09830.jpg,0.36671037525867556,False
sample_09831.jpg,0.440787156496908,False
sample_09832.jpg,0.38969293141930667,False
sample_09833.jpg,0.3769899902989107,False
sample_09834.jpg,0.37906910823880363,False
sample_09835.jpg,0.387209957442566,False
sample_09836.jpg,0.38278967035920386,False
sample_09837.jpg,0.4823446394982033,False
sample_09838.jpg,0.4563469661203139,False
sample_09839.jpg,0.44111945328234864,False
sample_09840.jpg,0.4299383610358808,False
sample_09841.jpg,0.43481542751220226,False
sample_09842.jpg,0.3671656918723931,False
sample_09843.jpg,0.45139197805450965,False
sample_09844.jpg,0.4292125021308798,False
sample_09845.jpg,0.37478838446352875,False
sample_09846.jpg,0.4237201358458313,False
sample_09847.jpg,0.40253086662413023,False
sample_09848.jpg,0.46591412280673017,False
sample_09849.jpg,0.3946371315002004,False
sample_09850.jpg,0.42169192356474117,False
sample_09851.jpg,0.39785383308731587,False
sample_09852.jpg,0.3985046040060923,False
sample_09853.jpg,0.471171376735951,False
sample_09854.jpg,0.4094904430251546,False
sample_09855.jpg,0.4500870439921103,False
sample_09856.jpg,0.4260492214986685,False
sample_09857.jpg,0.36611831999924205,False
sample_09858.jpg,0.4762013683884221,False
sample_09859.jpg,0.38485872106841384,False
sample_09860.jpg,0.380157844136015,False
sample_09861.jpg,0.45094074413976404,False
sample_09862.jpg,0.4310157278663616,False
sample_09863.jpg,0.42738207552943874,False
sample_09864.jpg,0.3740044853927636,False
sample_09865.jpg,0.4228875709315135,False
sample_09866.jpg,0.4284646338899604,False
sample_09867.jpg,0.4660250437689785,False
sample_09868.jpg,0.37006653689350255,False
sample_09869.jpg,0.38441530756945624,False
sample_09870.jpg,0.39952350557970656,False
sample_09871.jpg,0.46508173740499686,False
sample_09872.jpg,0.41964902441246754,False
sample_09873.jpg,0.409760109976328,False
sample_09874.jpg,0.4031463588207261,False
sample_09875.jpg,0.4106827423219796,False
sample_09876.jpg,0.4681546761567976,False
sample_09877.jpg,0.41370140010205686,False
sample_09878.jpg,0.3838009310881287,False
sample_09879.jpg,0.4519567600881195,False
sample_09880.jpg,0.476097560015634,False
sample_09881.jpg,0.4089853278103416,False
sample_09882.jpg,0.41482193642219667,False
sample_09883.jpg,0.40100079472292427,False
sample_09884.jpg,0.41881577450933133,False
sample_09885.jpg,0.4638151257248917,False
sample_09886.jpg,0.40529883343018996,False
sample_09887.jpg,0.4025322558178184,False
sample_09888.jpg,0.45649905241223687,False
sample_09889.jpg,0.40562887110158163,False
sample_09890.jpg,0.4220695598510423,False
sample_09891.jpg,0.47647208395969654,False
sample_09892.jpg,0.41559201166935605,False
sample_09893.jpg,0.4181635936897264,False
sample_09894.jpg,0.3602008755117168,False
sample_09895.jpg,0.39094911513740804,False
sample_09896.jpg,0.4731157427279394,False
sample_09897.jpg,0.37670201825534944,False
sample_09898.jpg,0.3894666479340039,False
sample_09899.jpg,0.4187839242446611,False
sample_09900.jpg,0.3935268334994801,False
sample_09901.jpg,0.4045595793249431,False
sample_09902.jpg,0.43596792452410055,False
sample_09903.jpg,0.4561403112783803,False
sample_09904.jpg,0.40359637111482494,False
sample_09905.jpg,0.4423395171620242,False
sample_09906.jpg,0.4221386477046474,False
sample_09907.jpg,0.5057119719471102,False
sample_09908.jpg,0.38512681921447434,False
sample_09909.jpg,0.45199901857693675,False
sample_09910.jpg,0.40964386262265284,False
sample_09911.jpg,0.36934173844500157,False
sample_09912.jpg,0.48107591382776965,False
sample_09913.jpg,0.43850224082919775,False
sample_09914.jpg,0.42716359876047366,False
sample_09915.jpg,0.4252276661264935,False
sample_09916.jpg,0.4295810363908689,False
sample_09917.jpg,0.37601760593923267,False
sample_09918.jpg,0.5000356415623304,False
sample_09919.jpg,0.4309213088728207,False
sample_09920.jpg,0.4464360208297007,False
sample_09921.jpg,0.38964684640614844,False
sample_09922.jpg,0.37912336828624627,False
sample_09923.jpg,0.425258941285064,False
sample_09924.jpg,0.39135919937399466,False
sample_09925.jpg,0.49199173945354135,False
sample_09926.jpg,0.4258767986033519,False
sample_09927.jpg,0.43769781081186726,False
sample_09928.jpg,0.4751683190920164,False
sample_09929.jpg,0.40185974590819395,False
sample_09930.jpg,0.39818878827280996,False
sample_09931.jpg,0.4142733464274753,False
sample_09932.jpg,0.45357423716062967,False
sample_09933.jpg,0.39711712948697514,False
sample_09934.jpg,0.41730178533489715,False
sample_09935.jpg,0.36118397498842963,False
sample_09936.jpg,0.35385561060099585,False
sample_09937.jpg,0.4407102882880136,False
sample_09938.jpg,0.4075698926959454,False
sample_09939.jpg,0.37740749000695156,False
sample_09940.jpg,0.41861585905515813,False
sample_09941.jpg,0.3882906025998947,False
sample_09942.jpg,0.4496529074636651,False
sample_09943.jpg,0.4642359717318481,False
sample_09944.jpg,0.3787490797578227,False
sample_09945.jpg,0.3924569212975533,False
sample_09946.jpg,0.45593610926479006,False
sample_09947.jpg,0.435683293395828,False
sample_09948.jpg,0.374846171748155,False
sample_09949.jpg,0.45561525656676577,False
sample_09950.jpg,0.3641069280763189,False
sample_09951.jpg,0.3969744095124782,False
sample_09952.jpg,0.3906136834761891,False
sample_09953.jpg,0.38855150182960324,False
sample_09954.jpg,0.4895285739390752,False
sample_09955.jpg,0.4053752551640751,False
sample_09956.jpg,0.358889890619986,False
sample_09957.jpg,0.36970632958669164,False
sample_09958.jpg,0.4073457504130417,False
sample_09959.jpg,0.4636990194668831,False
sample_09960.jpg,0.36558147354267756,False
sample_09961.jpg,0.3955873166124249,False
sample_09962.jpg,0.45475025621341936,False
sample_09963.jpg,0.3887525307850938,False
sample_09964.jpg,0.3851576167518846,False
sample_09965.jpg,0.4027546598733799,False
sample_09966.jpg,0.38425087513268885,False
sample_09967.jpg,0.38500713350579874,False
sample_09968.jpg,0.4146656109324851,False
sample_09969.jpg,0.4684866858297003,False
sample_09970.jpg,0.45876292420455106,False
sample_09971.jpg,0.3870413155006523,False
sample_09972.jpg,0.4112648351709936,False
sample_09973.jpg,0.4310068625320978,False
sample_09974.jpg,0.45808458841866845,False
sample_09975.jpg,0.41742275662469147,False
sample_09976.jpg,0.45318106254320906,False
sample_09977.jpg,0.4318218813444601,False
sample_09978.jpg,0.38195066263904964,False
sample_09979.jpg,0.41389882669089517,False
sample_09980.jpg,0.3800284265192714,False
sample_09981.jpg,0.5175775272545192,False
sample_09982.jpg,0.4164506835657351,False
sample_09983.jpg,0.45951386204864436,False
sample_09984.jpg,0.447443270891078,False
sample_09985.jpg,0.4655953812366343,False
sample_09986.jpg,0.48339547727857485,False
sample_09987.jpg,0.4164652981250627,False
sample_09988.jpg,0.40784823227090194,False
sample_09989.jpg,0.4019152515783941,False
sample_09990.jpg,0.37275589478988647,False
sample_09991.jpg,0.43472956437310384,False
sample_09992.jpg,0.4020971726164589,False
sample_09993.jpg,0.41703496081216845,False
sample_09994.jpg,0.45648387127040885,False
sample_09995.jpg,0.3802294303312744,False
sample_09996.jpg,0.3826146398805458,False
sample_09997.jpg,0.38396954862458593,False
sample_09998.jpg,0.39724182723801454,False
sample_09999.jpg,0.4275722192415286,False
sample_10000.jpg,0.4444624991128504,False
sample_10001.jpg,0.4030733334377056,False
sample_10002.jpg,0.4023073585001433,False
sample_10003.jpg,0.4523074280312099,False
sample_10004.jpg,0.38570555576421867,False
sample_10005.jpg,0.3774071952489354,False
sample_10006.jpg,0.4778232064373111,False
sample_10007.jpg,0.47576354057903286,False
sample_10008.jpg,0.42448218532177423,False
sample_10009.jpg,0.449612088147069,False
sample_10010.jpg,0.3673594719972056,False
sample_10011.jpg,0.421595744561386,False
sample_10012.jpg,0.45219102543356365,False
sample_10013.jpg,0.3901798641933576,False
sample_10014.jpg,0.474691677478095,False
sample_10015.jpg,0.3851449274662267,False
sample_10016.jpg,0.38330621879090315,False
sample_10017.jpg,0.5165857731121889,False
sample_10018.jpg,0.41499615357855735,False
sample_10019.jpg,0.4318137396146066,False
sample_10020.jpg,0.4640417971820796,False
sample_10021.jpg,0.3999677717226286,False
sample_10022.jpg,0.43502196552922007,False
sample_10023.jpg,0.36393709364023574,False
sample_10024.jpg,0.3691384554176687,False
sample_10025.jpg,0.4075295319369521,False
sample_10026.jpg,0.41479004495579497,False
sample_10027.jpg,0.4526311199545476,False
sample_10028.jpg,0.4710271402211042,False
sample_10029.jpg,0.4447705799845353,False
sample_10030.jpg,0.5030376852131163,False
sample_10031.jpg,0.43589750507532415,False
sample_10032.jpg,0.36954835240224376,False
sample_10033.jpg,0.45344890214296746,False
sample_10034.jpg,0.4350102130148038,False
sample_10035.jpg,0.48147288698382684,False
sample_10036.jpg,0.39954025585745323,False
sample_10037.jpg,0.42974889542011174,False
sample_10038.jpg,0.3774729858733725,False
sample_10039.jpg,0.37953262312267827,False
sample_10040.jpg,0.4170695422246006,False
sample_10041.jpg,0.4624860399122617,False
sample_10042.jpg,0.4406926801524176,False
sample_10043.jpg,0.44143657631881167,False
sample_10044.jpg,0.3535798994459586,False
sample_10045.jpg,0.46557441515558134,False
sample_10046.jpg,0.38591472369762525,False
sample_10047.jpg,0.45895394403874823,False
sample_10048.jpg,0.440582022026309,False
sample_10049.jpg,0.3651413192372833,False
sample_10050.jpg,0.48101459296960064,False
sample_10051.jpg,0.5001384803248036,False
sample_10052.jpg,0.4330146264632259,False
sample_10053.jpg,0.43528532869801867,False
sample_10054.jpg,0.3853598859011402,False
sample_10055.jpg,0.40747739588539406,False
sample_10056.jpg,0.3973554458264792,False
sample_10057.jpg,0.36305456448993156,False
sample_10058.jpg,0.42608607200385706,False
sample_10059.jpg,0.4216733959584654,False
sample_10060.jpg,0.4148998867292992,False
sample_10061.jpg,0.389296045946013,False
sample_10062.jpg,0.42176191060635976,False
sample_10063.jpg,0.40636661368612514,False
sample_10064.jpg,0.4349850614486965,False
sample_10065.jpg,0.3871023493344621,False
sample_10066.jpg,0.41979120982135365,False
sample_10067.jpg,0.42973671570262434,False
sample_10068.jpg,0.49152328945728213,False
sample_10069.jpg,0.39874999768754454,False
sample_10070.jpg,0.3869541217842163,False
sample_10071.jpg,0.38651799943531556,False
sample_10072.jpg,0.37910350347668853,False
sample_10073.jpg,0.39901323759933244,False
sample_10074.jpg,0.4256471941152113,False
sample_10075.jpg,0.4555226312255149,False
sample_10076.jpg,0.5091031838632453,False
sample_10077.jpg,0.4778716814998199,False
sample_10078.jpg,0.4026240127343684,False
sample_10079.jpg,0.38640933119691556,False
sample_10080.jpg,0.4751546231224001,False
sample_10081.jpg,0.4845492063319723,False
sample_10082.jpg,0.3708367301058034,False
sample_10083.jpg,0.4020460589836992,False
sample_10084.jpg,0.4547268898981966,False
sample_10085.jpg,0.4438788904591551,False
sample_10086.jpg,0.38380833488627053,False
sample_10087.jpg,0.36954143850107574,False
sample_10088.jpg,0.4337481058032321,False
sample_10089.jpg,0.4592224109563003,False
sample_10090.jpg,0.41845239954421326,False
sample_10091.jpg,0.40955126836961564,False
sample_10092.jpg,0.4966693800854637,False
sample_10093.jpg,0.47137692853021257,False
sample_10094.jpg,0.3662851402197091,False
sample_10095.jpg,0.4779641899877102,False
sample_10096.jpg,0.4027451917465276,False
sample_10097.jpg,0.48332049908376573,False
sample_10098.jpg,0.46170446699543444,False
sample_10099.jpg,0.37852068424961216,False
sample_10100.jpg,0.4414559077759409,False
sample_10101.jpg,0.3668473517741999,False
sample_10102.jpg,0.39820990839727133,False
sample_10103.jpg,0.4310096969458565,False
sample_10104.jpg,0.4059003642571223,False
sample_10105.jpg,0.45152730016225207,False
sample_10106.jpg,0.4309155872642131,False
sample_10107.jpg,0.47445029568659147,False
sample_10108.jpg,0.41681948283840425,False
sample_10109.jpg,0.46284981104897965,False
sample_10110.jpg,0.45442688946618687,False
sample_10111.jpg,0.42828382793647046,False
sample_10112.jpg,0.39245307005909724,False
sample_10113.jpg,0.48565661943230676,False
sample_10114.jpg,0.4288509270367448,False
sample_10115.jpg,0.39017711895930546,False
sample_10116.jpg,0.39977382570265413,False
sample_10117.jpg,0.47828209739623123,False
sample_10118.jpg,0.48350944090875075,False
sample_10119.jpg,0.4267126199516003,False
sample_10120.jpg,0.3707428948611903,False
sample_10121.jpg,0.4319326067236469,False
sample_10122.jpg,0.4117895912263353,False
sample_10123.jpg,0.408787189468109,False
sample_10124.jpg,0.38206739556417857,False
sample_10125.jpg,0.45363903179189824,False
sample_10126.jpg,0.4051496912003507,False
sample_10127.jpg,0.47199501689987367,False
sample_10128.jpg,0.4456163808098066,False
sample_10129.jpg,0.3997845977371349,False
sample_10130.jpg,0.3883559170657001,False
sample_10131.jpg,0.4022127734895608,False
sample_10132.jpg,0.4477583106199004,False
sample_10133.jpg,0.40939729097703687,False
sample_10134.jpg,0.4574698103158523,False
sample_10135.jpg,0.4455978344044873,False
sample_10136.jpg,0.4565609832330093,False
sample_10137.jpg,0.4136253187365185,False
sample_10138.jpg,0.4006651598348816,False
sample_10139.jpg,0.420029991547336,False
sample_10140.jpg,0.408918274959278,False
sample_10141.jpg,0.38424017159123497,False
sample_10142.jpg,0.48277396351260865,False
sample_10143.jpg,0.4257065782965965,False
sample_10144.jpg,0.38674348616464144,False
sample_10145.jpg,0.4001321625873629,False
sample_10146.jpg,0.38053763079206965,False
sample_10147.jpg,0.4567983814617915,False
sample_10148.jpg,0.5067269640502187,False
sample_10149.jpg,0.41351806207441927,False
sample_10150.jpg,0.40238669126064697,False
sample_10151.jpg,0.41528271550854373,False
sample_10152.jpg,0.40354392308356124,False
sample_10153.jpg,0.4239777742803626,False
sample_10154.jpg,0.4533993596049721,False
sample_10155.jpg,0.39709503663727613,False
sample_10156.jpg,0.4782608409442156,False
sample_10157.jpg,0.4450392987283149,False
sample_10158.jpg,0.38945346686695037,False
sample_10159.jpg,0.45455047519944564,False
sample_10160.jpg,0.41262623068339177,False
sample_10161.jpg,0.37899920139749027,False
sample_10162.jpg,0.43043776881500895,False
sample_10163.jpg,0.3674489243500912,False
sample_10164.jpg,0.36333831880627115,False
sample_10165.jpg,0.4082133772632218,False
sample_10166.jpg,0.4010910153153948,False
sample_10167.jpg,0.3740578766151214,False
sample_10168.jpg,0.42751841865679197,False
sample_10169.jpg,0.3963910160719464,False
sample_10170.jpg,0.4833869196740229,False
sample_10171.jpg,0.39850597271901933,False
sample_10172.jpg,0.39446466804655705,False
sample_10173.jpg,0.42125996341921695,False
sample_10174.jpg,0.3970909782310387,False
sample_10175.jpg,0.40786948076612856,False
sample_10176.jpg,0.42706400301210035,False
sample_10177.jpg,0.4179643893272596,False
sample_10178.jpg,0.4055973029497166,False
sample_10179.jpg,0.41995500477235076,False
sample_10180.jpg,0.37709311822636205,False
sample_10181.jpg,0.4358837458566485,False
sample_10182.jpg,0.41883896726112907,False
sample_10183.jpg,0.4606607128421399,False
sample_10184.jpg,0.3735069992598508,False
sample_10185.jpg,0.4735456255635109,False
sample_10186.jpg,0.4255080761333645,False
sample_10187.jpg,0.49077700520138673,False
sample_10188.jpg,0.4130692861656688,False
sample_10189.jpg,0.416200699216465,False
sample_10190.jpg,0.4343504015997055,False
sample_10191.jpg,0.44350661751711407,False
sample_10192.jpg,0.42727567555911483,False
sample_10193.jpg,0.38374954398564515,False
sample_10194.jpg,0.3781724476404875,False
sample_10195.jpg,0.3880736885916077,False
sample_10196.jpg,0.48761259018356373,False
sample_10197.jpg,0.43629519507345904,False
sample_10198.jpg,0.4234682407345912,False
sample_10199.jpg,0.41810771585967516,False
sample_10200.jpg,0.45849710032011726,False
sample_10201.jpg,0.41652681850291784,False
sample_10202.jpg,0.46762359831732225,False
sample_10203.jpg,0.5490123736066598,True
sample_10204.jpg,0.38325364688130703,False
sample_10205.jpg,0.42142522545417327,False
sample_10206.jpg,0.38444855639333136,False
sample_10207.jpg,0.4268064462944928,False
sample_10208.jpg,0.4847437736212497,False
sample_10209.jpg,0.42744672294243474,False
sample_10210.jpg,0.48998819520060644,False
sample_10211.jpg,0.441078104630171,False
sample_10212.jpg,0.4392354601488185,False
sample_10213.jpg,0.39852035328931623,False
sample_10214.jpg,0.3921896886617403,False
sample_10215.jpg,0.401407125822297,False
sample_10216.jpg,0.4297720189468905,False
sample_10217.jpg,0.4457826993655557,False
sample_10218.jpg,0.41012110487578995,False
sample_10219.jpg,0.43462667191189047,False
sample_10220.jpg,0.4155379263531467,False
sample_10221.jpg,0.4493913627053015,False
sample_10222.jpg,0.43958811100552636,False
sample_10223.jpg,0.42353067902085306,False
sample_10224.jpg,0.43813762267520884,False
sample_10225.jpg,0.40955482713386654,False
sample_10226.jpg,0.40674961649475005,False
sample_10227.jpg,0.3848114959631725,False
sample_10228.jpg,0.39617212460667,False
sample_10229.jpg,0.4046558007173598,False
sample_10230.jpg,0.4471620171434633,False
sample_10231.jpg,0.4582180027278838,False
sample_10232.jpg,0.38988874797540296,False
sample_10233.jpg,0.39375790489887535,False
sample_10234.jpg,0.44505863687825076,False
sample_10235.jpg,0.3669747230307366,False
sample_10236.jpg,0.405326478598823,False
sample_10237.jpg,0.4093453521395444,False
sample_10238.jpg,0.3711391316977966,False
sample_10239.jpg,0.4056810400378848,False
sample_10240.jpg,0.4496753105678002,False
sample_10241.jpg,0.3833884935712603,False
sample_10242.jpg,0.4561466427542662,False
sample_10243.jpg,0.44148674294809176,False
sample_10244.jpg,0.3819021543400738,False
sample_10245.jpg,0.4407647485231759,False
sample_10246.jpg,0.4300584459435988,False
sample_10247.jpg,0.40347432030820973,False
sample_10248.jpg,0.42205992187360103,False
sample_10249.jpg,0.408176123481487,False
sample_10250.jpg,0.41090233206405685,False
sample_10251.jpg,0.4153264114218991,False
sample_10252.jpg,0.4003151731778169,False
sample_10253.jpg,0.37386506346593285,False
sample_10254.jpg,0.41146088081594534,False
sample_10255.jpg,0.3982184391142656,False
sample_10256.jpg,0.42777610884187967,False
sample_10257.jpg,0.44528472100926064,False
sample_10258.jpg,0.39577099090671425,False
sample_10259.jpg,0.4743508103862671,False
sample_10260.jpg,0.46064267108992507,False
sample_10261.jpg,0.36636927546815107,False
sample_10262.jpg,0.39427377017135024,False
sample_10263.jpg,0.3803593589815745,False
sample_10264.jpg,0.4650670577171864,False
sample_10265.jpg,0.36515612027496824,False
sample_10266.jpg,0.3651634072445677,False
sample_10267.jpg,0.3981489833766928,False
sample_10268.jpg,0.401586759888604,False
sample_10269.jpg,0.4473689537089308,False
sample_10270.jpg,0.393098405777378,False
sample_10271.jpg,0.3848816264743454,False
sample_10272.jpg,0.4573828646922443,False
sample_10273.jpg,0.3913331389553887,False
sample_10274.jpg,0.3918280059677838,False
sample_10275.jpg,0.400212259612168,False
sample_10276.jpg,0.3651907491560654,False
sample_10277.jpg,0.4714280243481502,False
sample_10278.jpg,0.41522070359881197,False
sample_10279.jpg,0.43047385941386335,False
sample_10280.jpg,0.42631151206793133,False
sample_10281.jpg,0.44097348671436043,False
sample_10282.jpg,0.47554267336848927,False
sample_10283.jpg,0.45966829949027616,False
sample_10284.jpg,0.37655544973118193,False
sample_10285.jpg,0.3903898482357261,False
sample_10286.jpg,0.4394432373892008,False
sample_10287.jpg,0.38184168611638364,False
sample_10288.jpg,0.4308059812361024,False
sample_10289.jpg,0.4303278569632319,False
sample_10290.jpg,0.40174775735586443,False
sample_10291.jpg,0.4322883519363914,False
sample_10292.jpg,0.4316701413102541,False
sample_10293.jpg,0.4012301154658997,False
sample_10294.jpg,0.43431120788183303,False
sample_10295.jpg,0.386370178118232,False
sample_10296.jpg,0.4372559766594591,False
sample_10297.jpg,0.41711884263148574,False
sample_10298.jpg,0.48327102113475573,False
sample_10299.jpg,0.39437004859379027,False
sample_10300.jpg,0.38302855155796495,False
sample_10301.jpg,0.4593359733199977,False
sample_10302.jpg,0.36598086023242254,False
sample_10303.jpg,0.4420433345365825,False
sample_10304.jpg,0.42940152731672077,False
sample_10305.jpg,0.3869739219269968,False
sample_10306.jpg,0.38556229941939957,False
sample_10307.jpg,0.44504445634021544,False
sample_10308.jpg,0.45228961043156685,False
sample_10309.jpg,0.3891868019724641,False
sample_10310.jpg,0.42934264257660576,False
sample_10311.jpg,0.4613327006120206,False
sample_10312.jpg,0.4724240512839951,False
sample_10313.jpg,0.3661452616104122,False
sample_10314.jpg,0.40515156314759226,False
sample_10315.jpg,0.41195053099666823,False
sample_10316.jpg,0.42034027553534187,False
sample_10317.jpg,0.3962074815925961,False
sample_10318.jpg,0.4353166658240621,False
sample_10319.jpg,0.4630067365355342,False
sample_10320.jpg,0.3791696657409971,False
sample_10321.jpg,0.42081643919680317,False
sample_10322.jpg,0.39589914320921543,False
sample_10323.jpg,0.44524882539901023,False
sample_10324.jpg,0.44047292069646377,False
sample_10325.jpg,0.4093508158728318,False
sample_10326.jpg,0.3981023417483411,False
sample_10327.jpg,0.4249466944415077,False
sample_10328.jpg,0.37975154801424355,False
sample_10329.jpg,0.5026244385720393,False
sample_10330.jpg,0.3785810616837934,False
sample_10331.jpg,0.44589562741604294,False
sample_10332.jpg,0.48697926233826755,False
sample_10333.jpg,0.43303955276453443,False
sample_10334.jpg,0.45231924304910176,False
sample_10335.jpg,0.39105784948746825,False
sample_10336.jpg,0.45231355788804223,False
sample_10337.jpg,0.4378519999573908,False
sample_10338.jpg,0.37993552905458683,False
sample_10339.jpg,0.4391101412302554,False
sample_10340.jpg,0.46826465961107683,False
sample_10341.jpg,0.384941670327702,False
sample_10342.jpg,0.44825487704675465,False
sample_10343.jpg,0.4066085250614521,False
sample_10344.jpg,0.4076410931475094,False
sample_10345.jpg,0.3966014716824741,False
sample_10346.jpg,0.3866409271931183,False
sample_10347.jpg,0.40442788341964664,False
sample_10348.jpg,0.4633962705590048,False
sample_10349.jpg,0.44479097426616787,False
sample_10350.jpg,0.4538001201564943,False
sample_10351.jpg,0.44626246544799464,False
sample_10352.jpg,0.49352597734477477,False
sample_10353.jpg,0.41371907687289544,False
sample_10354.jpg,0.4311562640408388,False
sample_10355.jpg,0.44049343319388395,False
sample_10356.jpg,0.4913804216066939,False
sample_10357.jpg,0.45874695331108556,False
sample_10358.jpg,0.3599249204110129,False
sample_10359.jpg,0.43609069414409674,False
sample_10360.jpg,0.38569431553065475,False
sample_10361.jpg,0.37081814660323703,False
sample_10362.jpg,0.427799444447241,False
sample_10363.jpg,0.4143469290008162,False
sample_10364.jpg,0.37198613489934484,False
sample_10365.jpg,0.4570548588843996,False
sample_10366.jpg,0.37227425375423234,False
sample_10367.jpg,0.48332163762237357,False
sample_10368.jpg,0.3736114780265205,False
sample_10369.jpg,0.39455814166427366,False
sample_10370.jpg,0.4363738411336552,False
sample_10371.jpg,0.44022478789146263,False
sample_10372.jpg,0.37938871264713003,False
sample_10373.jpg,0.39194328570717624,False
sample_10374.jpg,0.40816889802132844,False
sample_10375.jpg,0.41359823220015807,False
sample_10376.jpg,0.378055662949582,False
sample_10377.jpg,0.43712647581305264,False
sample_10378.jpg,0.39625521276313785,False
sample_10379.jpg,0.44419262392789527,False
sample_10380.jpg,0.4526287806659129,False
sample_10381.jpg,0.4017180360159648,False
sample_10382.jpg,0.412933797876813,False
sample_10383.jpg,0.3767833350176741,False
sample_10384.jpg,0.39538732133652676,False
sample_10385.jpg,0.3863313187617439,False
sample_10386.jpg,0.46594797997712956,False
sample_10387.jpg,0.46683073687883836,False
sample_10388.jpg,0.40488809581799,False
sample_10389.jpg,0.4276055257453086,False
sample_10390.jpg,0.38989257378232495,False
sample_10391.jpg,0.41952102102482386,False
sample_10392.jpg,0.42636789026741295,False
sample_10393.jpg,0.41644984555655734,False
sample_10394.jpg,0.3917996246379151,False
sample_10395.jpg,0.41453889118959536,False
sample_10396.jpg,0.40682043155849956,False
sample_10397.jpg,0.4128962360943559,False
sample_10398.jpg,0.4416642670422995,False
sample_10399.jpg,0.45050245821414237,False
sample_10400.jpg,0.43701484725838313,False
sample_10401.jpg,0.42265386806352123,False
sample_10402.jpg,0.4438382401550328,False
sample_10403.jpg,0.41981686558970543,False
sample_10404.jpg,0.41284534588062094,False
sample_10405.jpg,0.5046935604575638,False
sample_10406.jpg,0.37416677961162226,False
sample_10407.jpg,0.39492659330338953,False
sample_10408.jpg,0.4061181266518024,False
sample_10409.jpg,0.421844123240157,False
sample_10410.jpg,0.4754446574424052,False
sample_10411.jpg,0.44067115652129063,False
sample_10412.jpg,0.38553391734661885,False
sample_10413.jpg,0.4283447240049138,False
sample_10414.jpg,0.5227009704762348,False
sample_10415.jpg,0.3851791205989672,False
sample_10416.jpg,0.4141375241241469,False
sample_10417.jpg,0.3966986859801154,False
sample_10418.jpg,0.3883931364488588,False
sample_10419.jpg,0.42434360903126606,False
sample_10420.jpg,0.45299217323671215,False
sample_10421.jpg,0.47587403982251364,False
sample_10422.jpg,0.4168111957034323,False
